:020000040800F2
:1000000000040020B9010008BB010008BB01000882
:10001000BB010008BB010008BB010008BB010008D0
:10002000BB010008BB010008BB010008A1E00008FB
:10003000BB010008BB010008BB010008D3F30008A6
:10004000BB010008BB010008BB010008BB010008A0
:10005000BB010008BB010008C5F00008EDF0000876
:1000600015F100083DF1000865F10008BB0100082A
:10007000BB010008BB010008E9FA0008BB01000849
:100080008DF10008BB010008BB010008BB0100089E
:10009000BB010008BB010008BB010008BB01000850
:1000A000BB010008BB010008FDF6000811F70008BD
:1000B000BB010008BB010008D9F40008BB0100081F
:1000C000EDF40008F1F10008BB010008BB010008D5
:1000D000BB010008BB010008BB010008BB01000810
:1000E00072B6264880F30888254880F30988254899
:1000F00025490860022080F31488BFF36F8F0DF04C
:10010000BBFC0DF00BF94FF0553020491B4A9142D2
:100110003CBF41F8040BFAE71D49194A91423CBF24
:1001200041F8040BFAE71B491B4A1C4B9A423EBF9D
:1001300051F8040B42F8040BF8E700201849194A5B
:1001400091423CBF41F8040BFAE70DF099FC0DF029
:1001500094FC154C154DAC4203DA54F8041B884747
:10016000F9E708F0D3FA124C124DAC4203DA54F816
:10017000041B8847F9E70DF081BC00000004002053
:10018000000C00200000000808ED00E00000002046
:1001900000040020440D0108000C0020B0120020D3
:1001A000B0120020D44D0020E0000008E00000085C
:1001B000E0000008E000000892E700F000F8FEE729
:1001C0002DE9F04FC1F80CD0C3689D46BDE8F08F13
:1001D000002383F311882846A04700200DF066FE17
:1001E000FEE70DF097FD00DFFEE7000053B94AB9C6
:1001F000002908BF00281CBF4FF0FF314FF0FF302F
:1002000000F07AB9ADF1080C6DE904CE00F01AF8EF
:10021000DDF804E0DDE9022304B07047430803F091
:100220005533C01A830803F0333300F033301844D9
:1002300000EB101000F00F3000EB002000EB00404E
:10024000000E70472DE9F047089D0E4604468E4685
:10025000002B4CD18A429446B2FA82F362D953B150
:1002600002FA03FCC3F1200201FA03FE20FA02F2B3
:1002700042EA0E0E9C404FEA1C47BEFBF7F11FFA04
:100280008CF607FB11EE01FB06F0220C42EA0E424F
:1002900090420AD91CEB020201F1FF3E80F00E8170
:1002A000904240F20B8102396244121AB2FBF7F01D
:1002B00007FB102200FB06F6A4B244EA0244A64261
:1002C0000AD91CEB040400F1FF3280F0F980A64249
:1002D00040F2F6806444023840EA01400021A41B49
:1002E0001DB1DC400023C5E90043BDE8F0878B4227
:1002F00005D90DB1C5E9000100210846F5E7B3FABB
:1003000083F1002942D1B34202D3824200F2EE804F
:10031000841A66EB030201209646002DE5D0C5E95C
:10032000004EE2E7002B40F08C80881A0121170C68
:1003300096B2B0FBF7FE07FB1E00220C42EA004219
:1003400006FB0EF0904208D91CEB02020EF1FF38BA
:1003500002D2904200F2CC80C646121AB2FBF7F0ED
:1003600007FB102200FB06F6A4B244EA0244A642B0
:1003700008D91CEB040400F1FF3202D2A64200F2BD
:10038000B2801046A41B40EA0E40A9E7C1F1200745
:100390008B4022FA07FC4CEA030C26FA07FA4FEAD4
:1003A0001C48BAFBF8FE06FA01F308FB1EAA1FFA66
:1003B0008CF620FA07F400FA01F90EFB06F023434D
:1003C0001C0C44EA0A44A04202FA01F20BD91CEBCD
:1003D00004040EF1FF3A80F08480A04240F2818054
:1003E000AEF1020E6444241A98B2B4FBF8F308FB91
:1003F000134403FB06F640EA0444A64208D91CEB6A
:10040000040403F1FF3068D2A64266D9023B64447B
:1004100043EA0E40A41BA0FB02E6B4427346B0467A
:1004200052D34FD05DB1B9EB030264EB080404FA78
:1004300007F722FA01F31F43CC40C5E900740021FD
:1004400053E702FA03FCC3F12000C1404FEA1C4706
:10045000B1FBF7FE07FB1E1124FA00F09E4030436B
:10046000020C1FFA8CF642EA01420EFB06F19142A1
:1004700004FA03F409D91CEB02020EF1FF382ED264
:1004800091422CD9AEF1020E6244521AB2FBF7F13E
:1004900007FB112280B240EA024001FB06F28242D1
:1004A00008D91CEB000001F1FF3814D2824212D9A6
:1004B00002396044801A41EA0E413AE77146F4E697
:1004C000104609E7F145ADD2BEEB020366EB0C0620
:1004D0000138B046A6E74146ECE7034698E7C64632
:1004E000D3E7D6467FE7644402384BE7084614E773
:1004F000AEF1020E624430E7704700BF38B5124BD0
:1005000004461D682A6B1AB10023C2E9044338BDB2
:10051000182000F00BFA0246286378B100210B2363
:1005200001209381C2E90401084B0949094DC2E940
:10053000011300231560C2E9044338BD4621064B70
:10054000064800F053F800BF000C0020ECDE050068
:1005500034126DE60E33CDAB7C0C0108940C01080F
:1005600038B5194B1C68226B8AB113691749546955
:1005700003FB01F1164800FB0411A3FB003001331B
:1005800041EB0001C2E9043121F0004038BD1820E0
:1005900000F0CCF90246206388B1012400250B232A
:1005A0000A480C49C2E90445116001460A4D0B4C4A
:1005B00093810B4BC2E90154C2E9043138BD522189
:1005C000084B094800F012F8000C00202DF4515897
:1005D0002D7F954C0E33CDAB34126DE6ECDE05006D
:1005E0002E7F954C7C0C0108940C0108144600B534
:1005F0001A460A4B0D461B6885B0DE6803464CB1AF
:1006000007490191304607490294009500F0ACF982
:1006100000F040F804490C46F3E700BF000C00204E
:10062000C00C0108D00C0108CC0C010808B5134619
:100630000022FFF7DBFF00BF20F0030110F00300F2
:10064000C0F1000051F8043B00F1040C4FEACC0C5F
:100650006FF000021CBF22FA0CF213434FF0010CA2
:100660004CEA0C2C4CEA0C4CA3EB0C0222EA0302E1
:1006700012EACC1204BF51F8043B0430F4D0C2F1AA
:10068000000102EA0102B2FA82F2C2F11F0200EB9B
:10069000D2007047062008B500F078FD01200EF06A
:1006A00087FB00BF70B5860747D0541E002A3ED096
:1006B0000346CAB201E0013C39D303F8012B9D0780
:1006C000F9D1032C2CD9CDB205EB05250F2C1A46F8
:1006D00005EB054534D9A4F1100C2CF00F0603F1FD
:1006E000100EB6444FEA1C1CC2E90055C2E902557F
:1006F00010327245F8D10CF1010214F00C0F03EB2B
:10070000021204F00F0C13D0ACF1040323F0030326
:100710000433134442F8045B9342FBD10CF003040E
:100720002CB1C9B21C4403F8011BA342FBD170BD1C
:1007300064461346002CF4D1F9E703461446C0E79B
:10074000A446E1E788420ED98B1883420BD900EB0F
:10075000020C002A6DD0624613F801CD994202F8CE
:1007600001CDF9D170470F2A0FD8034602F1FF3CA3
:10077000002A5ED00CF1010C013B8C4411F8012BD6
:10078000614503F8012FF9D1704740EA01039B0747
:1007900050D1A2F1100370B501F1200C23F00F0528
:1007A00001F1100E00F11004AC441B095EF8105C5E
:1007B0000EF1100E44F8105C5EF81C5C103444F826
:1007C0001C5C5EF8185C44F8185C5EF8145CE64546
:1007D00044F8145CEAD1013312F00C0F01EB031161
:1007E00002F00F0400EB031328D08E46043C24F0E3
:1007F00003064FEA940C1E441C1F5EF8045B44F889
:10080000045FB442F9D10CF1010402F0030203EBDE
:10081000840301EB840102F1FF3C4AB10CF1010CAD
:10082000013B8C4411F8012B614503F8012FF9D1EC
:1008300070BD7047034602F1FF3C9BE72246EAE7A2
:10084000844641EA000313F0030349D1403A23D31D
:100850000B6803604B6843608B688360CB68C36040
:100860000B6903614B6943618B698361CB69C36128
:100870000B6A03624B6A43628B6A8362CB6AC36210
:100880000B6B03634B6B43638B6B8363CB6BC363F8
:1008900040304031403ADBD230320BD30B6803603A
:1008A0004B6843608B688360CB68C3601030103145
:1008B000103AF3D20C3205D351F8043B40F8043B14
:1008C000043AF9D2043208D0D2071CBF11F8013B18
:1008D00000F8013B01D30B8803806046704700BFDE
:1008E000082A13D38B07B1D010F00303AED0C3F1A5
:1008F0000403D21ADB071CBF11F8013B00F8013BCF
:10090000A4D331F8023B20F8023B9FE7043AD9D345
:10091000013A11F8013B00F8013BF9D20B78037062
:100920004B7843708B78837060467047024B01466A
:10093000186800F0CBBE00BF000C0020024B01463F
:10094000186800F043BF00BF000C00200CB400B5D5
:1009500083B004AB53F8042B019300F083F803B089
:100960005DF804EB02B070470EB400B5074A82B0E0
:1009700003AB0146106853F8042B019300F072F8A2
:1009800002B05DF804EB03B0704700BF000C00201C
:10099000032A30B415D941EA0004A40784460B4663
:1009A00004D0541E0FE0043A032A08D919466046C1
:1009B00053F8044B5CF8045BA542F4D0F1E76046C1
:1009C0001946541E7AB1431E0139021901E09A42B8
:1009D00009D013F8010F11F801CF6045F7D0A0EB53
:1009E0000C0030BC7047002030BC70479368013B5E
:1009F000002B936005DAD2F818C0634507DB0A299B
:100A000005D01368581C106008461970704700F034
:100A100063B900BF9BB1F8B5134406460F46541E98
:100A20005D1E01E0AC4208D03A46304614F8011F82
:100A3000FFF7DCFF431CF5D1F8BD0020F8BD002016
:100A4000704700BF936810B514461BB918460023C1
:100A5000636010BD00F08EF90023A3600023636083
:100A600010BD00BF2DE9F04FA1B08B4691461C464A
:100A7000049018B1036A002B00F01381BBF80C300E
:100A8000180740F18E80DBF81030002B00F08980D1
:100A9000002343F220020D9399F800300127824E83
:100AA0000794ADF83920002B73D04D4603E015F8BC
:100AB000013F002B7FD0252BF9D1B5EB090A7DD161
:100AC0002B78002B65D000234FF0FF320135CDE9A4
:100AD000092308930B938DF863301E9306E0254697
:100AE000089B801B07FA00F0034308932C4605225D
:100AF00014F8011B304601F0DDF9A1460028EED1C3
:100B0000089BD90644BF20228DF863201A0748BFEE
:100B10002B22297848BF8DF863202A2964D1079AAF
:100B20001168043200290792C0F296800B9169780F
:100B30002E296FD05D4C0322204601F0BBF938B15D
:100B40004022089B001B8240134309F101090893CE
:100B500019F8011B062256488DF8381001F0AAF941
:100B600000287FD0534B002B69D007A900915A462B
:100B70000498514B08A9AFF300800390039B013305
:100B800007D00D9B039A13440D9399F80030002B66
:100B90008BD1BBF80C305B060AD40D9821B0BDE8B0
:100BA000F08F5946049800F091FE00283FF470AF92
:100BB0004FF0FF30F2E7B5EB090AEAD009F1FF3850
:100BC00005954546DDF8108001E0A2453ED92C464A
:100BD0005A46404615F8011FFFF708FF023401305E
:100BE000A4EB0904F1D1D4E7A1F13002092A88BFAE
:100BF000A9469DD80B9B00E00134217803EB8303C9
:100C000002EB4303A1F13002092AF5D92E29A146AE
:100C10000B938FD199F801102A292DD1079B09F147
:100C200002001A680433002A0793B8BF4FF0FF335D
:100C300099F8021009928146B8BF09937AE7079B99
:100C4000073323F00703083307939AE70D99059DAF
:100C500051442B780D9134E7494243F002030B9144
:100C6000089364E707A900915A460498124B08A913
:100C700000F052FF039081E70023A1F13002092A1E
:100C800009F1010909933FF655AF19F8011F03EB6C
:100C9000830302EB4303A1F13002092AF5D909933A
:100CA00048E700F0F9FBE9E6000D0108080D01082E
:100CB0000C0D010800000000150A00088C4600B564
:100CC00086461346034A714610685DF804EB624697
:100CD000FFF7C8BE000C0020F8B506460D461446C6
:100CE00010B1036A002B37D0A269A389A2601A074A
:100CF00019D52369BBB122686169D31AEDB2994253
:100D00002F4620DD0133A1680139A160511C21600B
:100D1000157062699A420DD0A389DB0701D50A2DAF
:100D200008D03846F8BD2146304600F0CFFD38B92E
:100D30002369E0E72146304600F060FC0028F0D04F
:100D40004FF0FF37EDE72146304600F057FC002812
:100D5000F6D101232268D6E700F09EFBC4E700BF6E
:100D600003460A46024908681946FFF7B5BF00BFA7
:100D7000000C00209368002B00F0F0802DE9F04F6C
:100D8000B1F90CC090461CF0080F81460C4683B0A8
:100D90002BD00B694BB31CF00207D8F8006032D09F
:100DA0004FF0000A5546D4F828B0216AAB4FC5B1C0
:100DB000BD422B46524628BF3B464846D8470028EE
:100DC00040F3C280D8F8083082441B1A2D1AC8F8A4
:100DD0000830002B00F0AE80D4F828B0216A002D36
:100DE000E6D1D6E900A50836E1E72146484600F0FD
:100DF0006DFD002840F0AD80B4F90CC0D8F800605B
:100E00001CF00207CCD11CF0010A63D157462368BD
:100E1000A16818468B46002F58D01CF4007F00F0C4
:100E2000B180B9420A4600F2DD801CF4906F2FD0E9
:100E3000216962695D1A02EB420202EBD2726B1CFD
:100E400052103B44934292BF93469B461A461CF471
:100E5000806F00F0E6801146484600F037FC00281D
:100E600000F0F5802A4621690190FFF7E9FCA2898C
:100E7000019B22F4906242F08002A2815819C4F8CA
:100E800014B0ABEB05053A46BB462361A560206074
:100E90003D46002751460192FFF754FCA1682368A4
:100EA000019AA1EB0B011A44A1602260D8F8083026
:100EB000AA445B1BC8F80830002B3BD02368A1680C
:100EC00018468B46B4F90CC0002FA6D1D6E900A76E
:100ED00008369EE73846BB463D46002D40D00028E8
:100EE00045D03A46D4E904C32068AA4228BF2A461E
:100EF0006045A16804D901EB030A524500F38280E2
:100F0000934272DC5A464846216AD4F828C0E0472A
:100F1000B0F1000A18DDB7EB0A070FD00120D8F8AE
:100F20000830D344A3EB0A03A5EB0A05C8F8083040
:100F3000002BD2D1002003B0BDE8F08F21464846F7
:100F400000F05CFB0028EAD0B4F90C3043F0400319
:100F5000A3814FF0FF3003B0BDE8F08F0020704751
:100F6000756833460836002DFAD0D3F800B02A460B
:100F70000A21584600F09EFF002865D00130A0EB02
:100F80000B07AEE722699A4214D36569BD4211D8B6
:100F90006FF00043BB4228BF3B4693FBF5F352463C
:100FA00005FB03F34846A56A216AA847051ECBDD69
:100FB0007F1B7BE7B94228BF39460D46184651468C
:100FC0002A46FFF7BFFBA1682368491B2B44A16099
:100FD00023600029ECD12146484600F00FFB002891
:100FE000E6D0B1E7BB463A4652E759460192FFF7D1
:100FF000A9FB019AA36892469B1AA3602368134435
:10100000236088E759465246FFF79CFB2368214638
:1010100053444846236000F0F1FA00283FF47BAFC8
:1010200092E7484600F0B4FC034600287FF426AF60
:101030004846216900F0CAFB0C22B4F90C30C9F80B
:10104000002023F0800381E76A1C17464AE70C2240
:10105000B4F90C30C9F8002078E700BF00FCFF7F2E
:1010600038B5C46B0CB1002038BD8021054600F0B6
:101070002DFB0246E86330B1031F7C3243F8044F76
:101080009342FBD1EFE74FF0FF3038BD30B51F2959
:10109000054683B008D8C36B0C4653B153F82400FF
:1010A00043F8242003B030BD162303604FF0FF3017
:1010B000F8E78021019200F009FB019A0346E863FA
:1010C0000028F3D0011F00F17C05002041F8040F37
:1010D000A942FBD1E2E700BF1F2938B505461ED85B
:1010E000C26B0C466AB152F8213053B1012B06D0C5
:1010F000591C10D00021204642F8241098470020A7
:1011000038BD284600F088FF224601462846BDE843
:10111000384000F06DBF162301202B6038BD162328
:101120004FF0FF302B6038BD1F292BD838B5C36B6B
:101130000C460546A3B153F8242003EB84034AB1BF
:10114000511C0BD0012A07D0002520461D60904776
:10115000284638BD012038BD032038BD022038BDE7
:10116000802100F0B3FA0346E86340B100201A1F63
:1011700003F17C0142F8040F8A42FBD1DBE74FF018
:10118000FF3038BD4FF0FF30704700BF38B5134B0C
:101190001F281D681DD8EA6B044662B152F8203042
:1011A0004BB1012B05D0591C0FD0002142F8201063
:1011B0009847002038BD284600F02EFF2246014601
:1011C0002846BDE8384000F013BF162301202B60ED
:1011D00038BD16234FF0FF302B6038BD000C0020C7
:1011E000114B1F2870B51E6808D8F36B04460D46D6
:1011F0004BB153F8240043F8245070BD16233360DC
:101200004FF0FF3070BD8021304600F05FFA03469A
:10121000F0630028F4D00021021F7C3042F8041F44
:101220008242FBD1E5E700BF000C002038B50B4B34
:101230001D68EC6B0CB1002038BD8021284600F001
:1012400045FAE86338B1031F00F17C0243F8044F0C
:101250009342FBD1EFE74FF0FF3038BD000C002088
:1012600038B5174B1F281D6826D80446E86BA0B177
:1012700050F8242000EB84034AB1511C0BD0012A02
:1012800007D0002520461D609047284638BD012024
:1012900038BD032038BD022038BD8021284600F02B
:1012A00015FAE86340B10021031F00F17C0243F806
:1012B000041F9342FBD1DBE74FF0FF3038BD00BF86
:1012C000000C002000207047024A0349034800F048
:1012D000DBBA00BF500C0020FD150008040C0020F4
:1012E0000C4B416810B59942044601D000F086F9D4
:1012F000A168094B994202D0204600F07FF9E168CD
:10130000064B994204D02046BDE8104000F076B963
:1013100010BD00BFB0120020181300208013002061
:10132000002070472DE9F84300250423294C2A4961
:101330000822C4F8381104F15C002946DFF89C90BB
:10134000DFF89C80274F284EC4E90335C4E90055D7
:10135000C4E90555A5606566FFF7A4F9234B08228B
:10136000294604F1C4006367C4E90849C4E90A874F
:10137000C4E91A55C4E91E5526632567C4F8CC5044
:10138000C4F88050FFF78EF9194B2946C4F8DC30B9
:10139000082204F1680304F59670C4F88830C4E9A3
:1013A0002398C4E92576C4E93455C4E93855C4F80E
:1013B000D850C4F83451C4F8E850FFF773F904F179
:1013C000D003C4E93D98C4E93F76C4F8F030BDE8E5
:1013D000F88300BFB0120020C91200084D1F00089A
:1013E000751F0008B51F0008D91F0008090001007B
:1013F00012000200F8B5254B0646D3F83831002B11
:101400003CD0234FD7E90134013B04D51DE05A1CE1
:1014100004F1680419D0B4F90C50013B002DF6D149
:101420001C4B08222946C4E90155C4E90455E36070
:1014300065662560A56104F15C00FFF733F9C4E936
:101440000D55C4E912552046F8BD3D680DB12F4633
:10145000D8E74FF4D671304600F038F9044680B131
:1014600004230560294625460C304FF4D072A06055
:101470006360FFF717F93C602F46C3E7FFF752FFA1
:10148000BFE70C2338603360DDE700BFB0120020F7
:10149000500C00200100FFFF036A03B17047044BAA
:1014A000044AD3F838310262002BF7D13AE700BF83
:1014B000B0120020E1120008704700BF704700BF63
:1014C0000020024A024900F0DFB900BF500C0020A2
:1014D000C51200080020024A024900F0D5B900BF39
:1014E000500C002021130008F8B5B1F90C300C465F
:1014F0001E07074639D44A68002A53DDE56A002DE5
:1015000031D000223E683A6013F48052216A55D1EE
:1015100001233846A847451C024663D0B4F90C3075
:10152000E56A216A580705D56368D21A636B0BB167
:10153000236CD21A00233846A847421C40D0002210
:10154000236962602360A389DB0400D56065616B59
:101550003E6041B104F14403994202D0384600F0A4
:1015600035F9002363630020F8BD0E69002EFAD020
:101570009B0718BF00230D6808BF4B690E60AD1BA9
:101580008B600CE02B463246D4F828C03846216ADE
:10159000E047B0F1000CA5EB0C05664406DD002D1C
:1015A000F0DCE0E70A6C002AA8DCDCE7B4F90C30D8
:1015B00043F040034FF0FF30A381F8BD626DB1E707
:1015C0003968B4F90C301D29F2D80B4ACA40D50746
:1015D000EED50022626022692260DA04B7D50029C4
:1015E000B4D0B4E73B68002B98D01D2B01D0162B4C
:1015F000DCD13E60B7E700BF010040200B69B3B10A
:1016000010B5044682B008B1036A5BB1B1F90C3081
:1016100013B9002002B010BD204602B0BDE8104052
:10162000FFF762BF0191FFF737FF0199EEE7002056
:10163000704700BFB8B138B50D4A03690446156854
:101640002BB10DB12B6A53B1B4F90C300BB900209A
:1016500038BD21462846BDE83840FFF745BF28463B
:10166000FFF71AFFF0E7034A0349044800F00CB9FA
:10167000000C0020500C0020FD150008040C002078
:1016800070B5114E054633680C46BBB1214628465D
:101690000DF072FB431C01460CD0C41C24F0030463
:1016A000A04205D02846611A0DF066FB013001D03A
:1016B000204670BD4FF0FF34204670BD19460DF036
:1016C0005BFB3060E2E700BFEC1300202DE9F8433C
:1016D000CD1C25F0030508350C2D38BF0C25002D39
:1016E000064618DBA94216D8DFF8DC8000F056FB6E
:1016F000D8F80420A2B1144603E0636822467BB107
:101700001C4623685B1BF8D40B2B1FD894426368DC
:1017100054D053600CE00C2333600020BDE8F88304
:1017200029463046FFF7ACFF431C044619D005603C
:10173000304600F035FB04F10B00231D20F00700BC
:10174000C21A1CBF1B1AA350BDE8F883611994424A
:10175000256014BF5160C8F80410635163684B6082
:10176000E6E7D8F804701FB33C467F68002FFBD132
:1017700023683946304604EB03090DF0FDFA814534
:1017800016D123683046ED1A2946FFF779FF01305C
:101790000ED02368D8F804202B442360536883B10B
:1017A000A34203D01A465B689C42FBD10023B0E7FA
:1017B0000C233046336000F0F3FAAEE7C8F804308B
:1017C000B6E7C8F80470B3E7EC130020002950D046
:1017D00038B551F8043C0C1F002BB8BFE41805467F
:1017E00000F0DCFA274A13682BB1A3420CD9216818
:1017F000601883422CD0284663601460BDE83840EE
:1018000000F0CEBAA3420FD81A465B68002BF9D17C
:1018100011685018844217D02CD363605460284656
:10182000BDE8384000F0BCBA11685018A04214D08E
:1018300020D8216860188342EFD118685B6808449B
:10184000C4E900035460EAE723680B441360E6E749
:1018500018685B6808442060CDE720680144501890
:1018600083421160DBD1D3E900040144C2E90014D2
:10187000D5E770470C2328462B60BDE8384000F0C0
:101880008FBA00BFF01300202DE9F8434FF0000994
:1018900080460F461646D6E90154013D10D4A3896F
:1018A000012B08D9B4F90E30013304D0214640464B
:1018B000B84749EA0009013D6B1C04F16804EED108
:1018C0003668002EE7D14846BDE8F88338B52F4B7F
:1018D00005461B680C4613B11A6A002A4BD0B4F9AE
:1018E0000C3018071CD5226922B313F0010107D070
:1018F00000206169A0604942A1613AB1002038BD71
:10190000980758BF6169A160002AF7D1190658BF2E
:101910001046F4D543F04003A3814FF0FF3038BDAB
:10192000D9062CD55A0712D4226943F00803A381A3
:10193000002ADAD103F42071B1F5007FD5D0214619
:10194000284600F02FFAB4F90C302269CDE7616B1C
:1019500051B104F14402914204D02846FFF736FF0A
:10196000B4F90C30002262630021226923F02403C1
:10197000C4E90021D9E71846FFF78EFDAFE7092239
:1019800043F040032A60A381C7E700BF000C00209A
:101990002DE9F041144641B30AB306460D4600F066
:1019A0001FFB8442074602D8B4EB500F13D82146E0
:1019B0003046FFF78BFE804650B1BC422246294696
:1019C00028BF3A46FEF73CFF29463046FFF7FEFEA9
:1019D0004046BDE8F081A8464046BDE8F081A046FB
:1019E000FFF7F4FE4046BDE8F0811146BDE8F04146
:1019F000FFF76CBE2DE9F84F92461F460A698B68C7
:101A00000C469A42B8BF1A46CAF8002091F84330F3
:101A10000646DDF8289013B10132CAF8002022688A
:101A200091065FD5DAF800300233CAF80030226838
:101A300012F0060F11461DD1E1689942D8BF114638
:101A400018DD4FF0000804F1190B05E0E568DAF83D
:101A50000030ED1A45450CDD01235A463946304623
:101A6000C847013008F10108F0D14FF0FF30BDE860
:101A7000F88F216894F84330003B18BF01238A0691
:101A80000AD53021E21882F8431094F845105A1C08
:101A90002244023382F843103946304604F14302AF
:101AA000C8470130E1D0D4E902202368DAF80050B9
:101AB00003F00603042B21691BD08A4220DD4FF07E
:101AC0000008521A904400251A3401E0454517DAFF
:101AD0000123224639463046C847013005F1010549
:101AE000F4D1C2E712F0060F0DD0003B18BF01235E
:101AF000D2E7401B8A4220EAE078E2DC0028E2DC00
:101B00000020BDE8F88FE168DAF800309942D8BFCC
:101B1000114696DCAEE700BF2DE9F04717460A7E76
:101B200084B00C46064698460C9D01F1430C002AF1
:101B300035D0A2F15803D9B2202969D8202B67D813
:101B4000DFE813F0E60066006600660066006600E7
:101B500066006600660066006600AC007000660005
:101B6000660066006600700066006600660066003B
:101B700021008300C60066006600B6006600830090
:101B800066006600EC002B682268181D61692860F9
:101B900010061B6802D4520600F1E0801960002391
:101BA000E14623613B4621463046CDF8008003AA3A
:101BB000FFF720FF013020D04A46394630462369DE
:101BC000C047013019D02368E0689B07DDF80C900E
:101BD00018D5484516DD002504F1190A04E0E0682F
:101BE000A0EB0903AB420DDD0123524639463046D6
:101BF000C047013005F10105F1D14FF0FF3004B0CD
:101C0000BDE8F0874845B8BF484604B0BDE8F08756
:101C1000012084F8422004F142090023206184F865
:101C20004330BFE72A682368111D1806296002D4D3
:101C3000590600F195801068014600286268C0F2DC
:101C400093804FF00A0E534815E020682B6810F07F
:101C5000800F53F8041B02D1400648BF89B26F2A97
:101C600014BF4FF00A0E4FF0080E4A482B600023B5
:101C7000626884F84330002AA26051DB236823F0B5
:101C80000403236000294BD1002A7BD1E146BEF139
:101C9000080F56D0ACEB0903236183E72A680120C3
:101CA000116804322A6004F1420984F84210B4E752
:101CB0002B6800211A1D2A60D3F8009062684846FC
:101CC00000F0F8F8002863D0A0EB09006060A4E7FA
:101CD000236843F02003236078222F4884F84520AE
:101CE0002A6813F0800F52F8041B03D113F0400F41
:101CF00018BF89B22A60DA0744BF43F0200323608B
:101D000019B9236823F0200323604FF0100EAEE7CB
:101D10005823204884F845302368E1E72368DBE74F
:101D20007546E146B1FBF5F30A4605FB131A194661
:101D300010F80A30AA4209F8013DF3D2BEF1080FAB
:101D4000A8D12368DD07A5D5626823699A42A1DC82
:101D5000302309F1FF3989F800309BE719801EE72D
:101D6000B2F90010084668E72D20002AA26084F826
:101D7000430002DB23F0040323600A250548AE4636
:101D80004942CEE7037804F1420984F842307EE705
:101D9000606842E7140D0108280D0108704700BF74
:101DA000704700BF70B5B1F90C300C46990796B07A
:101DB00007D5012204F14703C4E90432236016B0B9
:101DC00070BDB4F90E100546002929DB6A460CF0F7
:101DD000E0FF002822DB4FF480612846019EFFF7D8
:101DE00075FC88B3A38906F4704643F08003A38191
:101DF0004FF48063B6F5005FC4E904032060DED1D0
:101E00002846B4F90E100CF0D0FF0028D7D0A389D3
:101E100023F0030343F00103A381D0E7B4F90C30AE
:101E200013F0800F14BF40264FF4806628463146D9
:101E3000FFF74CFC40B1A389C4E9040643F08003DA
:101E40002060A38116B070BDB4F90C309A05B6D4E9
:101E5000012123F0030304F1470243F00203C4E924
:101E60000421A3812260AAE770B50C46B1F90E10D7
:101E7000154600291E4696B00FDB6A460CF089FF16
:101E800000280ADB019B4FF4806203F47043A3F542
:101E90000053B3FA83F35B0907E0A289002312F031
:101EA000800F14BF40224FF48062002033602A600C
:101EB00016B070BD5FFA81FC810744D00346511E05
:101EC00022B909E09A0709D0013905D318460278EA
:101ED00001336245F6D17047002070471846032948
:101EE0000CD80029F8D00346014401E08B42F3D01E
:101EF000184613F8012B6245F8D1704710B50CEB6A
:101F00000C24024604EB044402E00439032915D9E9
:101F1000104652F8043B6340A3F1013E2EEA03034E
:101F200013F0803FF1D00346014401E08B4208D01A
:101F3000184613F8012B6245F8D110BD1046002950
:101F4000F1D1002010BD1146C9E700BF10B50C4605
:101F5000B1F90E100CF005FF002803DB636D03449C
:101F6000636510BDA38923F48053A38110BD00BF16
:101F7000002070472DE9F0410C46B1F90C101F46C6
:101F8000CB05054616460BD421F48051A1813B4672
:101F900032462846B4F90E10BDE8F0410CF0E8BE18
:101FA000B4F90E10022300220CF0E0FEB4F90C107C
:101FB000EAE700BF10B50C46B1F90E100CF0D6FEE2
:101FC000B4F90C30421C0EBF23F4805343F4805309
:101FD0006065A38110BD00BFB1F90E100CF0CABE40
:101FE00051F8043C181F002BBCBF0B58C018704799
:101FF00070B50026074D0446084611462E600CF0C9
:10200000DFFE431C00D070BD2B68002BFBD023608B
:1020100070BD00BFF41300200CF0DABE014B187045
:10202000704700BF16140020014B1878704700BF9E
:10203000171400200023024A1370024A13607047ED
:102040001414002004140020012208B5064B1A7055
:102050000022064B1A70FFF7EDFF054B1878BDE81C
:10206000084004F0E5BD00BF171400200014002054
:102070001614002008B50023054A1370054A137092
:10208000FFF7D8FF044B1878BDE8084004F0DCBD2A
:102090001714002000140020161400200F4B10B558
:1020A0001B7873B1E03807280BD80D4C4A79237898
:1020B00042B11BB90B4B187804F0C6FD23780133ED
:1020C000237010BD013BDBB22370002BF9D1BDE8BA
:1020D0001040044B187804F0ABBD00BF171400206B
:1020E00015140020161400203D4B1B68A3F5FC437B
:1020F000403B2D2B72D8DFE803F0171A1C1E20225C
:102100002426282A2C2E4630323436383A3C3E409B
:10211000424244484A4C4E50525456585A5C305FE2
:1021200061636567696B6D6F2E480AF057B92E4879
:10213000FBE72E48F9E72E48F7E72E48F5E72E484B
:10214000F3E72E48F1E72E48EFE72E48EDE72E485B
:10215000EBE72E48E9E72E48E7E72E48E5E72E486B
:10216000E3E72E48E1E72E48DFE72E48DDE72E487B
:10217000DBE72E48D9E72E48D7E72E48D5E72E488B
:10218000D3E72E48D1E72E48CFE72E48CDE72E489B
:10219000CBE72E48C9E72E48C7E72E48C5E72E48AB
:1021A000C3E72E48C1E72E48BFE72E48BDE72E48BB
:1021B000BBE72A2004F074BA2C48B6E72C48B4E7F1
:1021C0002C48B2E72C48B0E72C48AEE72C48ACE7E7
:1021D0002C48AAE72C48A8E72C48A6E7704700BF80
:1021E0001014002021030108220201083503010810
:1021F0004A0301085F030108B9010108BB01010896
:10220000BD010108BF01010862030108C101010805
:10221000C3010108CB010108CD010108D00101086B
:10222000D3010108D6010108D9010108DC01010828
:10223000DF010108D8020108E2010108E4010108F8
:10224000E6010108E4020108E8010108EB010108C8
:10225000EE010108F1010108F4010108F70101088C
:10226000FA010108DE020108FD010108000201086F
:102270000302010806020108090201080C02010814
:102280000F020108120201081502010818020108D4
:10229000084B1B686BB1084A12783AB147F66E6278
:1022A00093420CBF8B208A2004F0FAB903480AF04D
:1022B00095B870470C14002000140020FE0201089D
:1022C00047F66E629A4B1B68934240F08E80994BA2
:1022D0001B68A3F5FC43403B2D2B00F2BB81DFE8DC
:1022E00013F02E00310033003500370039003B0079
:1022F0003D003F004100430045005B0047004900AE
:102300004B004D004F00510053005500570059003D
:10231000350037005D005F00610063006500670005
:1023200069006B006D00B9016F00720074007600E7
:1023300078007A007C007E00800082002E007E48BB
:102340000AF04CB87D48FBE77D48F9E77D48F7E7A0
:102350007D48F5E77D48F3E77D48F1E77D48EFE705
:102360007D48EDE77D48EBE77D48E9E77D48E7E715
:102370007D48E5E77D48E3E77D48E1E77D48DFE725
:102380007D48DDE77D48DBE77D48D9E77D48D7E735
:102390007D48D5E77D48D3E77D48D1E77D48CFE745
:1023A0007D48CDE77D48CBE77D48C9E77D48C7E755
:1023B0007D48C5E77D48C3E77D48C1E77D48BFE765
:1023C0002A2004F06DB97C48BAE77C48B8E77C481D
:1023D000B6E77C48B4E77C48B2E77C48B0E77C4885
:1023E000AEE77C48ACE77C48AAE747F66F629342C9
:1023F00040F030814F4B1B68A3F5FC43403B2D2B35
:1024000000F2288101A252F823F000BF3F23000808
:1024100045230008492300084D23000851230008E4
:1024200055230008592300085D2300086123000894
:1024300065230008692300086D230008992300081C
:1024400055260008C5240008C9240008CD2400082A
:10245000D1240008D5240008D9240008DD24000870
:10246000E1240008E5240008E92400084D230008C1
:10247000ED240008F1240008F5240008F9240008E0
:10248000FD2400080125000805250008092500088D
:102490000D250008112500081525000855260008FF
:1024A000192500081D2500082125000825250008FC
:1024B000292500082D250008492600084D2600087A
:1024C0005126000845483BE7454839E7454837E786
:1024D000454835E7454833E7454831E745482FE764
:1024E00045482DE745482BE7454829E7454827E774
:1024F000454825E7454823E7454821E745481FE784
:1025000045481DE745481BE7454819E7454817E793
:10251000454815E7454813E7454811E745480FE7A3
:1025200045480DE745480BE7454809E7454807E7B3
:102530000C140020101400201A02010818020108CF
:102540001C0201081E0201082002010824020108E1
:102550002C020108360201083E0201084602010869
:1025600048020108520201085A020108E702010864
:102570005D020108600201086402010867020108A7
:102580006A0201086D020108700201087302010865
:10259000E6010108760201088402010879020108B7
:1025A0007C020108800201088302010886020108FA
:1025B000890201088C0201088F020108C10101088B
:1025C00092020108610201089502010898020108BF
:1025D0009B0201089E020108A1020108A402010851
:1025E000A7020108AA020108AD020108D4020108ED
:1025F000B0020108B3020108B6020108B9020108DD
:10260000BC020108BE020108C1020108C40201089F
:10261000C7020108CA020108CD020108A20201088E
:10262000D0020108D3020108D7020108DB02010829
:10263000DD020108E0020108E3020108E6020108E8
:10264000E90201087D020108034879E6034877E6BC
:10265000034875E6704700BFEC020108EF0201086D
:10266000F202010808B50AF0A7F90122024B18602E
:10267000024B1A7008BD00BFFC130020F8130020A5
:102680002DE9F8434FF00109674F06460D46C7F89C
:1026900000900AF091F9A6F5FC426B790446A2F18C
:1026A000400080B2002B72D0604D2D282B7832D89C
:1026B000DFF87C81042B06D8DFE803F02A03261517
:1026C0002800FFF711FD01225A4B1A705A4B1E6069
:1026D00045F6C050A8F80040FFF7C4FF00200023D3
:1026E0003B60BDE8F883554BB8F800201B889A1A68
:1026F000E31A92B29BB29A4204D2FFF7E1FD0123A2
:102700002B70E0E7FFF7F0FC0423F9E7FFF7D8FDB3
:1027100085F80090D7E76E3A92B2012A1FD8DFF809
:102720001C81042B06D8DFE803F0131803110700FF
:10273000FFF7AEFD424BCAE73D4BB8F800201B88BF
:102740009A1AE31A92B29BB29A4204D2FFF7B8FDEA
:1027500002232B70EEE7FFF79BFD0323F9E700212F
:10276000344A042B117005D8022B0DD8012B05D04B
:10277000022B06D000232B700120B0E7FFF7B4FC3A
:10278000F8E7FFF785FDF5E7FFF79AFDF2E72F2859
:10279000F2D8264D2B78013B032B9FD8DFE803F0BE
:1027A000020A112E244B1B689E4297D1FFF79CFC16
:1027B000002319E0224B1B689E428FD1FFF768FD72
:1027C000F6E71D4B1B689E4210D11C4B184A1B8814
:1027D0001288E41A9B1AA4B29BB2A3420BD3132C07
:1027E00009D8FFF781FC02232B7077E7144B1B6895
:1027F0009E427FF473AFFFF763FDD9E7104B1B6870
:102800009E420FD10A4B0D4A1B881288E41A9B1A6C
:10281000A4B29BB2A342EED3132CECD8FFF738FD41
:102820000123E1E7044BE2E7041400201414002024
:102830000A140020001400201014002008140020A6
:102840000C1400200C4B10B51B685BB90B4C2378A3
:10285000042B05D8022B0CD8012B04D0022B05D059
:102860000023237010BDFFF73FFCF9E7FFF710FDD1
:10287000F6E7FFF725FDF3E7041400201414002009
:1028800010B5094C23786BB1084B18880AF099F8F9
:1028900040F2DB53984205D900232370BDE8104075
:1028A000FFF7D0BF10BD00BFF8130020FC130020BD
:1028B00047F67A62904270B507D847F66F62904249
:1028C0001BD8E1282BD0E52845D0944C237823B1A0
:1028D000E52003F08DFE00232370914C237823B173
:1028E000E12003F03DFE002323708E4C2378002B63
:1028F0003AD0E52003F034FE2BE0A0F5FC4071381F
:102900004B79092838D8DFE810F09F0019016801D9
:10291000C10110026E02C6021B037F03C1034E7980
:10292000814C46B17D4D2B78E3B1E52003F060FE8C
:1029300000232B7016E07A4D2B7813B103F010FEB4
:102940002E70784D2B7823B1E52003F009FE00238B
:102950002B70002307E04E79744C3EB16F4D2B78FD
:10296000002BE3D101232370012070BD6C4D2B7827
:10297000002BE6D0E120E1E7002B3CD06A4B6B4D09
:102980001B786B4CE3B101266A4BE1201E7003F00B
:102990002FFE634B1E702B782BB1E52003F028FE31
:1029A0000122604B1A70637A13B12F2003F020FECE
:1029B0002F2003F0D5FD01225D4B5A720020D4E791
:1029C0002E78012316B15B4A1370E6E75A4A534D3D
:1029D00013702B781BB1E52003F00AFE2E702378CC
:1029E00013B11F2003F004FE1F2003F0B9FD0122E4
:1029F0004F4B1A70E2E74F4A1178B9B14C4C137043
:102A0000637A13B12F2003F0F3FD00256572444C67
:102A100023781BB1E12003F0A3FD2570414C2378FE
:102A200023B1E52003F09CFD00232370424B1A786C
:102A3000002AC3D000253E4C1D70237813B11F20FF
:102A400003F0D6FD2570B9E7002B3CD0364B374D4F
:102A50001B78374C5BB92E780123FEB1354A537091
:102A6000E52003F0C5FD01222E4B1A700AE0012675
:102A7000304BE1205E7003F0BBFD294B1E702B78BC
:102A8000002BEDD1E37913B12E2003F0B1FD2E2000
:102A900003F066FD0122264BDA718FE7264A1F4DAF
:102AA00053702B781BB1E52003F0A2FD2E706378E4
:102AB00013B1232003F09CFD232003F051FD0122DC
:102AC0001B4B5A707AE71B4A5178B9B1184C5370B6
:102AD000E37913B12E2003F08BFD0025E571104C36
:102AE00023781BB1E12003F03BFD25700D4C2378CA
:102AF00023B1E52003F034FD002323700E4B5A78F8
:102B0000002A3FF45BAF0025094C5D70637813B178
:102B1000232003F06DFD657050E700BF34140020E2
:102B2000331400203214002019140020181400203F
:102B3000351400201A14002026140020002B31D058
:102B4000934B944C1B7813B9934B1E78A6B101227A
:102B5000924B934D9A702B7823B1E12003F000FD46
:102B600000232B708F4D2B78002BA0D0E52003F095
:102B7000F7FC00232B709AE701228B4B8B4D9A7048
:102B80002B781BB1E52003F033FD2E70A37813B131
:102B9000242003F02DFD242003F0E2FC01227D4BD4
:102BA0009A700BE77D4A917841B17A4C93706378C3
:102BB00013B1232003F01CFD002363707A4B9A7835
:102BC000002A3FF4FBAE0025724C9D70A37813B130
:102BD000242003F00DFDA570F0E6002B3BD06C4BDC
:102BE0006C4C1B7813B96C4B1E78F6B101226B4B01
:102BF0006B4DDA702B7823B1E12003F0B1FC002398
:102C00002B70684D2B7823B1E52003F0A9FC00233D
:102C10002B70E37A13B1342003F0EAFC342003F084
:102C20009FFC01225B4BDA72C8E601225E4B5F4DCE
:102C3000DA702B781BB1E52003F0DAFC2E70E37814
:102C400013B1252003F0D4FC252003F089FC0122D8
:102C5000504BDA70B2E6514AD17841B14D4CD37045
:102C6000E37A13B1342003F0C3FC0023E3724E4B2C
:102C7000DA78002A3FF4A2AE0025464CDD70E378F6
:102C800013B1252003F0B4FCE57097E6002B31D09A
:102C90003F4B404C1B7813B93F4B1E78A6B1012225
:102CA0003E4B3F4D1A712B7823B1E12003F058FCC5
:102CB00000232B703B4D2B78002BC0D0E52003F078
:102CC0004FFC00232B70BAE70122374B374D1A71A6
:102CD0002B781BB1E52003F08BFC2E70237913B108
:102CE000262003F085FC262003F03AFC0122294B24
:102CF0001A7163E6294A117941B1264C1371E378C0
:102D000013B1252003F074FC0023E370264B1A79DD
:102D1000002A3FF453AE00251E4C1D71237913B1D8
:102D2000262003F065FC257148E6002B40D0184BA7
:102D3000184C1B7813B9184B1E78A6B10122174BFB
:102D4000174D5A712B7823B1E12003F009FC0023C1
:102D50002B70144D2B78002BC0D0E52003F000FC25
:102D600000232B70BAE701220F4B104D5A712B78BC
:102D70001BB1E52003F03CFC2E70637913B12720D2
:102D800003F036FC272003F0EBFB0123637115E60B
:102D90001914002035140020181400201A140020E3
:102DA0003314002032140020261400203414002094
:102DB0008D4A517941B18D4C5371237913B126203D
:102DC00003F016FC00232371894B5A79002A3FF443
:102DD000F5AD0025854C5D71637913B1272003F0B3
:102DE00007FC6571EAE5002B3AD0824B7F4C1B78DB
:102DF00013B9814B1E78EEB101227B4B7F4D9A7146
:102E00002B7823B1E12003F0ABFB00232B707C4D2A
:102E10002B7823B1E52003F0A3FB00232B70237B49
:102E200013B1872003F0E4FB872003F099FB012313
:102E30002373C3E501226E4B724D9A712B781BB13F
:102E4000E52003F0D5FB2E70A37913B12D2003F0FC
:102E5000CFFB2D2003F084FB0122644B9A71ADE57A
:102E6000614A917941B1614C9371237B13B1872001
:102E700003F0BEFB002323735D4B9A79002A3FF4D5
:102E80009DAD0025594C9D71A37913B12D2003F000
:102E9000AFFBA57192E573B3564B544C1B7813B935
:102EA000554B1B78F3B101224F4B544DDA712B78FF
:102EB00023B1E12003F054FB00232B70504D2B78FD
:102EC00023B1E52003F04CFB00232B70A37A13B150
:102ED000332003F08DFB332003F042FB0122434BF0
:102EE0009A726BE50125424BE520DD7103F038FB5A
:102EF000444B1D70A8E73C4AD17941B13B4CD3719A
:102F0000A37A13B1332003F073FB0023A372384B71
:102F1000DA79002A3FF452AD0025344CDD71A379F3
:102F200013B12D2003F064FBA571364B1B78002BE9
:102F30003FF444ADE52003F05BFB0022314B58E544
:102F400043B32C4B2C4D1B78284C5BB92E780123B6
:102F5000AEB1254A5372E52003F04AFB0122284B0B
:102F60001A7056E60126204BE1205E7203F040FB0A
:102F7000224B1E702B78002B3FF44BAEEBE71C4A24
:102F8000204D53722B78002BA0D0E52003F030FBAE
:102F90002E709BE7144A517AB9B1144C5372E37AFC
:102FA00013B1342003F024FB0025E572134C237881
:102FB0001BB1E12003F0D4FA2570114C237823B122
:102FC000E52003F0CDFA00232370094B5A7A002A3A
:102FD0003FF4F4AC0025054C5D72A37A13B13320A5
:102FE00003F006FBA572E9E41A1400203514002052
:102FF0002614002019140020181400203314002077
:1030000032140020341400202BB3414B414C1B7868
:1030100013B9414B1B78ABB10122404B404D9A7222
:103020002B7823B1E12003F09BFA00232B703D4D58
:103030002B78002B3FF4D3ACE52003F091FA00236A
:103040002B70CCE40125384BE5209D7203F088FA03
:10305000364B1D709AE5314A917A41B12D4C9372ED
:10306000237813B11F2003F0C3FA002323702E4BE3
:103070009A7A002A3FF4A2AC0025264C9D72A378D0
:1030800013B1242003F0B4FAA5704EE72BB3204B04
:10309000204C1B7813B9204B1B78ABB101221F4B7E
:1030A0001F4DDA722B7823B1E12003F059FA002387
:1030B0002B701C4D2B78002B3FF4E4ACE52003F083
:1030C0004FFA00232B70DDE40125174BE520DD725C
:1030D00003F046FA154B1D7065E4104AD17A41B1F0
:1030E0000C4CD372E37913B12E2003F081FA002344
:1030F000E3710D4BDA7A002A3FF460AC0025054CF1
:10310000DD72637A13B12F2003F072FA65720CE757
:103110001914002035140020181400201A1400205F
:103120003314002032140020261400203414002010
:10313000F7B504460D4608F085F82B4E2B4F7080EE
:10314000E0B285424ED90021294A0FE01CF801EB7C
:10315000BEF1FF0F01D0864518D00133DBB2092B39
:10316000F4D101310C2902F1090239D0944600232F
:10317000ECE7012906D1012B04D100227388ADF8B8
:10318000002015E07388ADF8000011E03A683AB30A
:10319000122000FB012232F8131032F81300090A42
:1031A00012F8133040BAE4D1002BEBD1ADF8003067
:1031B0008DF80230009805F099FEC0F307238DF8D2
:1031C0000400C0F307408DF805308DF806009DF827
:1031D000063020469DF804209DF8051006F088FB77
:1031E0000134ADE703B0F0BD5C0C00201C150020DD
:1031F000E90C0020032806D8D822504300F124010E
:10320000014805F031BB704742140020074B084AC3
:1032100010B51A600023074C2370607008F012F894
:1032200060806078BDE81040FFF7E4BF1C15002007
:10323000421400205C0C0020024B1878431E5842B8
:10324000584170475C0C002070B5114B1B78012B66
:103250001CD1104A126892B112244878097804FBF4
:1032600000220D4832F81140054630F8026BA642A4
:1032700007D103F0070335F8133022F8113001208D
:1032800070BD0133092BF0D10023F6E70020F7E7EA
:103290005C0C00201C15002078030108704700001A
:1032A0002DE9FF411D4B1B7893B3002201AC114661
:1032B000104606F089FB002527460A26DFF86080C5
:1032C0000A2241463846FDF7BBFA00F0FBFD0378C1
:1032D000EAB2B3FBF6F3934200D8E5B900F0F2FD91
:1032E0000378312B03D900239622194608E000F019
:1032F000E9FD03781D2B4FF00003F5D81A469621FF
:103300002078013506F0F4FA0A2D04F10104D7D132
:1033100004B0BDE8F08100231A46E6E78C3E0020A9
:10332000F5020108F8B50E4614460546314F00284F
:1033300040D009F009FB304B38601A69500402D5BF
:103340001A6911043DD41A69520402D41B691B0482
:1033500039D4294A136913F4804305D0136983F4DF
:103360000043C3F3C0335B003278062A96BF23497B
:103370000021895C224A15B91078984202D15D1A61
:1033800018BF0125022B13701FD0032B26D0012B51
:103390002DD10223337095B100F0FCFA00222146B2
:1033A00000F082F909F0D0FA164B186009F09EFA85
:1033B000012005E0386809F00BFB3228B9D800205D
:1033C000F8BD0323D0E70123CEE703233370002D9C
:1033D000F5D000F0DFFA00220621E1E70123337087
:1033E000002DECD000F0D6FA00221146D8E7002DCF
:1033F000E5D0D7E724150020000800408803010825
:103400002115002028150020014B1860704700BFCF
:103410002815002038B500F051FD244C027823789F
:103420009A4206D000F04AFD002203782370204B18
:103430001A6000F043FD0378022B16D0032B04D052
:103440000BB91B4A1360012038BD194C25689DB982
:1034500009F07AFA206000F09DFA044600F09AFA2A
:103460002A460146204601F059FC114C2068A8B9B3
:1034700009F06AFA2060E6E7284609F0A9FA47F25F
:103480002F539842F1D909F05FFA2060112000F023
:10349000CDFE44F620600AF00EFDE6E709F098FA4A
:1034A0004EF65F239842CED9E2E700BF20150020F8
:1034B0002815002013B58DF807100DF10701FFF74F
:1034C00031FF044608B9FFF7A5FF204602B010BD42
:1034D00020224FF480412DE9F0414A480BF008FFCB
:1034E00000BF00BF00BF00BF00BF00BF00BF00BFE4
:1034F00000BF00BF00BF00BF00BF00BF00BF00BFD4
:1035000000BF00BF00BF00BF00BF00BF00BF00BFC3
:10351000302585F3118803220E213A480BF008FF6D
:10352000002484F3118820224FF4004135480BF029
:10353000DFFE00BF00BF00BF00BF00BF00BF00BF75
:1035400000BF00BF00BF00BF00BF00BF00BF00BF83
:1035500000BF00BF00BF00BF00BF00BF00BF00BF73
:1035600000BF85F3118803220F2126480BF0E0FEEF
:1035700084F31188244B1B78BBB109254FF0010857
:10358000224E56F8041B4B1C0BD021F00F0701F004
:103590000F0108FA01F40122214638460BF0A8FE7B
:1035A000BC61013D15F0FF05EBD1002280214FF0F9
:1035B00080400BF09DFE00BF00BF00BF00BF00BFFA
:1035C00000BF00BF00BF00BF00BF00BF00BF00BF03
:1035D00000BF00BF00BF00BF00BF00BF00BF00BFF3
:1035E00000BF00BF00BF302383F3118801220721F1
:1035F0004FF080400BF09CFE002383F31188BDE860
:10360000F08100BF00080040121F00209003010855
:10361000072805D00E38012804D8072000F0B2BAD8
:103620000320FBE77047000008B54FF400124FF08D
:1036300080439A614FF000729A61084B1B785BB12E
:10364000112000F0F3FD44F620600AF034FCBDE8E0
:103650000840022000F096BA08BD00BF121F0020EB
:1036600010B5084C237863B100F092FA03380128B2
:103670009DBF0023032023700220BDE8104000F00E
:1036800073BA10BD121F002008B500F017FC0378B4
:10369000022B03D100F01AFC007808BD0020FCE7E3
:1036A00000F0FCBB70470000F8B50C461646054616
:1036B000F8B921BB154F3B78A34200D13EB100F0D1
:1036C000FDFB0323037000F001FC002303703C703A
:1036D00003F0B0FFACB1A5B900F0E0FB32462146E3
:1036E000284601F01BFB324621462846FFF7DAFF49
:1036F000F8BD0029DED1012000F0C8F9DAE7022088
:10370000FAE73146204600F0FFFDE7E738150020D4
:1037100037B500250446CDE9005500F0CFFB03780E
:10372000022B07D0084B2A4619780846FFF7BCFF42
:1037300003B030BD24B1082221466846FDF780F869
:10374000684600F0D9FCF3E7381500202DE9F04F6A
:103750008FB00E220021814602A8FCF7A3FF00F0E3
:10376000ADFB0378022B08D05A4B0022197808468B
:10377000FFF79AFF0FB0BDE8F08FB9F1000F00F02E
:10378000A2804FF01E0800252022494606A8FDF71A
:1037900057F8514F9DF819300DF119043B7014F88A
:1037A000010FFCF73BFD08F1FF38284418F0FF0833
:1037B000C5B2F4D1494E4FF0060BB2461AF8013F9C
:1037C0009BB300242246D3B29D420BD89AF8003016
:1037D000A34218BF8AF8008022E001331E2B04D1D7
:1037E0001C4607E000230DF1190111F8010F002814
:1037F000F3D0DCB204F138036B4413F81E0C0192D1
:1038000002F023FE40EAC404E4B2214606A808F010
:103810009CFF9AF80030019AA34202F10102D2D132
:103820000BF1FF3B1BF0FF0BC8D14946202206A835
:10383000FDF706F84FF000084FF001095FFA88F332
:103840009D420CD8264B24485B68984702A800F09C
:103850006CFC8FE701331E2B04D11C4607E00023CC
:103860000DF1190212F8011F0029F3D0DCB204F1A6
:1038700038036B4413F81E0C02F0E7FD40EAC40461
:10388000E4B2214606A808F060FF3246002312F891
:10389000011FA14202D021B93B449C7008F10108EC
:1038A000CCE70133062BF2D16F2CF7D80EAB03EB2C
:1038B000D40313F8302C04F0070409FA04F4144379
:1038C00003F8304CEAE7082249460348FCF7EAFED1
:1038D000B8E700BF38150020301500203115002052
:1038E000600C002037B50025044600958DF8045083
:1038F00000F0E4FA0378022B07D00E4B2A46197821
:103900000846FFF7D1FE03B030BD74B163788DF87F
:103910000030A3788DF80130E3788DF802306379B8
:103920008DF8033023798DF80430684600F042FCAE
:10393000E9E700BF3815002037B500250446ADF88B
:10394000065000F0BBFA0378022B07D0104B2A4632
:1039500019780846FFF7A8FE03B030BD002CFBD055
:10396000A278637843EA0223ADF80630813B022B4C
:1039700009D801220DF1060002FA03F3ADF8063072
:1039800000F004FCE8E70DF1060000F0E9FBE3E7D6
:1039900038150020014B1878704700BF38150020FB
:1039A0007047000010B5FFF7FBFF00F0BDF900F015
:1039B00097FA00F0DDFF00F083F8012803D1BDE89D
:1039C000104000F083B800F0C9F850B9054C2068E9
:1039D00004F04AF940F6B733984202D904F034F9BA
:1039E000206010BD2C150020FFF7DCBF70B5044629
:1039F00058B108F0A9FD0C4B834205D0184608F0D9
:103A00009DFD0122094B1A7070BD00F057FA037832
:103A1000022BF9D1044D20466B6898472046AB68CD
:103A2000BDE87040184700BF600C0020540F002014
:103A300038B5044688B108F087FD114C84421ED089
:103A40000122104B1A7000F051FF0F4809F00AFCD8
:103A50002046BDE8384008F071BD0B4B1B78042BA5
:103A600005D1074D6B6898472046AB6898470648D4
:103A70000AF0EDFE04480BF005FB00F03FFF38BDF7
:103A8000580F0020F63B0020804D002008B50B4A5F
:103A90001178814204D00128107002D0022806D08B
:103AA00008BDFFF7C5FF0020FFF7A0FFF8E70120E2
:103AB000FFF79CFF0020FFF7BBFFF1E7740C00202D
:103AC000014B1878704700BF740C002010B50D4BE7
:103AD0000D4C1B78052B11D1236813B904F0B4F8F1
:103AE0002060206804F0C0F840F6B733984207D948
:103AF00000232360BDE8104008F0EFBE00232360E0
:103B000010BD00BF804D00203C15002010B50B4CAF
:103B10002378052B10D1B4F84C309B0708D508F05A
:103B2000C3FE28B120460AF01DFF05480AF0C3F97C
:103B3000BDE8104008F0DABE10BD00BF804D002087
:103B4000A086010008B5044B1B78012B01D1FFF7BB
:103B5000DDFF012008BD00BF740C0020014B187868
:103B6000704700BF4C150020014B1870704700BF14
:103B70004C15002008B504F067F8014B186008BD2B
:103B800044150020014B1870704700BF42150020FB
:103B9000014B1878704700BF42150020302310B544
:103BA00083F3118800F04AFC002484F3118872B674
:103BB00000F058FD00F0D0FC04F0FAF884F311880E
:103BC00062B610BD014B1870704700BF4115002050
:103BD00010B5074C237828B11BB1FFF7CBFF0323A7
:103BE000237010BD002BFCD10122024B1A70F8E7A4
:103BF0004C15002041150020104B70B51D6800F0D9
:103C0000AFFE044620B900220D4B1A7000240DE0CF
:103C1000FFF7C0FE18B90B4B1B78042BF3D0002D17
:103C2000F4D0074E33781BB100233370204670BDAB
:103C300003F0F4FCA842E9D3F6E700BF48150020E2
:103C400041150020804D00200120704708B5FFF786
:103C5000FBFF38B1044B186804F006F8C72894BF7E
:103C60000020012008BD00BF44150020012070473E
:103C700008B5FFF7FBFF38B1044B186803F0F4FFF9
:103C8000C72894BF0020012008BD00BF44150020B4
:103C90000120704708B5FFF7FBFF38B1044B1868E7
:103CA00003F0E2FFC72894BF0020012008BD00BF39
:103CB000441500207047000008B507F03BFA0038B3
:103CC00018BF0120044B187007F01CFA08F005FE1D
:103CD000FFF7F0FF08BD00BF40150020002310B51E
:103CE000074C2370FFF7A0FCFFF758FF2378054A25
:103CF000022B18BF03231370FFF7B2FC10BD00BFE7
:103D0000421500204C15002008B5064B1B780BB15E
:103D100007F0DEF908F0EAFD01F0FAFFBDE808401F
:103D200003F088BC4015002010B5154C2378032BF8
:103D30001BD8DFE803F0020A131BFFF75DFFA0B1F9
:103D4000FFF718FF012323700FE0FFF77FFF60B13B
:103D5000FFF7B2FFFFF70EFF0223F4E7FFF788FF3C
:103D600018B1FFF707FFFFF7B9FF10BDFFF792FF8C
:103D70000028FAD0FFF7C8FFFFF7FCFE0023E2E7B8
:103D80004C150020054A064B06495A6011605160E7
:103D90009A60DA60002219611A707047341D0020A1
:103DA00050150020641500202DE9F041174C0E46F7
:103DB0006768A56807F59C784545E36804D19F428C
:103DC00006D10020BDE8F08105F108029342F7E733
:103DD0000F4B22699A1A312A9CBFA3F2CF73236139
:103DE000322EEED82369014632461846FCF728FDEC
:103DF000034645453344286023616B6002D1A760C8
:103E00000120DFE70835A560FAE700BF5015002064
:103E1000331D0020074A10B5D3689268934207D03B
:103E2000D3E90014641A2246FCF70AFD204610BDAF
:103E30000024FBE750150020074BDA6899688A4296
:103E400008D0596801F59C70824201D1D960704751
:103E50000832DA60704700BF50150020014B187817
:103E6000704700BF50150020014B1870704700BF0D
:103E7000501500200246002330B5441812F8015BAB
:103E80002B44A242DBB2F9D1435430BD012070472C
:103E900008B5FFF7FBFF08BD7047000008B54FF4F9
:103EA000E13008F0E1FFFFF76DFFBDE80840242294
:103EB00000210148FCF7F6BBC81E002000487047EF
:103EC000750C002000487047780C002000487047AF
:103ED000760C002018B111B189B208F0F5BF704717
:103EE00073B5FFF7BBFF03280FD8DFE800F04002EF
:103EF0002D3B774B186803F0B7FE0A2805D900223E
:103F00000220744B1A70FFF7AFFF734D734C08F02B
:103F1000E5FF002856D008F0CDFF2A68012A38D0E6
:103F2000022A3ED0002A5BD161282FD85F2804D80E
:103F3000A0F15A03DBB2032BE9D8012302222B6044
:103F4000674B20701A70E2E7624A13780133DBB2E4
:103F5000282B02D813700020D5E700231370FFF739
:103F60006BFFF8E7FFF768FF0020FFF77DFF5D4874
:103F7000FFF750FF01460028C7D05A48FFF7AAFFB5
:103F800003F062FE524B18600120BCE7AF28BED19F
:103F9000D3E70223524A2B6013786070013B137001
:103FA000B5E72378612B0FD163780D2B18D10A2840
:103FB00016D1FFF753FF012802D10320FFF754FF6A
:103FC00000232B6002B070BDAF2B09D16378602B4A
:103FD00006D103232B60424BA0700130187096E786
:103FE0003F49531C2B600B78A054013BDBB20B7094
:103FF000002B8CD11946394810F8016B013133443C
:104000008A42DBB2F8D8A25C9A422AD1032236490E
:1040100001A8FCF715FC032101A808F055FF204674
:104020002978FFF735FF0028CCD02378602B0AD8F9
:10403000592B16D95A3B062B13D8DFE803F0151974
:104040003A3E12124200AF2B0BD1A678202E08D197
:10405000264932462648FCF7F3FB31462448FFF751
:104060001BFF00232B6052E76278224B5A70F8E75F
:104070006378313B052BF4D801A252F823F000BF3E
:1040800099400008A1400008A740000863400008CC
:1040900063400008AD4000080122164B1A70E0E7AB
:1040A0000222144BFAE70322124BF7E70422114BCA
:1040B000F4E762780F4BDA70D3E762780D4B9A70B1
:1040C000CFE76078431E58425841FFF781FDC8E7AB
:1040D000801E00207C1E0020781E0020A41E0020D0
:1040E000741E0020C81E002000030108A71E002027
:1040F000841E0020750C00201FB50023019302933D
:10410000ADF80C30A123082201460DF105008DF811
:104110000430FCF795FB01A80921FFF7ABFE0A214B
:10412000FFF742FE05B05DF804FB30B5102585B001
:1041300004462A4600216846FCF7B4FAA2230E2260
:1041400021460DF101008DF80030FCF779FB68463F
:104150000F21FFF78FFE2946FFF726FE05B030BD81
:10416000002307B50193A323022201460DF10500A8
:104170008DF80430FCF764FB01A80321FFF77AFEF9
:104180000421FFF711FE03B05DF804FB002307B51F
:104190008DF80630A4238DF804300378022101A89D
:1041A0008DF80530FFF766FE0321FFF7FDFD03B034
:1041B0005DF804FB002307B50093ADF804308DF8DB
:1041C0000630A823052201460DF101008DF80030CC
:1041D000FCF736FB68460621FFF74CFE0721FFF788
:1041E000E3FD03B05DF804FB30B5054687B015224A
:1041F00000216846FCF756FA2846FCF71DFAC4B2BF
:10420000122C11D8A923224629460DF102008DF85F
:1042100000308DF80140FCF713FBA11C6846FFF746
:1042200029FE1521FFF7C0FD07B030BD002307B5FB
:104230008DF80630A6238DF80500022101A88DF81F
:104240000430FFF717FE0321FFF7AEFD03B05DF862
:1042500004FB30B50C468FB005463122002101A881
:10426000FCF720FA2E2C11D8AB23224629460DF15B
:1042700006008DF804308DF80540FCF7E1FAA11C2A
:1042800001A8FFF7F7FDE11CFFF78EFD0FB030BD71
:1042900030B50C468FB005463122002101A8FCF74D
:1042A00001FA2E2C11D8AC23224629460DF1060026
:1042B0008DF804308DF80540FCF7C2FAA11C01A866
:1042C000FFF7D8FDE11CFFF76FFD0FB030BD1FB544
:1042D000002304220293ADF80C30AD2340EA0140E4
:1042E00001900DEB02010DF109008DF80830FCF78B
:1042F000A7FA02A80521FFF7BDFD0621FFF754FD2F
:1043000005B05DF804FB000010B50C4606285CD82B
:10431000DFE800F0042C3740495209001120BDE8C5
:104320001040FFF783BF3020FFF780FF002C4CD0F8
:10433000264B9B782F2B12D808212548FFF789FFA1
:104340000B212448FFF7A4FF43F22D404EF2C64153
:10435000FFF7BDFF5220FFF769FF5120DFE7122171
:104360001D48FFF776FF18211C48EBE73120FFF7C7
:104370005DFF54B35220FFF759FF1948FFF734FF90
:10438000EBE73220FFF752FFFCB15220FFF74EFF60
:104390001448F3E73320FFF749FFB4B15220FFF789
:1043A00045FF1148EAE73420FFF740FF6CB1522087
:1043B000FFF73CFF0D48E1E73520FFF737FF24B159
:1043C0005220FFF733FF0A48D8E710BD750C0020D4
:1043D000040301080D030108B4030108C603010822
:1043E00019030108230301082D03010837030108FD
:1043F0004C03010810B5C4B20B2C0CBF02200120E5
:10440000FFF7C0FB2046FFF703F90AF04AFF4FF021
:10441000FF32014B5A6110BD001800400023054ACD
:104420000549C2E900130133102B02F10802F8D14B
:10443000704700BFE0490020F54300082DE9F04136
:10444000FFF7ECFF00254FF001083F4E56F8041B24
:104450004A1C0CD021F00F0701F00F0108FA01F4FB
:1044600021460522384624040AF042FFBC6101358A
:10447000EDB2092DEAD10C2401263027334D55F831
:10448000040B431C2ED000F00F01202206FA01F18C
:1044900020F00F000AF02CFF00BF00BF00BF00BFDC
:1044A00000BF00BF00BF00BF00BF00BF00BF00BF14
:1044B00000BF00BF00BF00BF00BF00BF00BF00BF04
:1044C00000BF00BF00BF00BF87F3118855F8040C80
:1044D000032200F00F0120F00F000AF029FF002353
:1044E00083F31188013C14F0FF04C8D122464FF435
:1044F000006117480AF0FCFE00BF00BF00BF00BF0C
:1045000000BF00BF00BF00BF00BF00BF00BF00BFB3
:1045100000BF00BF00BF00BF00BF00BF00BF00BFA3
:1045200000BF00BF00BF00BF302383F31188032208
:104530000B2107480AF0FCFE84F31188FEF7C8FF40
:10454000BDE8F0410AF08EBEE00301080404010852
:10455000000800407047000008B508F0DFFE124B6D
:104560004FF400619A6C114842F4C0629A649A6CEC
:104570009A6C42F480429A649A6CDA6C42F00802B7
:10458000DA64DA6C9A6C42F480529A649A6CDA6C4F
:1045900042F01002DA6440F28232DB6C0AF0A8FECC
:1045A000FFF7D8FF08BD00BF000C01400008004025
:1045B0004FF0E02238B51369012423F001031361A1
:1045C000224A234B5A6100220021930003F16043E9
:1045D00003F56143D3F80001CDB2012D94BF002053
:1045E00000F0010008B1C3F8804101312029F1D168
:1045F0000132082AE8D1174C636843F00073636006
:10460000154B1A6802F009021A601A6842F46C32FB
:1046100042F004021A6040F2B3321A620F4B43F0C8
:1046200001039847236943F00403236130BF0C4B17
:1046300043F0010398474FF0E022236923F004037D
:104640002361136943F00103136138BDFFFF0700C5
:104650000018004000ED00E000000140B00C002018
:104660007C0C0020FFF7A4BF0B8807B5A3F5FC4323
:10467000032B1FD8DFE803F002223D58374A012000
:1046800013789278C3F3420302F007020DF1070199
:104690008DF80730FEF746FE9DF80720042A09D85A
:1046A0001523D340D90705D5FFF774F90122114628
:1046B000FEF7FAFF002003B05DF804FB274A012053
:1046C00013789278C3F3420302F007020DF1070159
:1046D0008DF80730FEF726FE9DF80720042AE9D85A
:1046E0001523D340DA07E5D5FFF754F9012202215B
:1046F000DEE71A4A012013789278C3F3420302F0EE
:1047000007020DF107018DF80730FEF70BFE9DF84B
:104710000720042ACED81523D340DB07CAD5FFF7DC
:1047200039F901220321C3E70C4A0120137892785A
:10473000C3F3420302F007020DF107018DF80730C1
:10474000FEF7F0FD9DF80730DA1E012A01D9002B93
:10475000B0D1FFF71FF901220621A9E70048002088
:1047600008B540F282324FF400714FF080400AF0F9
:10477000BFFDBDE8084040F282324FF480614FF047
:1047800080400AF0B5BD000010B50A4C238803F044
:104790000E0363F0FE032380A37823F00F0343F09E
:1047A0000103A370FEF77AFD2068BDE8104002F017
:1047B000C1BE00BF00480020002310B586B08DF8B0
:1047C0000C3004938DF8143055238DF808300523F0
:1047D00004AC8DF809008DF80A108DF80B201946ED
:1047E000009402AA0F2003F03FFF06B010BD0000A6
:1047F00008B502F09CFE044B186018B9BDE80840EB
:10480000FFF7C2BF08BD00BF0048002008B5FFF792
:10481000EFFF012220214FF080400AF069FD06F0F1
:1048200011FD18B14FF0804320229A6101224FF40C
:1048300080714FF080400AF05BFD06F003FD20B16F
:104840004FF080434FF480729A6120224FF48041F0
:104850001F480AF04DFD20224FF400411C480AF089
:1048600047FD4FF400331B480122836102210AF007
:104870003FFD002280214FF080400AF039FD4FF4C7
:10488000004120224FF080400AF032FDFEF708FF81
:1048900008F05AF8104B186002F00EFF0F4B187812
:1048A0000009FEF7B3FC06F0B5FC0D4BC0F3072280
:1048B0001870C0F307405A709870FFF703FB094B5C
:1048C000027809491A700F20BDE8084003F0BEBE07
:1048D00000080040000400401C1F00200048002089
:1048E000FC470020903E0020E95C00084FF40032B5
:1048F000014B9A61704700BF000400400222014B47
:104900009A617047000400404FF080434FF400125A
:104910009A614FF080729A6107F0C4BF10B506F03B
:1049200091FC18B14FF0804320229A6106F08AFC76
:1049300020B14FF080434FF480729A61FFF72AF85C
:104940000446FFF727F8002201462046FEF7ACFE9A
:1049500007F0A9FF07F0F8FFBDE81040FEF754BDCF
:1049600008B5FFF717F8003818BF012008BD000090
:1049700038B5144D144C2868C8B108F029F86328DC
:1049800015D97020FFF752FC5520FFF74FFC572038
:10499000FFF74CFC0022217811F00E0F0CBF012014
:1049A0001046C1F34201FEF77FFE00232B60A27880
:1049B00021780020BDE8384002F00702C1F342012F
:1049C000FEF778BD1C1F002000480020574B37B56C
:1049D0001880A0F5FC400C46032800F2A480DFE814
:1049E00000F0023A5D80524A012013789278C3F3B6
:1049F000420302F007020DF107018DF80730FEF7C0
:104A000091FC9DF80720042A22D81523D340D9070A
:104A10001ED56579474C9DB1FEF7BCFF012805D036
:104A2000FEF7B8FF00220121FEF73EFE23785BB9B6
:104A300040F6B8303D4A404907F040F8207003E0A6
:104A4000207807F049F8257007F07EFFFEF7DCFCC0
:104A5000002003B030BD364A012013789278C3F3AA
:104A6000420302F007020DF107018DF80730FEF74F
:104A700059FC9DF80720042AEAD81523D340DA0709
:104A8000E6D565792B4C002DDAD0FEF783FF02289E
:104A9000CCD0FEF77FFF00220221C5E7244A012087
:104AA00013789278C3F3420302F007020DF1070175
:104AB0008DF80730FEF736FC9DF80720042AC7D88A
:104AC0001523D340DB07C3D565791A4C002DB7D029
:104AD000FEF760FF0328A9D0FEF75CFF0022032148
:104AE000A2E7134A012013789278C3F3420302F03D
:104AF00007020DF107018DF80730FEF713FC9DF852
:104B00000730DA1E012A01D9002BA1D16579094CA1
:104B1000002D95D0FEF73EFF062887D0FEF73AFF1E
:104B20000022062180E7012093E700BFFA1E002043
:104B300000480020F91E00206946000813B506F061
:104B400023FB0128374C0CD106F064FBC0F307238C
:104B500010F0FF008DF8053013D1DBB2C3B1032391
:104B6000237023780133DBB20B2B237020D1002379
:104B7000237006F0BFFA23782B4AD05C06F000FBC6
:104B800022E0782810D005D8282809D0502809D04C
:104B90000923E5E7A02809D0C828F9D10823DFE7D1
:104BA0000423DDE70523DBE70623D9E70723D7E75F
:104BB0000A2BDED106F02EFBFF21C0F307420020B6
:104BC00006F025FB06F0AEFA06F024FB2378C0F3CE
:104BD0000742092B24D8DFE803F01D2323050C0F1F
:104BE0001215181BFF21002002B0BDE8104006F08E
:104BF0000EBBFF212820F7E7FF215020F4E7FF211B
:104C00007820F1E7FF21A020EEE7FF21C820EBE7A5
:104C10000021E8E7FF2002B0BDE8104006F088BBA5
:104C2000C820F8E7F81E0020D80C0020FDF728BEA9
:104C30004FF0804238B51369224803F08001C3F376
:104C4000C01303701369204803F40042C3F3C03358
:104C5000037069B3002A0CBF642466241B4D2868C6
:104C600040BB07F071FE28602046FFF7DFFA5320B3
:104C7000FFF7DCFA01F070FA10B3154C206807F06A
:104C8000A7FEB0F5FA6F1BD907F05EFE2060FFF7B4
:104C900019F9104D03782B70FEF77CFE0446FEF7E1
:104CA00079FE2A7801462046BDE83840FFF784BDEA
:104CB0006524D3E707F08CFEB0F57A7FD1D8D9E729
:104CC00038BD00BF191F0020181F0020F41E00204F
:104CD000F01E0020903E002073B5154606461C4687
:104CE000019107F031FE084B03221860074B640066
:104CF0001E60074B01A91D60064B07481C60FBF7AF
:104D00009FFD02B070BD00BF0C1F0020001F0020DF
:104D1000081F0020041F0020FC1E0020F7B5524B86
:104D2000524D0E462F7814461A70FEF733FEC7F325
:104D30004207874213D0FEF72DFE2B7800F00700C4
:104D400060F343032B7003F00E032BB103289EBFC7
:104D5000AB7860F30203AB70286802F0EBFB711EC6
:104D600005297ED8DFE801F0031B2F43576BFF2393
:104D70006CB100228DF80630ADF804200123C82262
:104D80001120019903B0BDE8F040FFF7A5BF8DF8F1
:104D900006304FF4FA720123ADF80440F0E7FF2328
:104DA0004CB100228DF80630ADF804200123C82252
:104DB00012200199E6E78DF806304FF4FA720123CC
:104DC000ADF80440F4E7FF234CB100228DF8063023
:104DD000ADF804200123C82213200199D2E78DF8F1
:104DE00006304FF4FA720123ADF80440F4E7FF23D4
:104DF0004CB100228DF80630ADF804200123C82202
:104E000029200199BEE78DF806304FF4FA7201238C
:104E1000ADF80440F4E7FF234CB100228DF80630D2
:104E2000ADF804200123C8222A200199AAE78DF8B1
:104E300006304FF4FA720123ADF80440F4E7FF2383
:104E4000ADF804303CB10023C8228DF806300123B0
:104E50001420019996E701234FF4FA728DF8064069
:104E6000F6E703B0F0BD00BF101F0020004800208F
:104E700010B5FFF723F80378022B0CD0FEF78AFD5C
:104E80000446FEF787FD064B01461A782046FFF7D9
:104E900045FF012010BD01F014FB0020FAE700BF20
:104EA000101F002070B5164C2068D0B107F090FD9F
:104EB000144B154D1B68984208D2144B18682B6888
:104EC00013F0010313D11A46194614E007F03CFD14
:104ED0002B68206033B900232360FFF7C9FF002847
:104EE000EBD170BD013B2B60002BE6D1F3E7084905
:104EF0008B780A784978BDE8704004F0F9BC00BFAF
:104F00000C1F0020081F0020041F0020001F00208D
:104F1000FC1E0020F7B50C4C1D46237806461746AC
:104F2000019173B90123237007F00EFD6D006060DD
:104F3000032201A904F11100A760E5602674FBF7C4
:104F40007FFC03B0F0BD00BF943E002010B5134CB1
:104F500023780BB3606807F03BFDA368984210D339
:104F600007F0F2FCE36860603BB9002323706360E4
:104F70000023207C1A4619460AE0013BE360002B1F
:104F8000F3D0E368207CDB07F2D5E37C627CA17C74
:104F9000BDE8104004F0ACBC10BD00BF943E002042
:104FA000254B13B51C78B4B1244B25491A78254BF1
:104FB0001B785BB100230B60002A3AD01A46FF2110
:104FC0003F2002B0BDE8104004F092BC0B6082B3F9
:104FD000FF221946F4E7FEF775FF03780F2B26D85A
:104FE000FF238DF80640ADF80430FA2201233F205C
:104FF0000199FFF78FFFFEF765FF0378CBB9104CDF
:10500000236813B907F0A0FC2060206888B107F07E
:10501000DFFC4EF6602398420BD900230120236069
:10502000094B187002B0BDE81040FEF7CBBD044B31
:105030001C6002B010BD00BF191F0020111F00200E
:10504000EC1E0020181F0020121F00202DE9F34144
:1050500006461D46182000231746134A019100FBFF
:1050600003F112F801808C18B8F1000F17D1012359
:10507000535407F069FC6D006060032201A904F13C
:105080001100A760E5602674FBF7DAFBFF2E0ABF6C
:10509000064BC4F81480636102B0BDE8F0810133AF
:1050A000632BDCD1F8E700BFB43E0020315100088B
:1050B0001FB50024ADF800408DF80240009901238F
:1050C000FA223620FFF7C2FFADF804408DF8064003
:1050D00001990123FA224220FFF7B8FFADF80840FA
:1050E0008DF80A4002990123FA224320FFF7AEFF10
:1050F0000123FA224120ADF80C408DF80E400399AF
:1051000004B0BDE81040FFF7A1BF41F2100307B59E
:10511000ADF8043010238DF80630FA220323FF2067
:105120000199FFF793FF012003B05DF804FB000035
:105130001822124B82B002FB0030837C6E2B0ED102
:10514000427CC2B9C27CB2B9ADF804308DF80620F9
:105150000123FA22FF20019902B0FFF777BF53B96C
:10516000437C6E2B07D1C37C2BB9ADF804306F2381
:105170008DF80630ECE702B0704700BFB43E002067
:10518000094A0023114610B5147C844206D1182226
:1051900053430022C818C260CA5410BD0133632BA8
:1051A00002F11802F0D1F8E7B43E0020F7B5054649
:1051B0000C4600F0CFFD002876D0A04B1A783AB10B
:1051C00062792AB10022114610461A7004F0FCFBE5
:1051D000FEF774FE0378022B03D107F0B5FBFEF750
:1051E00013F945F223239D4207D047F621039D4240
:1051F00012D045F221239D4246D1677967B9FEF767
:105200001BF848B18E4E337823B1214628463770BB
:10521000FEF71AF80123337021462846FFF7D6FB24
:105220000646002840D0452D5ED81D2D3DD91E3D97
:10523000272D3AD8DFE815F0140230024602680242
:105240008602A002BA02D002E602FC02390039004E
:1052500039003900390012032803390039003900B8
:105260003900390039003900390039003900390076
:10527000E6000C0124013C0154016C0184019C01F5
:10528000B401CC01E401FC01FDF7D6FF0028C3D036
:10529000A5F5A443203B1F2BBED96379002BBBD0BF
:1052A00021462846FDF7D0FF0026304603B0F0BD6A
:1052B000A5F5F045213D092DF7D801A353F825F0B8
:1052C0004B5A0008AB520008AB520008AB52000822
:1052D000AB520008AB520008575900087959000832
:1052E0002B59000843590008B5F5F84F00F0F98232
:1052F00040D847F62A039D42D7D847F620039D425F
:10530000D6D8B5F5A44F00F0558316D8E32D00F09C
:10531000A983E72DC9D14B4D288801F0A6F80228B2
:1053200040F0BD83484B1B78DB06BED5FDF784FFFC
:105330000028BAD1E7206379A6E345F202239D4213
:1053400000F0608347F213039D42AED1FDF774FF76
:105350000028A9D16379002BA7D04FF4DC438DF846
:105360000600ADF80430FA220123FF200199FFF76F
:105370006DFE9AE747F603439D4200F0CD82A5F506
:10538000FC452B1F9BB2072B8FD8053D062D00F245
:10539000B182DFE815F08F038F02A002070016002C
:1053A00021002C006379E0202BB101F0D9F81D20F9
:1053B00001F0D6F879E701F01BF91D2001F018F98A
:1053C00073E76379E0201BB101F0CAF81B20EFE717
:1053D00001F00EF91B20F1E76379E0201BB101F029
:1053E000BFF80620E4E701F003F90620E6E7637959
:1053F000E0201BB101F0B4F81920D9E701F0F8F86A
:105400001920DBE7114B9B78DA067FF54EAF0D4D87
:10541000288801F02AF8022805D1637953B9AF2012
:1054200000F004FF40E7288801F01FF803287FF40C
:105430003CAFF2E7AF2000F0E3FE35E7131F00209A
:10544000AF3E0020641F00201C48002000480020C0
:105450008F4B9B78DB067FF528AF8E4D288801F0B7
:1054600004F8022803D1637943B9AA20D8E7288831
:1054700000F0FBFF03287FF418AFF4E7AA20DAE777
:10548000834B9B78DF067FF510AF824D288800F0B4
:10549000ECFF022803D1637943B9A920C0E728882B
:1054A00000F0E3FF03287FF400AFF4E7A920C2E790
:1054B000774B9B78DD067FF5F8AE764D288800F0B7
:1054C000D4FF022803D1637943B9A820A8E728882C
:1054D00000F0CBFF03287FF4E8AEF4E7A820AAE7AA
:1054E0006B4B9B78D8067FF5E0AE6A4D288800F0BC
:1054F000BCFF022803D1637943B9AD2090E7288827
:1055000000F0B3FF03287FF4D0AEF4E7AD2092E7BC
:105510005F4B9B78D9067FF5C8AE5E4D288800F0BA
:10552000A4FF022803D1637943B9AC2078E7288827
:1055300000F09BFF03287FF4B8AEF4E7AC207AE7D5
:10554000534B9B78DA067FF5B0AE524D288800F0B9
:105550008CFF022803D1637943B9AE2060E7288825
:1055600000F083FF03287FF4A0AEF4E7AE2062E7EB
:10557000474B9B78DB067FF598AE464D288800F0B8
:1055800074FF022803D1637943B9AB2048E7288828
:1055900000F06BFF03287FF488AEF4E7AB204AE706
:1055A0003B4B9B78DF067FF580AE3A4D288800F0B4
:1055B0005CFF022803D1637943B9B12030E7288822
:1055C00000F053FF03287FF470AEF4E7B12032E718
:1055D0002F4B9B78DD067FF568AE2E4D288800F0B6
:1055E00044FF022803D1637943B9B52018E728881E
:1055F00000F03BFF03287FF458AEF4E7B5201AE72C
:10560000234B9B78D8067FF550AE224D288800F0BA
:105610002CFF022803D1637943B9B22000E7288820
:1056200000F023FF03287FF440AEF4E7B22002E746
:10563000174B9B78D9067FF538AE164D288800F0B9
:1056400014FF022803D1637943B9B420E8E628881F
:1056500000F00BFF03287FF428AEF4E7B420EAE65D
:105660000B4B9B78DA067FF520AE0A4D288800F0B8
:10567000FCFE022809D0288800F0F7FE032804D099
:105680003A206379002B3CD035E0BE206379F9E7FE
:1056900000480020641F00209C4B9B78DB067FF5B0
:1056A00004AE9B4D288800F0E0FE022807D0288831
:1056B00000F0DBFE032802D03B206379E2E7BD2047
:1056C0006379DFE7914B9B78DF067FF5EEAD904D78
:1056D000288800F0CAFE022807D0288800F0C5FEFE
:1056E000032802D03C206379CCE76379E3202BB117
:1056F00000F036FF2B2000F033FFD5E500F078FFF7
:105700002B2000F075FFCFE5804B9B78DD067FF501
:10571000CCAD7F4D288800F0A8FE022807D028884D
:1057200000F0A3FE032802D03D206379AAE7637945
:10573000E3201BB100F014FF0820DCE700F058FF65
:105740000820DEE7714B9B78D8067FF5AEAD704D33
:10575000288800F08AFE022807D0288800F085FEFD
:10576000032802D03E2063798CE76379002B3FF455
:105770009BAD05F0D9FD97E5644B9B78D9067FF585
:1057800094AD634D288800F070FE022807D0288869
:1057900000F06BFE032802D03F20637972E7637943
:1057A000002B3FF481AD05F0ABFD7DE5574B9B78B9
:1057B000DA067FF57AAD564D288800F056FE0228AD
:1057C00007D0288800F051FE032802D040206379DA
:1057D00058E7AC20637955E74C4B9B78DB067FF5A7
:1057E00064AD4B4D288800F040FE022807D0288881
:1057F00000F03BFE032802D04120637942E7AE204F
:1058000063793FE7414B9B78DF067FF54EAD404D16
:10581000288800F02AFE022807D0288800F025FEFC
:10582000032802D0422063792CE7AB20637929E773
:10583000364B9B78DD067FF538AD354D288800F076
:1058400014FE022807D0288800F00FFE032802D09B
:105850004320637916E7A820637913E72B4B9B78E5
:10586000D8067FF522AD2A4D288800F0FEFD0228DB
:1058700007D0288800F0F9FD032802D0442063797E
:1058800000E7AA206379FDE6204B9B78D9067FF5D7
:105890000CAD1F4D288800F0E8FD022807D02888AD
:1058A00000F0E3FD032802D045206379EAE6A92051
:1058B0006379E7E66379002B3FF4F6AC134A9378FB
:1058C00083F01001C1F3001161F3041393701068A9
:1058D00001F030FEE8E462790E4B02B101221A7049
:1058E000E3E46379002B3FF4E0AC01F0FAFD07F04C
:1058F00087F8DAE4FDF7A0FC00287FF4D5AC6379E3
:10590000002B3FF4D1ACFFF719F9CDE4004800209B
:10591000641F0020111F002063796C4C1BB107F03D
:1059200013F82060C0E42360BEE46379002B3FF4E9
:10593000BCAC05F005FDD6287FF6B7ACFFF7B8FB89
:10594000B3E46379002B3FF4B0AC05F0F9FC5F28B9
:105950003FF6ABACF2E76379002B3FF4A6AC05F061
:10596000C9FB4FF0804320229A614FF480729A6104
:1059700005F0E6FC7728DFE76379002B3FF495AC70
:1059800005F060FC1E2811D84FF080434FF4001240
:105990009A614FF0807200249A61002320461A46D3
:1059A0001946013403F0A4FF442CF6D105F0C8FCDD
:1059B0001E28CDE76379002B3FF476AC00210E2042
:1059C000FFF7DEFB4FF6FF73414CADF804308DF866
:1059D0000630FA2203230F200199FFF737FB2088B6
:1059E00000F043FD022806D1002000F09CFC0020BE
:1059F00001F017F958E4208800F037FD03287FF400
:105A000053ACF1E76379002B3FF44EAC00210F203B
:105A1000FFF7B6FB4FF6FF732D4CADF804308DF851
:105A20000630FA2203230E200199FFF70FFB20888E
:105A300000F01BFD02283FF437AC208800F015FD74
:105A400003283FF431AC0220CFE76379002B3FF409
:105A50002CAC05F099FB1D287FF427AC1F2005F026
:105A60008FFB21E41A4D288800F0FFFC02280FD19B
:105A7000184B1B78DA067FF518ACFDF7DDFB002824
:105A80007FF413ACE320637983B100F0B9FB0CE43D
:105A9000288800F0EAFC03287FF407ACE8E72888B0
:105AA00000F0E3FC03287FF400AC3BE400F0BEFB15
:105AB000FFF7FBBB084B094A1B7813F00E0318BF16
:105AC000637903F001031370FFF7EEBB141F00208E
:105AD000641F00201C480020004800208C3E00204D
:105AE000F8B500252E461D4C237873B1606806F08A
:105AF0006FFFA368984212D306F026FFE368606048
:105B00004BB9636926706660C3B90135632D04F132
:105B10001804E9D1F8BD013BE360002BF1D0E36844
:105B2000207C13F0010311D0FF28A77C617CE37C6B
:105B300007D11A46384603F047FFE6E7E8B2984730
:105B4000E3E70A46394603F0D3FEDEE7FF281A46AC
:105B500002D119461846EEE71946F4E7B43E002094
:105B600010B586B000F0F8FAA0B1042200210DF1C2
:105B70000900FAF797FD002204AB04928DF8142077
:105B80000093DD2205238DF8082019460F2002AA74
:105B900002F06AFD00240F4B1C7001F021FD03F0A0
:105BA00075FE01F0BDFC0C4B188064F3C710187033
:105BB000188801F0B8FCFFF7A8FA40B106F0C4FE5F
:105BC000FDF722FC06B0BDE81040FEF71FBE06B090
:105BD00010BD00BFE80C00201C4800203A4B37B530
:105BE0001D7895B1962300248DF80630ADF8044059
:105BF000019803F07BF9C0F30742C1B2C0F307205C
:105C000003F0E2FE204603B030BD304C206840B1C6
:105C100006F0DEFE40F6B833984202D9FFF7A0FF47
:105C2000256006F0B1FC810705D5202302201A4625
:105C3000194603F05DFE264C208800F016FC022871
:105C40000ED0208800F011FC032809D0214B1B78CE
:105C5000DA0605D5202301201A46194603F048FE2E
:105C60001D4CFFF71FF9237863B91C4D286806F017
:105C7000AFFEB0F5FA6F16D90123237006F064FE6B
:105C8000286010E0164B1B786BB9FDF7D5FA38B9D0
:105C9000FFF75CF9FFF784F906F056FE0F4B18602A
:105CA0002378002BE1D0FFF71BFF0E4B9B78DB0620
:105CB00005D5962320201A46194603F019FEFDF754
:105CC000EFFA01209FE700BF131F0020141F0020E0
:105CD000641F00201C480020E80C0020E40C002079
:105CE0001A1F00200048002010B51C460B780846FB
:105CF000552B02D0DD2B08D010BD002289784078CA
:105D0000FDF7D2FC00232370F6E7FFF729FFF9E740
:105D100008B50D4B00209A78197802F00702C1F3FC
:105D20004201FDF7C7FB05F08DFA4FF0804328B123
:105D300020229A614FF480729A6108BD4FF40012DC
:105D40009A614FF08072F7E7004800200120FCF7CD
:105D500065B90000E1282DE9F04104460D4616D151
:105D60004A79A14B1A70FCF75FF900284AD1FCF779
:105D70005BF9002840F08C81FCF756F9002840F0D0
:105D8000C28129462046BDE8F041FCF791BDE528D7
:105D900002D14A79954BE5E747F67B63984215D0E7
:105DA00047F67C639842DED14B7923B38A2000F01A
:105DB00077FC902000F074FC05F044FAFF210246C5
:105DC000552005F021FAFCF73FF911E04B7993B12A
:105DD000FCF72AF990B140F2354000F04DFA05F099
:105DE00031FAFF210246AA2005F00EFAFCF742F92B
:105DF00000227F4B1A700020BDE8F081912000F056
:105E00004FFCECE7784F3B78002BB0D0774B1E78F7
:105E1000002EACD195F80580B8F1000FEBD0E12051
:105E200000F0E6FB0122724B382C1A707AD8032C52
:105E300007D83B7813B1E12000F092FB002E96D0FA
:105E4000D9E7231F342BF4D801A252F823F000BF66
:105E5000D15F00088160000879600008D95F000800
:105E6000AD5F0008DD5F0008E15F0008B95F000872
:105E7000C15F0008E55F0008656000086960000810
:105E80008960000885600008C55F0008C95F0008D8
:105E9000A55F0008B15F0008D55F0008B55F000886
:105EA000BD5F00087D600008A95F000875600008FC
:105EB000B95F0008716000086B5F0008755F00083B
:105EC000795F00087D5F0008815F0008895F000836
:105ED0008D5F0008915F0008955F0008995F0008DA
:105EE000335E0008335E0008335E0008335E00084E
:105EF000335E00089D5F0008A15F00087D5F000819
:105F0000815F0008CD5F0008335E0008715F000804
:105F10006D600008335E00088D600008696000084D
:105F20006B5F0008A4F5FC43A3F1400292B22D2A56
:105F30003FF67FAF413B2B2B17D8DFE803F01B1D4B
:105F40001F212527292B2D2F3147333537393B3D4D
:105F50003F4143451F21494B4D4F513D53939519A7
:105F600097999B9D9FA1A3A5A795224806F036FA75
:105F700046465EE72048F9E72048F7E72048F5E77E
:105F8000202000F08DFBF3E71E48EFE71E48EDE709
:105F90001E48EBE71E48E9E71E48E7E71E48E5E72D
:105FA0001E48E3E71E48E1E71E48DFE71E48DDE73D
:105FB0001E48DBE71E48D9E71E48D7E71E48D5E74D
:105FC0001E48D3E71E48D1E71E48CFE71E48CDE75D
:105FD0001E48CBE71E48C9E71E48C7E71E48C5E76D
:105FE0001E48C3E71E48C1E7211F0020201F0020D4
:105FF000001400201A020108180201081C020108FE
:106000001E020108240201082C02010836020108C0
:106010003E02010846020108480201085202010836
:106020005A020108E70201085D0201086002010846
:1060300064020108670201086A0201086D02010892
:106040007002010873020108E601010876020108E6
:1060500084020108790201087C020108800201081B
:10606000860201082E4881E72E487FE72A2088E72C
:106070002D487BE72D4879E72D4877E72D4875E7D0
:106080002D4873E72D4871E72D486FE72D486DE7E0
:106090002D4F3B78002B3FF46FAE2C4B1E78002E1B
:1060A0007FF46AAE95F80580B8F1000F3FF4A3AE17
:1060B000E52000F09DFA0122254B1A7047F6656332
:1060C0009C4217D00ED8192C19D01B2C12D0052C9D
:1060D00017D03B7813B1E52000F042FA002E3FF4D0
:1060E0004BAE88E647F667639C4208D047F6686384
:1060F0009C42EDE7174806F071F94646E9E70F487C
:10610000F9E71048F7E729462046FBF7C7FF29467D
:106110002046FCF7B5FA00287FF433AE6BE600BFEB
:10612000890201088C0201088F020108C1010108DF
:106130009202010861020108950201089802010813
:106140009B0201089E020108201F0020211F002041
:10615000001400207302010810B5054C00222046EF
:106160004FF4007109F0C4F82069C0F3402010BD5D
:106170000004004003280DD80B290BD8082A09D8A1
:106180006C2301EBC10103FB0010034B024433F805
:10619000120070470120704734040108FFF7EABF7E
:1061A000A0F58072B2F5F85F03461FD213F4805F4A
:1061B00000F4007103F48062C0F3002003F4006374
:1061C0000AD0000109B140F020000AB140F04000BF
:1061D0006BB140F08000704709B140F002000AB195
:1061E00040F004001BB140F00800704700207047E9
:1061F00010B50C46FFF7D4FF2346BDE81040184702
:10620000A0F1E003072B10B5044600D940B92046A1
:106210000449FFF7EDFFE0B2BDE8104000F0A0B97F
:106220000149F6E7B1660008D96A000810B50446CE
:10623000C0B200F0DDF9A4F1E003072B00D92CB9BE
:1062400003492046BDE81040FFF7D2BF0149F8E7F7
:10625000C3660008EB6A000838B505460C46FFF730
:10626000CFFF1CB92846FFF7E1FF38BD6420013C91
:1062700007F021FEA4B2F4E708B539280CBF50217D
:106280000021FFF7E9FF08BD0120704708B5FFF7BF
:10629000FBFF08BD704708B5FFF7FCFF08BD000015
:1062A00013B502AB03E903000F4B1B78B3B99DF89C
:1062B000053073B16AB100F055FD044601460098FF
:1062C00000F01EFD2046009902B0BDE8104001F02C
:1062D000A5BB009800F02EFD0446F3E7009800F0FF
:1062E00041FD0099F0E700BF281F0020034610B4CD
:1062F00000885C880A4640EA0440998810BCFFF791
:10630000CFBF10B504460121FFF7F0FF2146FFF78C
:10631000BDFF10BD10B504460021FFF7E7FF214681
:10632000FFF7B9FF10BD10B501248440E0B201F0C1
:10633000F3F8A0B2BDE8104000F047BC0120704760
:1063400008B5FFF7FBFF08BD10B5044600F0EEFBF3
:106350002046FFF7F5FFBDE8104046F2A81007F011
:10636000AABD08B50120FFF7EFFFBDE8084006F021
:1063700047BB08B50020FFF7E7FFBDE8084006F07F
:1063800065BB38B501210546FFF7B0FF2946044635
:10639000FEF70CFFB0B32946204606F081F888B31B
:1063A0002946204605F0D0FB60B32946204605F07B
:1063B000A5FB38B32946204605F030F810B36B79B9
:1063C0007BB147F65A439C4223D00ED847F601438F
:1063D0009C421BD047F603439C4215D0B4F5F84FBE
:1063E0000ED02846FDF7AEFB0DE047F65B439C421E
:1063F00012D047F65C439C42F3D101F05FF8F0E71E
:10640000FFF7AFFF002038BD01F06BF8FFF7B1FFD9
:10641000F8E701F05FF8E4E701F05FF8E1E708B5BD
:10642000FEF772FA04F068FD00F046F8BDE8084097
:10643000012004F019BE08B500F043F8002004F074
:1064400013FEBDE80840FEF769BA0246030906BF1D
:106450001846134604209A081EBF13460230C0B2E5
:106460005B081CBF0130C0B27047030A0ABF034675
:10647000082000201A091EBF13460430C0B29A0833
:106480001EBF13460230C0B25B081CBF0130C0B251
:10649000704701207047704738B50546FFF7F9FF90
:1064A000044610B12846FFF7F6FF204638BD704776
:1064B00008B5FFF7F1FF08BD08B50020FFF7F8FFAA
:1064C00008BD08B506F04CF8FFF7F2FF08BD000064
:1064D00010B506F045F8074B04461A78824207D0FB
:1064E000187006F031FA044B18602046FFF7E0FF01
:1064F00010BD00BF221F0020241F00201FB56C46C6
:1065000084E803009DF805300BB100F0D7FE0023AE
:10651000ADF80E3094E80300ADF80C10C9B202904B
:1065200002AC29B994E8030000F022FE04B010BDCB
:106530002046FFF7E6FE0028F4D1F7E70379012BA8
:1065400002D1008800F030BC704708B529B105F0D1
:106550005FFCBDE8084005F039BD05F0ABFCF8E78D
:1065600010B50446002840D0031FDBB2A02B0ED884
:1065700006F08AF820B1204606F010F900F036FF48
:10658000204606F0F1F8BDE8104000F02FBF00F102
:106590002003DBB2072B07D800F007040120A0403E
:1065A000C0B200F065FEEEE700F15B03DBB2022B48
:1065B00005D8BDE81040243880B206F005B800F1D7
:1065C0005803DBB21A2B06D8BDE81040074A32F850
:1065D000130006F015B83334E4B2122C05D805F0D8
:1065E00017FCBDE8104005F0F1BC10BD9407010890
:1065F00008B50346A0B3021FD2B2A02A05D806F000
:10660000CDF8BDE8084000F0F1BE00F12002D2B2A2
:10661000072A07D800F0070301209840C0B200F015
:106620002FFEEEE700F15B02D2B2022A04D8BDE8E9
:106630000840002005F0C8BF00F15802D2B21A2A63
:1066400004D8BDE80840002005F0DABF3333DBB2E0
:10665000122B05D805F02EFCBDE8084005F0B6BCAD
:1066600008BD000038B50C460546FFF779FF94B128
:1066700040F2E73309494FF47A72A4FB0141E01874
:1066800041F100010023F9F7B1FD07F014FC2846A1
:10669000FFF7AEFF38BD0120F7E700BFA08601007D
:1066A00008B539280CBF50210021FFF7DBFF08BDDA
:1066B00008B528B100F0DCFDBDE8084000F096BE4A
:1066C00008BD08B528B100F0DBFDBDE8084000F0CA
:1066D0008DBE08BD2DE9F843877980460C46457983
:1066E00000F0B6FD3F09064608B32E46FDB1C4F3DF
:1066F000072303F0F002402A0CD0E1B201F120029E
:10670000D2B2072A25D903F0E003202B02D10129B8
:106710001FD907B3A54B5E7816F0040607D00220F8
:1067200000F09CFE00F094FD80F00106F6B2C4F388
:1067300003330B2B3DD8DFE813F01000100054009A
:106740005400AE00C5003C003C00CA002D014201CF
:1067500042010026EBE73E46E9E7C4F30723C4F312
:1067600003270F2B88BF3F01E4B285B157B104F175
:106770002003DBB2072B384600D92CB900F078FD96
:1067800000F034FE20464CE000F088FDF8E720469B
:10679000FFF72EFF6FB104F12003DBB2072B384661
:1067A00000D914B900F06CFD01E000F07FFD00F0AD
:1067B0001DFE002E00F05B8100F042FD10F0010094
:1067C00040F0558188F8050000F034FD00F030FA03
:1067D000404600F063F900F02DFDBDE8F84300F0FD
:1067E00033BAC4F3072303F0F003C4F30329202BC7
:1067F000E4B218BF4FEA09192CB1012C34D0002D96
:106800003CD0DFB1BEE7694B5B78580714D45DB16B
:10681000B9F1000F04D0484600F02AFD00F0E6FD73
:106820000020FFF79DFEC4E72846FFF7E1FEB9F11F
:10683000000FBED04846B5E755B11FB94846FFF72F
:1068400037FFB6E7012FB4D1484600F057FDB0E757
:10685000002FAED14846FFF734FF484600F05CFDFC
:10686000484600F037FDA4E715B1052FA1D8E5E7AC
:10687000042F9ED84846FFF724FF9AE7002FF9D04F
:10688000392C0CBF4FF4FA50012007F014FB2046BE
:10689000FFF7AEFE8DE714F4406FC4F3812307D0F9
:1068A000012B86D165B1C4F3090005F0A9FE80E78C
:1068B00025B1C4F3090005F087FE7AE72846FAE718
:1068C0002846F2E72946E0B2FFF73FFE71E714F4ED
:1068D000407F2CD1EDB9E10648BF0F25C4F3421328
:1068E0004FEA8303DBB244BF9D40ED4304F00F0247
:1068F00002FA03F2C4F3812448BFADB292B2022C73
:1069000045EA02000DD0032C0ED0012C06D000F079
:1069100067F905F025FEFFF7CBFD4AE700F058F9CF
:10692000F7E700F065F9F4E700F04FF9F1E7C4F399
:1069300001221DB3D207ECD514F0100018BF0F20B0
:10694000C4F342134FEA8303DBB21CBF9840C04339
:1069500004F00F0202FA03F208BF0346C4F38124D5
:1069600018BF83B292B2022C43EA02000CD0032C6F
:106970000DD0012C05D000F085F9CAE7012AC8D94D
:10698000DAE700F077F9C4E700F084F9C1E700F036
:106990003DF9BEE7E7B2C4F303244DB1204600F051
:1069A00047F93846FFF784FEB3E700BF1C480020D4
:1069B0003846FFF786FE204600F046F9A9E75FFA61
:1069C00084F9A9F1F003042B38D8DFE803F00321A0
:1069D0000D141D0035B1042F9BD8C4F3042000F022
:1069E0003DF996E7052FF7E7C4F30420002DE3D126
:1069F00000F01EF98DE725B1C4F3042000F011F971
:106A000087E700F00BF984E71A4B5B785B0704D447
:106A1000C4F30420002DCFD0EAE72DB10321C4F345
:106A2000042000F0F9FC74E7012000F017FD012FAD
:106A30007FF66FAF022000F011FD6AE73DB11FB194
:106A40004846FFF78DFD64E7C4F30420D0E75FB14B
:106A5000B9F1390F0CBF4FF4FA50012007F02BFAAF
:106A60004846FFF7C5FD54E7C4F30420A4E7BDE89A
:106A7000F88300BF1C48002038B5018804464079DF
:106A800000F09EF9054600F00DF900F09DF829464A
:106A90002046BDE83840FFF71DBE0000037910B561
:106AA0000446B3B1FFF76DFC68B900F0D1FB80B1CB
:106AB000637973B1074B5B785B070AD5BDE810407B
:106AC000022000F0CBBC2046FFF7D6FF2046FFF7A0
:106AD00021FC10BD1C48002008B528B100F0DEFBE9
:106AE000BDE8084000F082BC08BD08B528B100F040
:106AF000DDFBBDE8084000F079BC08BD08B500200A
:106B000005F062FD002005F07BFD00F0D7FB00F0F2
:106B10006DFC05F077FABDE8084005F057BA08B5F6
:106B200005F056FEBDE80840FFF7E8BF08B500F0E5
:106B3000AFFBBDE80840FFF7F2BFC0F30333062BFD
:106B4000C2B213D094BF0E33063303F00F03012BF0
:106B500010D8F02A10D004D8E72A8CBF00200120DA
:106B60007047F42A14BF002001207047E72A03D998
:106B7000F12AF7E7002070470120704708B5034667
:106B8000007930B1188800F00FF9BDE80840FFF730
:106B9000D4BF08BD82B002AB03E9030002B0704766
:106BA00082B002AB03E9030002B07047704708B53A
:106BB000FFF7FCFF08BD000008B5FFF7F8FF014B29
:106BC000188008BD641F00207047FFF7F5BF000064
:106BD000024B1B881843FFF7EFBF00BF641F002064
:106BE000024B1B881840FFF7E7BF00BF641F00205F
:106BF000024B1B885840FFF7DFBF00BF641F002017
:106C0000704708B5FFF7FCFF08BD000008B5FFF7A7
:106C1000F8FF014B188008BD621F00200020FFF71D
:106C2000F5BF012303FA00F080B2FFF7EFBF0000C9
:106C3000012303FA00F0034B1B88184380B2FFF7CF
:106C4000E5BF00BF621F00200123034A8340108874
:106C500020EA0300FFF7DABF621F0020012303FAD6
:106C600000F0034B1B88584080B2FFF7CFBF00BF36
:106C7000621F0020024B1B881843FFF7C7BF00BFED
:106C8000621F0020024B1B881840FFF7BFBF00BFE8
:106C9000621F0020024B1B885840FFF7B7BF00BFA0
:106CA000621F0020704730B5012401F00703C908B6
:106CB00002EB810200219C40E4B2013A12F8015F2C
:106CC00020FA01F343F300036B40234001315D40A0
:106CD00004291570F2D130BD002210B500F0070470
:106CE000C00801EB800110468B5CE34003F0010318
:106CF000934001321843042AC0B2F5D110BD000000
:106D000017B40C46C0F307210B29ADF804000CD8CA
:106D10009DF80430082B08D8204603EBC103044A31
:106D2000194403B010BCFFF7BEBF03B010BC7047DE
:106D3000291F002082B0ADF80400C0F307200B2803
:106D40000AD89DF80430082B06D8054900EBC0008E
:106D5000184402B0FFF7C0BF002002B0704700BF68
:106D6000291F002073B50F240D4BADF804001D88BA
:106D70000C4B1B881D43ADB245FA04F3DB0705D469
:106D8000013CF9D20026304602B070BDE6B2304672
:106D9000019900F054FE80B20128F1D0F3E700BF62
:106DA000621F0020641F002007B5ADF804000198A1
:106DB000FFF7D8FF019903B05DF804EB00F03FBE88
:106DC00013B5104BADF804101B782BB1019802B02D
:106DD000BDE81040FFF7E8BF70B10198FFF7C2FFB0
:106DE000044601460198FFF78BFF2046019902B047
:106DF000BDE8104000F023BE0198FFF79BFF04465A
:106E0000F3E700BF281F0020F8B50C4B0C4E1C7890
:106E10000C4D3378A34200D1F8BD05EBC40335F81F
:106E200034005F889A88D98840EA074042EA0141E5
:106E30000134FFF7B5FE04F00704EAE7661F0020FF
:106E4000671F0020681F0020064B10B418885C885C
:106E50009A88D98840EA044042EA014110BCFFF711
:106E60009FBE00BFA81F00201A4AF8B593790F2BC8
:106E70000AD8537943B1184B18491B780D781688F6
:106E80005788174CAB4200D1F8BD04EBC301087919
:106E9000D8B134F83300B04217D14879A8B948883E
:106EA000C01B80B2B0F5967F0FD20120937960F3BA
:106EB000071393718B7960F3071306488B71FFF703
:106EC000EDFDBDE8F840FFF79FBF013303F0070376
:106ED000D8E700BFA81F0020661F0020671F002002
:106EE000681F0020F0B50D4B0D4C1B7826780D4C1B
:106EF000B34201D10020F0BD04EBC3056F788F428F
:106F000006D114F83370874202D16D79954203D1CE
:106F1000013303F00703EBE70120ECE7661F0020D5
:106F2000671F0020681F00202DE9F04385B06F46E1
:106F300004468E4D014606223846F9F781FC2B792E
:106F40002078617894F80580B4F802902279CBB962
:106F5000002A00F0CC80B8F1000F00F0FD80204640
:106F6000FFF70CFE002800F0F78008222146284693
:106F7000F9F766FC2846FFF7E1FAFFF775FFFFF720
:106F800063FFB4E06B886E79A9EB03039BB2002E1C
:106F900000F0AF80B3F5967F80F09080002A00F07B
:106FA000A680AB792F880F2B228857D8974212D111
:106FB000B8F1000F4DD1012262F30713AB71FFF757
:106FC00043FF2846FFF76AFDAB79A37100273846D7
:106FD00005B0BDE8F083B8F1000F3AD14246FFF7A3
:106FE00081FF074650B12846FFF758FD08220021CF
:106FF0002846F9F757FBFFF727FFE7E70098FFF769
:10700000D3FEC0F30332032AC3B208D8012A10D931
:1070100010F4706F12D0A2790F2A0FD8D7E706327A
:1070200002F00F02012A0ED92046FFF737FD37463E
:10703000CDE710F4706F01D0002BC8D02033DBB245
:10704000072BC4D9F0E7EF2BC1D90F33DBB2022BEA
:10705000F7E7AB7943F00103AB71B7E797420CD187
:10706000B8F1000F09D12046A371FFF717FD0822E0
:1070700021462846F9F7E4FB81E72046FFF77EFD2D
:10708000002869D0B8F1000F66D0AB791F2B0FD95B
:107090002A8802A8ADF808202A79ADF80A908DF860
:1070A0000C2000228DF80E308DF80D20FFF7F6FC35
:1070B000082221462D48F9F7C3FB5EE7AB790F2B79
:1070C00004D897E80300FFF765FD8CE77AB12988BB
:1070D00022889142D1D1B8F1000FCED12046A371C0
:1070E000FFF7DCFC082241462846F9F7DBFA0127C6
:1070F0006DE7B3F5967F33D2002AF8D0B8F1000FD0
:107100002AD02A8823889A421DD1AB79DA0714D471
:107110000F2B12D9A37103F0F003F02B06D0A37943
:10712000C3F30312013262F30713A3712046FFF782
:10713000B5FC082221460D489CE7082221460B4851
:10714000F9F77EFBD3E72046FFF718FD0028AFD103
:10715000AB7943F00103AB712046FFF79FFCC6E714
:1071600097E80300FFF716FD40E700BFA81F0020C7
:10717000F0B585B06C4684E803002046FFF7D4FEE6
:10718000284F0646284D68B19DF804301BB194E89D
:107190000300FFF705FD254C28783B78834226D174
:1071A00005B0F0BD02AB94E8030083E803009DF84E
:1071B000041038782A780029EDD0441C04F0070424
:1071C00094420AD01946194B082203EBC000F9F784
:1071D00037FB3C70FFF718FEDDE7FFF7A7FC08223E
:1071E000314613483E702E70F9F75CFAD3E704EB92
:1071F000C000FFF799FE0028D2D02B7834F8330076
:1072000004EBC3035E889A88D98840EA064042EAC4
:107210000141FFF7C5FC2B78013303F007032B7006
:10722000BAE700BF671F0020661F0020681F00200C
:10723000A81F0020014B1878C0087047D81F0020F5
:10724000024B187800F00700704700BFD81F0020DD
:10725000034B187810F0070018BF0120704700BFDB
:10726000D81F0020014B1878704700BF0420002071
:10727000024B1A7810431870704700BF042000209A
:10728000024A137823EA0003137070470420002099
:107290000022014B1A70704704200020024B1A781C
:1072A00010431870704700BF03200020024A137873
:1072B00023EA000313707047032000200022014BD3
:1072C0001A70704703200020704708B5FFF7FCFFD5
:1072D00008BD000008B5054A1378034204D023EA2C
:1072E00000001070FFF7F1FF08BD00BFD91F00209C
:1072F000704708B5FFF7FCFF08BD000010B5054951
:107300000B7830EA030403D003430B70FFF7F1FF5F
:1073100010BD00BFDA1F002008B5054A13780342EC
:1073200004D023EA00001070FFF7E3FF08BD00BFA0
:10733000DA1F002008B5044B1A781AB10020187023
:10734000FFF7D7FF08BD00BFDA1F002010B5084BBC
:107350001C78084B1B781C43074B1B782BB11C4334
:1073600005F06AF908B1FFF7E5FF204610BD00BF40
:107370000420002003200020DA1F002038B50B4C29
:107380002568FFF7E3FF2870246808222046084993
:10739000F9F7FEFA48B1214608220548F9F750FAF4
:1073A0002046BDE8384005F0F3B838BD280E00206F
:1073B000D01F002038B50B4C2568FFF7C7FF687059
:1073C0002468202220460849F9F7E2FA48B121460C
:1073D00020220548F9F734FA2046BDE8384005F088
:1073E000DFB838BD240E0020B01F0020054B1B78ED
:1073F00033B1054B93F90030002B01DAFFF7DABF08
:10740000FFF7BCBF540F00201C480020704708B590
:10741000FFF7FCFF08BD0000094A10B5527852077B
:107420000AD5084C41EAC0012170FFF701FC207821
:10743000C008FFF7ECFF10BDBDE81040FFF7F8BB38
:107440001C480020D81F0020002008B5024B1870EF
:10745000FFF7DDFF08BD00BFD81F002008B50A4AAE
:10746000137823EA0000107042070CD198420AD02A
:10747000064B5B785B0706D5C008FFF7E5FBBDE868
:107480000840FFF7E1BF08BDD81F00201C480020BE
:10749000094A08B55378C3F3800181420AD060F3EA
:1074A00082035370108800F03EF8BDE808400220C7
:1074B000FFF7D4BF08BD00BF1C480020044B58781C
:1074C000C0F3800080F0010000F00100FFF7E0BF92
:1074D0001C4800200120FFF7DBBF0020FFF7D8BFCA
:1074E000704708B5002001F0BDF9BDE808404FF62F
:1074F000FF71002001F098B908B5002001F02DF9C6
:107500004FF6E563C31A5842584108BD022001F006
:1075100015B9032001F012B90146032001F076B934
:10752000042001F01AB90146042001F07DB90F20B2
:1075300001F022B901460F2001F084B908B50020FE
:10754000FFF7F8FFFFF7CCFF08BD01460E2001F062
:107550005DB9000007B5002001F084F94FF6E56140
:10756000002001F061F90021022001F04FF9012112
:107570001A4B0320198001F049F94FF4A05104205F
:1075800001F052F90021062001F040F90021072006
:1075900001F03CF90021082001F054F900212320DA
:1075A00001F034F900210C2001F030F900210D2008
:1075B00001F02CF9002300226846CDE900231721B1
:1075C000082201F009F900211F2001F03BF9FBF727
:1075D00065FEFFF7B3FF03B05DF804FB641F0020F6
:1075E000FFF7B8BF73B505F0E7F90B4D04462B88DC
:1075F00083420ED00026ADF8006005F0DDF9ADF84D
:107600000460ADF8020002AB13E90300FEF776FF59
:107610002C8002B070BD00BF06200020014B18680E
:1076200000F022BB14200020014B1868704700BFF7
:107630001020002008B500F007FB024B1860024B39
:10764000186008BD1420002010200020014B18688D
:10765000704700BF0C20002008B500F0F5FA024B7F
:107660001860024B186008BD142000200C20002078
:10767000014B1868704700BF08200020074B91425B
:107680001860074B196038BF1146064B1A60064B4D
:1076900081422CBF19601860704700BF1020002085
:1076A0000C20002008200020142000207047704784
:1076B00008B5FFF7FCFF08BD7047012070470000C8
:1076C00008B5054800F0E2FA01F0CAF8FFF7EEFF4E
:1076D000FFF7EEFF08BD00BF857C0008FEF73CBD4C
:1076E00008B5FCF781F9FDF7A3FA08BD08B5FFF767
:1076F00003FF08B9FFF774FFFFF708FF074B187087
:10770000FFF70EFF064B1880FFF703FFFFF75DFA48
:10771000044B1888BDE80840FFF773BA1820002012
:107720001C480020621F002008B505F00BF900F08E
:1077300077FA00F09BFC03F00BFF00F0A7FBFFF7CC
:10774000D5FFFEF7B4FE03F069FC04F015F9064B13
:107750001A7842F080021A701888FFF7E4FE00F0F1
:107760009DFCFDF753F808BD1C4800202DE9F04FA3
:1077700085B0FFF7A2FF88B9FFF734FFFEF7ECFCF6
:1077800003F0BAFB03F06EFF08B1FFF765FF04F0EA
:1077900061FC05B0BDE8F04FFEF79ABEDFF8C0808F
:1077A00000F0CAFB46460024E0B236F8025B00F067
:1077B00077FA0B2C50D0854204F10104F4D0294B08
:1077C0001B789B0701D500F071FAFFF787FF0027B0
:1077D00001905FFA87F9484600F062FA38F8026BC8
:1077E0000546B04232D000244FF0010A4640B6B2FE
:1077F00016EA0A0F20D0019B15EA0A0F14BF4FF0BA
:10780000010B4FF0000B93B18DF808408DF80990F3
:1078100005F0D2F84FF00103ADF80A008DF80C30F6
:107820008DF80DB002AB93E80300FEF767FE5A46F1
:107830002146484602F082F90134E4B24FEA4A0395
:10784000092C1FFA83FAD3D128F8025C01370C2FD8
:10785000BFD1FFF7EFFE91E78542B0D18CE700BFC3
:10786000044800201820002038B500F0F3F8B0F5E7
:10787000A44F044643D2B0F5A04F80F0AE80DF287D
:1078800016D8CC2800F28C80A7280AD8A42879D84A
:10789000012804D0031F9BB2A12B28BF002420463F
:1078A00038BDA0F1A8039BB21A2B71D90024F6E7CA
:1078B000B0F5804F19D2B0F5005F80F09D80E728C9
:1078C000EDD9A0F580739BB2B3F5F85FEED2C0F3AB
:1078D000072000F043F90546E0B200F0BBF82D02A6
:1078E00005F4F85540EA050450E0C0B200F0B2F8E3
:1078F00004F47064204340F4204084B2CFE7B0F534
:10790000A54F22D245F25F23984253D845F23F2338
:1079100098420FD845F21F23984244D8012300F023
:107920000304C0F38502A34043EA421343F40D432A
:107930009CB2B4E7012300F00304C0F38202A34029
:1079400043EA421343F40C43F2E745F2BF23984263
:107950000AD845F29F23984200F01F0035D84AF21A
:10796000F40343EA00249AE7A0F5A543403B9BB209
:107970001F2B9BD8040204F4F85444F4204444F030
:10798000F0048CE7A0F1240444F48044A4B286E718
:10799000214B5834E4B233F8144044F488447EE771
:1079A00040F4A044F2E74AF2F10300F01F0443EA76
:1079B000042474E7012300F00304C0F38202A3400F
:1079C00043EA421343F40A43B2E700F0C7F8040263
:1079D00004F4F85444F4005461E700F01F0000F090
:1079E000BDF8C306C4F3431448BF0001240200B22B
:1079F000044344F41044C9E7C0F3042000F0AEF897
:107A00000546E0B200F026F82D0205F4F8550543CE
:107A100045F40055ACB242E7CA07010882B0ADF8A0
:107A20000410C1F307210B2906D89DF80420082A69
:107A300002D802B0FEF7B2BB002002B0704707B513
:107A4000ADF804100199FFF7E9FF03B05DF804EB0E
:107A5000FFF70ABFE7284FD8DF2807D8312864D0BE
:107A60000ED8292857D02A2866D07047A0F1E00305
:107A7000072B41D8DFE803F01540232831403C4173
:107A8000392804D0822802D035283FD07047324BA5
:107A90001A7892071FD15B7813F0080F18BF2920BE
:107AA00070472D4A1378D9074DD4527812F0010F40
:107AB00022D013F0100F14BF0020E3207047264B94
:107AC0001B7813F0040FF3E7234A137859073CD4CB
:107AD0005278D207EDD5E02070471F4B5A789107B6
:107AE0000AD51B7813F0100F14BF0020E720704751
:107AF000194B1B781A07F5D47047174A13781907E2
:107B000025D452789107EDD5E4207047124B1B78AD
:107B100013F0200FC2E7104B1A78920619D45B7845
:107B200013F0080F18BF392070470B4B1B7813F068
:107B3000400F18BF2A207047074B1B7813F0400FE7
:107B400018BF3120704739207047E2207047E62087
:107B500070473520D0E700BF1C48002010B52F4CDF
:107B600021784B0713D500F01402A2F1040C00F0A9
:107B70001803DCF1000242EB0C02A3F1080CDCF16B
:107B8000000343EB0C039A4218BF80F00C000B0774
:107B900013D500F01402A2F1140C00F01803DCF16C
:107BA000000242EB0C02A3F1180CDCF1000343EBE2
:107BB0000C039A4218BF80F00C006478E30713D5D9
:107BC00000F0110202F1FF3C00F01803DCF10002AA
:107BD00042EB0C02A3F1080CDCF1000343EB0C03B5
:107BE0009A4218BF80F00900A30711D500F01102D6
:107BF00000F01803A2F111046242A3F1180C6241D3
:107C0000DCF1000343EB0C039A4218BF80F009003B
:107C1000CB0648BF00F0E70010BD00BF1C480020A5
:107C20000022014B1A6070472048002010B504461E
:107C3000FEF792FA20B904F087FE024B241A1C606A
:107C400010BD00BF2048002008B5FEF785FA18B126
:107C5000BDE8084004F078BE04F076FE014B1B68D6
:107C6000184408BD2048002010B50446FEF774FAF9
:107C700020B12046BDE8104004F0AABEFFF7E4FFA3
:107C8000001B10BD0020704700207047014B18609A
:107C9000704700BF2C0E002008B5FEF757F808BD4E
:107CA000014B33F8100070473E48002070474FF4F6
:107CB000346005F037BF00BF00BF00BF00BF00BF8A
:107CC00000BF00BF00BF00BF00BF00BF00BF00BFBC
:107CD00000BF00BF00BF00BF00BF00BF00BF00BFAC
:107CE00000BF00BF00BF704708B5FFF7E0FF08BD49
:107CF000704708B5FFF7FCFF08BD00007FB5FEF731
:107D00002BFA1E4D04461E4A60B30023107801A9C9
:107D100005EB400001930293039300F0D3F9194E51
:107D200080B1194B0C22187801A905EB4000F8F737
:107D30002FFE0123337060B90024FCF777FF204643
:107D400004B070BD3378002BF6D001900290039000
:107D500030700D4B0C22187801A905EB4000F8F7A4
:107D60006FFDEAE7084B1178187805EB410105EB48
:107D7000400000F007FAFFF7BCFFE0E73E480020B4
:107D800056480020192000202448002008B5302340
:107D900083F31188012100F00F039940202220F085
:107DA0000F0007F0A5FA002383F3118808BD000037
:107DB00038B509240B4D55F8040B421C01D0FFF7D0
:107DC000E5FF013C14F0FF04F5D10624064D55F8FB
:107DD000040B431C01D0FFF7D9FF013C14F0FF0452
:107DE000F5D138BD300E0020540E00202DE9F843A7
:107DF000DFF89080054658F821300E465C1C174687
:107E00003ED0302282F31188012223F00F0903F0C3
:107E10000F0302FA03F421464846240407F068FAE7
:107E2000C9F81840002484F31188FFF744FF6FEA73
:107E3000070EDFF854C0A91E0A355CF8042B31F890
:107E4000023F501C19D022F00F00006902F00F020F
:107E500020FA02F2D20710D401243B438D420B805A
:107E6000EBD158F82600431C01D0FFF78FFF2146C5
:107E70003046BDE8F843FFF737BF03EA0E03EDE7EE
:107E8000BDE8F883300E0020540E0020F0B5DFF876
:107E900088C091B09CF80030F3B9204C01AD0FCCF4
:107EA0000FC594E8030085E803001D4E01AF0FCF16
:107EB0000FC695E80300083407AD86E803000FCC31
:107EC0000FC50FCC0FC52668164C2E6007AD0FCD21
:107ED0000FC40FCD0FC426609CF80030124A002B4F
:107EE0000CBF062300231370104AC3F1060313705E
:107EF000FFF75EFF182200210D48F8F7D3FB182288
:107F000000210C48F8F7CEFB062000F04FF811B026
:107F1000BDE8F040FFF7C0BE6C0E002078000108FD
:107F2000540E0020300E0020564800202448002027
:107F30003E4800202648002030B587B01822002196
:107F40006846F8F7AFFB002501242246E9B26846EF
:107F50000135FFF74BFF6400092DA4B2F5D11822BB
:107F600069460F48F8F714FD002814BF01240024C7
:107F700004D0182269460A48F8F762FC094B0A49FE
:107F800018780622234601EB4001054800F010F85E
:107F90000446FFF7B3FE2043C0B207B030BD00BFB8
:107FA00026480020564800203E4800207047000028
:107FB0002DE9F84307460E4615461C46DFF850806B
:107FC0004BB1012388F8003004F0BEFC114B18605F
:107FD0000020BDE8F88398F80090B9F1000FF7D0C1
:107FE0000C4B186804F0F4FC0028F1D06D002A4610
:107FF00039463046F8F7CCFC28B12A463946304697
:10800000F8F71EFC4C460023204688F80030E0E7D5
:10801000202000201C20002010B5074C00224FF427
:108020000071204607F064F94FF4165005F07AFD10
:108030002069C0F3402010BD0004004038B5C824BA
:1080400005F012FD054648B9013C4FF47A70A4B220
:1080500005F031FF002CF3D105F0FAFC284638BDBD
:10806000014B5878704700BF2420002010B5FFF75F
:10807000E5FF084C2070FFF7CFFF6070FFF7F0FFBF
:10808000054B1870FEF768F818B1BDE8104000F015
:1080900045B810BD242000206C0E002008B5FEF766
:1080A0005BF818B9BDE8084000F03AB808BD000018
:1080B000034B187809288CBF00200120704700BFAF
:1080C0002620002070B5134C054623780E46092B58
:1080D0000CD83146284600F053F8B8B92378FF2B66
:1080E0000DD104F069FC0C4B188006E00A4B18888F
:1080F00004F067FCB0F5FA7FEBD2002070BD0133CD
:10810000DBB2092B2370ECD80120F7E700232370A2
:10811000FAE700BF262000202220002004F004BD42
:1081200004F0EEBCF8B504461E461546BDF81870BE
:1081300062B10C206043104B1A5C03445B880F480B
:10814000AA4228BF2A461844F8F77AFB204604F0D2
:10815000EDFC054670B16FB10C230749304603FBB7
:1081600004110A79CB880549BA4228BF3A46194416
:10817000F8F766FB2846F8BD700E00202820002086
:1081800000F0CAB900F004BA054B1A68054B92F822
:108190003E1083F8901092F83F2083F8AC2070478F
:1081A00000080108700E002003F030BAF7B505464C
:1081B00008680C4617461E4604F00AFC632800D8DF
:1081C0005FB1002331462846BDF820200093FFF719
:1081D000A9FF18B104F0B8FB2060012003B0F0BD86
:1081E0002DE9F0411446069F05460E463A461946CB
:1081F0002046F8F7CDFB021E234631462846069757
:1082000018BF0122BDE8F041FFF7D0BF7FB5FFF7EF
:108210000BFA0390FFF71AFA0490FFF729FA0C22E1
:10822000064B05901B680092054930336A440A20CA
:10823000FFF7D6FF07B05DF804FB00BF0008010898
:10824000D820002007B50C21054B02461B68009181
:108250000E3304490220FFF7C3FF03B05DF804FBAF
:1082600000080108BC20002037B502240D4B072070
:108270001D680D4B298D1A8800948A1A18BF012297
:108280000A49FFF793FF50B1094B698D1A880820FE
:108290008A1A18BF012207490094FFF787FF03B02D
:1082A00030BD00BF00080108621F0020D020002060
:1082B000641F0020CC2000201FB504F051F90122DA
:1082C000074B8DF80F001B68009206492C330DF107
:1082D0000F020920FFF784FF05B05DF804FB00BF23
:1082E00000080108D4200020114B70B51C68032140
:1082F00004F13D0003F041FB94F83C30834215D17A
:1083000094F93D200F2A11DC0C210A4B01FB0233AA
:108310009D685DB1AC4694F83F2094F83E0004F1AE
:10832000600304F14001BDE87040604770BD00BFCC
:1083300000080108700E00202DE9F04390461D460C
:108340000022012385B000930E46DDE90C9711460B
:108350000DF10F03FFF7E6FE044650B3D8F8000016
:1083600004F036FB63281CD90022BBB211460093EF
:1083700030462B46FFF7D6FE39460446484603F002
:10838000FCFA9DF80F30834214BF002404F001046E
:108390001CB104F0D9FAC8F80000204605B0BDE8C9
:1083A000F0833946484603F0E8FA9DF80F308342DF
:1083B000DAD13A4649462846F8F742FAEDE7000096
:1083C0001E4B2DE9F0411E68082386B006F11B08FC
:1083D0000193042103201A4ACDF8008004ABFFF773
:1083E000ABFF054620B1174FB27E3B789A4215D1BC
:1083F000284606B0BDE8F0819DF80F109DF80E00EC
:1084000003F0ECF8044650B9002305201A4619463B
:108410000093FFF787FE2040C5B20BE000244046E2
:108420000DF10F020DF10E0103F0BEF80028E3D1AB
:10843000002CE9D1B37E3B70DAE700BF00080108E9
:10844000C4200020C020002070B50C260E4B86B042
:108450001B680D4602330093012100200B4A019650
:108460000DEB0603FFF768FF044628B132460848C3
:108470000DEB0601F8F7E4F90C2228460449F8F759
:10848000DFF9204606B070BD00080108B8200020C2
:10849000AC20002030B50E4D85B0286804F098FA65
:1084A000632812D9FFF7D0FB002302300390042287
:1084B0000620009303A9FFF735FE044610B104F02F
:1084C00043FA2860204605B030BD0124FAE700BF1A
:1084D000C82000202DE9F04706460F469046FFF7DA
:1084E000E7FD002814BF4FF00A094FF001090125EC
:1084F00039463046C04768B901354D450ADC044667
:1085000005FB05FA4FF47070013405F00BFB544580
:10851000F8D1EDE7BDE8F08738B5164A04460D46B8
:10852000FFF7D8FF20B329462046134AFFF7D2FFB2
:10853000F0B129462046114AFFF7CCFFC0B12946C9
:1085400020460F4AFFF7C6FF90B1294620460D4A44
:10855000FFF7C0FF60B1294620460B4AFFF7BAFF7C
:1085600030B129462046BDE83840084AFFF7B2BF7F
:10857000002038BD4984000845820008C1830008F6
:108580009584000869820008B98200080D820008FD
:1085900070B50E46054606F01FFC284B0C221C68E1
:1085A0003146A31C1846F8F74BF90C2103F0E5F906
:1085B000264606F80E0B06F015FC06F00DFC0C2204
:1085C0003146284604F11B05F8F73AF906F00AFC93
:1085D00006F002FC284603F011F80821284603F0B3
:1085E000CCF9A07606F0FEFB06F0F6FB144B606AB1
:1085F0001A68904202D01860FFF718FB06F0F2FBF1
:1086000006F0EAFB228D0F4B1A80628D0E4B1A800A
:1086100006F0E8FB06F0E0FB94F82C0003F09AFF6C
:1086200006F0E0FB06F0D8FB04F1300007C8FFF7C6
:1086300025F8BDE8704006F0D5BB00BF0008010872
:10864000A8200020621F0020641F00200E2808DDE3
:108650000C22044B02FB00304023438060238160E6
:10866000C3807047700E0020F0B587B00E461746E5
:108670001D468DF80F00FFF71BFD10B9002007B055
:10868000F0BD9DF90F300E2BF8DD202EF6D8202DF1
:10869000F4D8002403210DF115008DF815308DF864
:1086A00014408DF816608DF8175003F066F9154BDD
:1086B0008DF8140083F8906083F8AC5004222346B0
:1086C0000B20009405A9FFF72DFD0028D6D02346E6
:1086D000324639460C200094FFF724FD0028CDD007
:1086E000234601220D2000940DF10F01FFF71AFD22
:1086F0000028C3D0224621460C9B00950E20FFF790
:1087000011FDBCE7700E0020FFF730B808B504F08B
:10871000DDF804F011FEFEF7D3FF04F00FFEFFF7C3
:1087200003F804F021FE04F025FEFFF7EDFF04F04E
:1087300023FE03F0D9F9FEF7D3FFF4E7002307B5D2
:10874000014601220DF107008DF8073000F08CF88A
:108750009DF8070003B05DF804FB002307B5014650
:1087600002220DF10600ADF8063000F07DF8BDF8EC
:10877000060003B05DF804FB07B5042200230146A0
:108780000DEB0200019300F06FF8019803B05DF863
:1087900004FB07B501228DF8071001460DF1070013
:1087A00000F067F803B05DF804FB07B50222ADF8EE
:1087B000061001460DF1060000F05BF803B05DF80D
:1087C00004FB07B50422019101460DEB020000F005
:1087D00050F803B05DF804FBF8B505461446D31D08
:1087E00023F0070300AFADEB030D68460E4600F023
:1087F0003BF8224669462846F8F7CAF820B12246D7
:108800003146284600F035F8BD46F8BD38B50C466F
:108810000546FFF793FFA04205D021462846BDE854
:108820003840FFF7B6BF38BD38B50C460546FFF7F0
:1088300094FFA04205D021462846BDE83840FFF706
:10884000B4BF38BD38B50C460546FFF795FFA042CA
:1088500005D021462846BDE83840FFF7B2BF38BDF5
:1088600000F012B900F038B80B460146184600F087
:108870004DB80B460146184600F09AB808B5064BAD
:108880004FF4805218460021F7F70CFF41F208021E
:1088900000F580531A6008BDE020002010B5054C9B
:1088A00023792BB900F069F908B10120207110BDBE
:1088B0000220FCE7E030002010B5064C237933B1EC
:1088C00000F065F910B100230120237110BD0220D2
:1088D000FCE700BFE030002038B5FFF7DFFF0446BB
:1088E00018B9FFF7E9FF204638BD00F048F9054602
:1088F000FFF7C4FF012C06D1FFF7DEFF00280CBFF5
:10890000002505F001052C46EDE7000008B50346FB
:1089100008469918B1F5805F05D804491944F7F75E
:108920008FFF012008BD0020FCE700BFE0200020F1
:1089300038B500F024F9044610B3FFF7AFFF4FF449
:10894000007205461249002000F03EF9044678B155
:108950000DA3D3E900234FF480510D4802F0BEFD72
:1089600002460B464FF4805000F060F94400E4B238
:10897000012D01D1FFF7A0FF41F20802054B1A605B
:10898000204638BDAFF3008025232284E49CF2CB3F
:10899000E0200020E0300020044B1B68B3F5005FAE
:1089A00001D3FFF7C5BF0120704700BFE0300020B2
:1089B0002DE9F04F8318B3F5805F04460E46154647
:1089C00085B01ED82F4F00EB070841463046F7F719
:1089D000DFFF002845D02A4631464046F7F730FFF2
:1089E000FFF75CFF834650B14FF000084FF00009DD
:1089F00007F5805755B9FFF7CFFF034637E0FFF77C
:108A00005BFF0023184605B0BDE8F08F052DAA4690
:108A100028BF4FF0050AC4F3024343EACA03CDE975
:108A2000028952468DF808303146230A0DF10B00B9
:108A30008DF809308DF80A40F7F702FFDDE90223CF
:108A4000386800F0F3F888B13B6808333B60FFF703
:108A5000A3FF0128034606D1A5EB0A05544456445A
:108A6000C8E70123CEE710F0FD0F00D00023BBF1D3
:108A7000010FC7D10193FFF71FFF0028C1D0019B51
:108A8000C0E700BFE02000207FB5FFF7F7FE00F051
:108A90006FF828B9FFF7F2FE0024204604B070BD3D
:108AA0004FF400720020304900F073F82E4D00287A
:108AB00043D02BA3D3E900234FF48051284602F082
:108AC0000DFD06460C464FF4805002A900F079F8DF
:108AD000DDE902239C4208BF964201D0FFF7CEFE9B
:108AE00041F208046946204600F06BF848B3DDE91E
:108AF000003253EA02011ED013F0C00FCDE902325A
:108B000004F10804D9B21BD103F47F40C3F3074337
:108B100018430B0403F4E0231843CA0800EBD10107
:108B2000B1F5805F0CD80DF10B012844F7F788FEF2
:108B3000B4F5005FD6D1012003E0FFF79FFEA9E75F
:108B400000200A4B1C6038B9FFF7F2FE04460028EB
:108B5000A3D1FFF793FEA0E7FFF71EFFF6E700BFE4
:108B600025232284E49CF2CBE0200020E03000208A
:108B700008B500F0DBF8012008BD0120704708B5FA
:108B8000002000F0D5F8B0FA80F0400908BD0120BF
:108B9000704738B5D5002A460C4600F0E6F818B9FB
:108BA00021462544A94203D1B0FA80F0400938BDDE
:108BB000D1E90023D243DB4341F8082B41F8043CC0
:108BC000F0E70122FFF7E5BF2DE9F04706468946A9
:108BD00015460027C0B0202DAA4628BF4FF0200A16
:108BE0004FEACA0809EBC70142466846F7F728FE74
:108BF0000024694654450DD142466946304600F08E
:108C0000D2F888B92D1B46442744E4D1012040B056
:108C1000BDE8F087D1E90023D243DB4341F8082BBC
:108C200041F8043C0134E5E70020F0E707B5CDE961
:108C3000002369460122FFF7C7FF03B05DF804FB7C
:108C4000002208231146014804F080B80C080040B7
:108C500008B5FFF7F5FF30B1062004F0B7F804F0CF
:108C6000EDF8002008BD4FF0FF30FBE7F7B51F46D9
:108C70004BBA090C064615468DF80400ADF80630CF
:108C80008DF80510FFF7DCFFE8B104210DEB0100C2
:108C900004F0C0F8044648B945B1022E0BD0032EAB
:108CA0000ED12846B9B204F0BFF8044604F0C6F865
:108CB000204603B0F0BD2846B9B204F0ABF8F4E7A3
:108CC0004FF0FF34F2E74FF0FF34F1E710B5FFF754
:108CD000B7FF88B1052004F079F804F089F804465C
:108CE00004F0ACF8002C05DB14F0010F0CBF0024DD
:108CF0006FF00304204610BD4FF0FF34FAE710B5C3
:108D0000044603F021FE4FF47A7303FB040403F0DE
:108D10001BFEA04204D2FFF7D9FF031DF7D010BD00
:108D20006FF00100FBE70120FFF7E9BF03F0D4BFBC
:108D300000F58033B3F5002F10B5044612D283B28C
:108D400083B9FFF7F0FF78B9FFF782FF60B90346F8
:108D500002462146D820FFF789FF28B9BDE8104018
:108D6000FFF7E1BF4FF0FF3010BD2DE9F04107469E
:108D70000D461646FFF7D7FF0446804638B1324607
:108D800000212846F7F78EFC2046BDE8F0813346E7
:108D90002A4639460320FFF769FF04460028F3D02E
:108DA00032464146EDE72DE9F04107468846164632
:108DB00076B9FFF7B8FF044638B9FFF741FF20B393
:108DC000042004F003F804F039F82046BDE8F081EF
:108DD000FDB2C5F58075B54228BF3546FFF7A3FF44
:108DE00004460028F1D1FFF733FF04460028ECD1F8
:108DF0002B46424639460220FFF738FF044600283A
:108E0000E3D1A8442F44761BD2E74FF0FF34DCE7D0
:108E100030B510F47F4F85B00190C0F30725C0F343
:108E200007420DD109B1304B9A5C13461146002020
:108E300063F3070061F30F2062F3174005B030BD04
:108E40009DF80440002937D0274B995C0620FF236A
:108E500060435A1BB0FBF3F06FF05403434303EB42
:108E6000440303EB4303DBB203FB05F4C3F1FF034D
:108E70006B4324121B12C4F1FF04C3F1FF034A43E6
:108E80004C434B43C2F30722C4F30724C3F3072325
:108E9000C9B2062824D801A555F820F02F8E000865
:108EA000BD8E0008C38E0008CD8E0008D78E000846
:108EB000E18E00082F8E00081146C7E70B462146B9
:108EC000B5E718460B4611460246B0E70B46114679
:108ED0001A462346ABE7184613460A460146A6E75C
:108EE00013462246A3E700BF1C080108012184B0F5
:108EF00004B0FFF78DBF012830B501D8C0B230BD36
:108F0000B0F5F75F88BFFF224FF001049EBF420912
:108F10000832D2B2A3185910C3F34705C3F34F0365
:108F20005B439BB2984206D2013DEAB29442F1D92A
:108F3000013CE0B2E3E7FF2902D00135ECB2F5E7EE
:108F40000846DCE7074B188800EB402200EB820064
:108F500000F55850193080B2188000EB1020C0B2D4
:108F6000704700BF360F002010F0400216BFC34309
:108F70000346DBB210B503F00F0102B10131094C19
:108F8000C3F3011304EB4302527814F813304A433D
:108F900003EB2213DBB2020644BF5B42DBB283F079
:108FA000800010BD04080108144B84B003EB41039A
:108FB000E421019093F86C30C0F307204B43C2EBDF
:108FC00013231C33002BB8BF5B42A0EBC3031BB2BF
:108FD00023EAE373434300201B128DF80530019B05
:108FE000DAB262F30700C3F3072262F30F20C3F380
:108FF000074363F3174004B0704700BFE90C00203B
:10900000144B84B003EB4103E421019093F86C30DE
:10901000C0F307404B43C2EB13231C33002BB8BFF4
:109020005B42A0EBC3031BB223EAE373434300207C
:109030001B128DF80630019BDAB262F30700C3F30E
:10904000072262F30F20C3F3074363F3174004B012
:10905000704700BFE90C002084B0019000208DF81B
:109060000420019BDAB262F30700C3F3072262F324
:109070000F20C3F3074363F3174004B070470000A9
:1090800084B0019000200B4B03EB410393F86C304C
:109090009B1A8DF80430019BDAB262F30700C3F328
:1090A000072262F30F20C3F3074363F3174004B0B2
:1090B000704700BFE90C002084B0019000200B4BEA
:1090C00003EB410393F86D309B1A8DF80430019B3C
:1090D000DAB262F30700C3F3072262F30F20C3F38F
:1090E000074363F3174004B0704700BFE90C00204A
:1090F00030B5134B85B03431019003EB41046579F1
:1091000003EB4103A5F1200464B21B79002CBCBF22
:10911000C5F120056CB29A1A2244C0B210448DF8F1
:1091200004000020019BDAB262F30700C3F30722B8
:1091300062F30F20C3F3074363F3174005B030BD5C
:10914000E90C002084B0019000209DF8102003EB72
:10915000430302EB53038DF80430019BDAB262F350
:109160000700C3F3072262F30F20C3F3074363F33F
:10917000174004B070471FB592B2019048B2002862
:1091800002FB02F2BCBF494248B2C0F1380000FB0A
:10919000002080B21C46FFF7AEFE00EB4000044406
:1091A00000208DF80440019BDAB262F30700C3F39C
:1091B000072262F30F20C3F3074363F3174004B0A1
:1091C00010BD000084B0019003F13400104B03EB9C
:1091D000400358791B792038703B4B4302FB003227
:1091E00000209DF80430002AB8BF7F3203EBE21361
:1091F0008DF80430019BDAB262F30700C3F3072253
:1092000062F30F20C3F3074363F3174004B07047C2
:10921000E90C002084B0019003F13400104B03EB03
:10922000400358791B792038703B4B4302FB0032D6
:1092300000209DF80430002AB8BF3F3203EBA21390
:109240008DF80430019BDAB262F30700C3F3072202
:1092500062F30F20C3F3074363F3174004B0704772
:10926000E90C00201FB5164C3433019004EB430485
:1092700063792479203B5343A4F1700252B2002A4F
:10928000BCBFC4F1700462B2C2F1380201FB02310A
:1092900011EB410148BF7F31C0B200EBE1108DF806
:1092A00004000020019BDAB262F30700C3F3072237
:1092B00062F30F20C3F3074363F3174004B010BDFC
:1092C000E90C002030B50D4685B00190C4B21046BF
:1092D000FFF74AFE124901EB450191F86C30C218C4
:1092E000D2B2A2F180035BB2002BBCBFC2F18002FC
:1092F00053B20C2200205B00DBB2534304EB132477
:109300008DF80440019BDAB262F30700C3F3072231
:1093100062F30F20C3F3074363F3174005B030BD7A
:10932000E90C0020114B84B0019003EB410393F84A
:109330006C10C0B28B1A5BB2002BBCBF521A53B276
:109340001822DBB2534300EB13208DF804000020F9
:10935000019BDAB262F30700C3F3072262F30F2026
:10936000C3F3074363F3174004B07047E90C0020D0
:10937000C94384B00190C9B2C0F307404143002003
:1093800009128DF80610019BDAB262F30700C3F3ED
:10939000072262F30F20C3F3074363F3174004B0BF
:1093A0007047C94384B0C1F3850101900144002096
:1093B0008DF80410019BDAB262F30700C3F30722B1
:1093C00062F30F20C3F3074363F3174004B0704701
:1093D00084B003EB8302BDF81030019013449BB2BC
:1093E000FF2B28BFFF23DB43C0F30740DBB203445E
:1093F000FF2B28BFFF2300208DF80630019BDAB237
:1094000062F30700C3F3072262F30F20C3F307439D
:1094100063F3174004B0704700291FB5B8BF494235
:10942000002AB8BF524209B2090112B2FF294FEA1D
:109430000212A8BFFF21FF2AA8BFFF22BDF81840D3
:1094400009B2234412B29BB29142D4BF5B189B185D
:109450009BB2FF2B28BFFF23DB430190DBB2C0F39D
:1094600007400344FF2B28BFFF2300208DF8063060
:10947000019BDAB262F30700C3F3072262F30F2005
:10948000C3F3074363F3174004B010BD1FB5482B67
:109490000190C0F3074030D8BDF81840E31A9BB2E2
:1094A000FF2B28BFFF23083189B2102905D902F10B
:1094B000080189B2112928BFFF23DB43DBB218441E
:1094C000002AB8BF0332FF2828BFFF208DF806000E
:1094D00000200B49497801EBA2028DF80420019B82
:1094E000DAB262F30700C3F3072262F30F20C3F37B
:1094F000074363F3174004B010BDFF23D3E700BF59
:109500005848002084B0BDF81020C0F30741D31A9A
:109510009BB2FF2B28BFFF23DBB2DA43D2B2114448
:10952000FF2928BFFF210190034400208DF804305B
:109530008DF80610019BDAB262F30700C3F307222D
:1095400062F30F20C3F3074363F3174004B070477F
:1095500084B0BDF810200190D31A9BB2FF2B28BF16
:10956000FF23DB43C0F30740DBB20344FF2B28BFDC
:10957000FF2300208DF80630019BDAB262F307006A
:10958000C3F3072262F30F20C3F3074363F31740CB
:1095900004B07047024B1A7810431870704700BF30
:1095A000F2310020012310B5044C08221721044891
:1095B0002370FFF759F90023237010BDF23100200A
:1095C0005848002010B5044610B9C90FC80110BD95
:1095D00080EAE072A2EBE07212B2002901EB020312
:1095E0000CDB891A490191FBF3F1C1F120014BB267
:1095F000D8B2002CBCBF4042C0B2E8E75B01521AAF
:1096000093FBF2F3C3F160035BB2F1E730B5C0F353
:10961000072585B0EB1A01901046DCB2FFF7D2FFA8
:10962000C0EB801300EB830004440020E4B26C43E1
:1096300024128DF80540019BDAB262F30700C3F3F0
:10964000072262F30F20C3F3074363F3174005B00B
:1096500030BD30B5C0F3074585B0EB1A0190104618
:10966000DCB2FFF7AFFFC0EB801300EB83000444D4
:109670000020E4B26C4324128DF80640019BDAB25C
:1096800062F30700C3F3072262F30F20C3F307431B
:1096900063F3174005B030BD30B585B0C0F3072582
:1096A00001909DF820001C1A1046FFF78BFF2C44F8
:1096B000E4B2241A0020E4B26C4324128DF8054071
:1096C000019BDAB262F30700C3F3072262F30F20B3
:1096D000C3F3074363F3174005B030BD30B585B021
:1096E000C0F3074501909DF820001C1A1046FFF7B3
:1096F00069FF2C44E4B2241A0020E4B26C43241223
:109700008DF80640019BDAB262F30700C3F307222B
:1097100062F30F20C3F3074363F3174005B030BD76
:109720001FB5019010461C46FFF74CFF031900209F
:109730008DF80430019BDAB262F30700C3F307220D
:1097400062F30F20C3F3074363F3174004B010BD67
:109750001FB501909DF818001C1A1046FFF732FF44
:10976000E4B2241A00208DF80440019BDAB262F3BF
:109770000700C3F3072262F30F20C3F3074363F329
:10978000174004B010BD0000082208B51721034897
:10979000FFF722F80022024B1A7008BD584800203B
:1097A000F231002084B004B0FFF7A0BB2DE9F74FE1
:1097B000DFF8D0A000EBC0080AEB08035B5C0746AB
:1097C000FF2B0E462BD000252F4A90444FF0000B64
:1097D00005EBC50403F134090AEB04010AEB49095E
:1097E000144411F801EBBEF1FF0F0ED0E8B287422E
:1097F00018D15FFA8BF0864214D118F80600203099
:10980000FF2828BFFF2008F806000BF1010BBBF171
:10981000090F04F10104E4D101350C2DD6D103B0B8
:10982000BDE8F08F0EF1340E0AEB4E0E9EF804C028
:1098300099F804009EF805E0A0EB0C0099F805C02B
:109840000191ACEB0E0C1FFA8CFC0CFB0CFC00FB2A
:1098500000C080B20093FFF74EFB2828009B0199BF
:10986000094AD2D8C0F1280080B2102828BF1020A1
:1098700094F800C0C0B26044FF2828BFFF202070C9
:10988000C3E700BFE90C00202132002010B5084CCE
:1098900035232046032200F8013B0649F6F7D0FFA6
:1098A0004FF68773A380BDE81040FFF76DBF00BF80
:1098B00058480020B40001080020704770B50446E5
:1098C0000E461546FFF7F8FF054B04EBC40423448E
:1098D0009B5DFF2B1EBF2B540130C0B270BD00BF7B
:1098E000E90C0020014BDB68184700BF0C08010899
:1098F00010B4024C6468A44610BC60470C08010810
:1099000037B5194B0446034493F8F430194229D073
:10991000164B9A7859788DF80120DA788DF8022064
:10992000FFF710FB4FF4B47201F1B403B3FBF2F58F
:1099300002FB15335B1A48BF03339B1000F0030092
:1099400003FB00118DF800100098FFF72BFFC0F308
:109950000743C2B2C0F30721204603B0BDE8304040
:10996000FFF7C6BF03B030BDE90C00205848002007
:1099700013B5134B0446034493F8F43019421CD03A
:10998000FFF7E0FA8DF80000FFF7DCFA40F3570329
:109990007F338DF801300B4BDB788DF80230009867
:1099A000FFF700FFC0F30743C2B2C0F30721204610
:1099B00002B0BDE81040FFF79BBF02B010BD00BF72
:1099C000E90C002058480020014B9B68184700BF55
:1099D0000C0801082DE9F04F524B87B0DC78524E4D
:1099E00004EB44034FEAA30B9B080293FF23B3FB52
:1099F000F4F3019383785BB1002211461046FFF720
:109A0000E3FF6C2200214948F6F74CFE0023337037
:109A10000025474FDFF814A13B7801333B70D04657
:109A20004FF0000932785FFA89F31A4363D1039348
:109A3000F6F796FD3F4B9842039B5CDC8AF80040AA
:109A40002946184604AAFFF739FF98B198F8002074
:109A5000029B9DF810009A425CD9A2EB0B030BFB12
:109A600003F3A4EB0B0293FBF2F32246DBB219469D
:109A7000FFF73EFF09F10109B9F10C0F08F10908E0
:109A8000D0D10135EDB2092D0AF1010AC7D13B78D9
:109A9000019A934204BF00233B7033780133DBB259
:109AA0001C2B3DD900233370234E0B233546671EF4
:109AB0003046294609220B2B04D190F800C064459A
:109AC00008BF077011F809CC013AA44524BF01F87A
:109AD000097C0C7012F0FF0201F1010100F101009C
:109AE000E9D1013B13F0FF03A5F10905E0D1002006
:109AF00007B0BDE8F08F98F80020002AA0D094426B
:109B00009ED939780198814204BF02F1FF3288F86A
:109B1000002095E76243B2FBFBF20023D2B2A6E736
:109B20003370E4E758480020F13100202132002052
:109B3000F031002054555505843200202DE9F04FB6
:109B400085B0074688461546FCF706FB8146002887
:109B50004DD0002D4ED04146384602AAFFF7AEFE4A
:109B60000446334E33782344082B22DDC4F1080A1F
:109B7000611C52463144701CF6F762FE04F1090183
:109B80005246314406F10900F6F75AFE06EB44014D
:109B90004FEA4A02193106F11900F6F751FE04F1B5
:109BA00011015246314406F11100F6F749FE86F8DC
:109BB00000A000221146964602AB96F800B0DFF8EE
:109BC00070C00193D0B200EB0B038442DBB213D818
:109BD00011B1174B5C441C704DB1164B1B7803F050
:109BE000FC037C2B03D141463846FFF7DFFD05B06F
:109BF000BDE8F08F2C46B4E701990F4E11F801AB88
:109C00000CEB030001910AF1340106EB41010E79DE
:109C10000C3349790CEB430341724670494680F896
:109C200011A083F801E083F802E00132CAE700BF27
:109C3000F331002058480020E90C00200120704733
:109C400008B5FFF7FBFF08BDC0EBC00043000020D4
:109C5000DBB203F10E02D2B2442A63F307001346CB
:109C600028BF442382B063F30F2002B07047000086
:109C70002DE9F04F074689B000780291FFF7E4FF25
:109C8000DFF8B8802E4BC4B21D8898F80430C0F3BA
:109C9000072B5B085D432B4BC5F3072503EB4406FD
:109CA00003F1F409E3B29B4507D8BBF1430F8CBF26
:109CB0000020012009B0BDE8F08F19F804207B785E
:109CC0001A4238D096F86C1096F86D2070391FFA49
:109CD00081FA0AFB0AF0203A92B202FB020080B23B
:109CE0000392FFF708F90095034698F801C098F829
:109CF000020098F803E0039A4CEA002012B20FFA2F
:109D00008AF1DDF808C040EA0E40E047C0F30723BF
:109D10008DF81C00C0F307408DF81D308DF81E0033
:109D20000798FFF73FFDC0F30743C2B2C0F3072116
:109D30002046FFF7DDFD02360134B3E75848002026
:109D400060480020E90C00200149FFF791BF00BFE7
:109D5000999600080149FFF78BBF00BFDD96000808
:109D60000149FFF785BF00BF459100080149FFF792
:109D70007FBF00BF519700082DE9F04F074685B01F
:109D80000078FFF761FF8A46DFF89480254B98F84A
:109D900004501B886D085D43234BC4B2C0F3072BEE
:109DA000C5F3072503EB440603F1F409E3B29B4531
:109DB00007D8BBF1430F8CBF0020012005B0BDE8E0
:109DC000F08F19F804207B781A4226D098F80230D8
:109DD00098F8010098F803C096F86D2096F86C107A
:109DE00040EA0320203A70392B4640EA0C40D04725
:109DF000C0F307238DF80C00C0F307408DF80D3039
:109E00008DF80E000398FFF7CDFCC0F30743C2B2F4
:109E1000C0F307212046FFF76BFD02360134C5E78A
:109E20005848002060480020E90C00200149FFF755
:109E3000A3BF00BF0D9600080149FFF79DBF00BFFB
:109E4000539600080149FFF797BF00BF77910008BC
:109E50000149FFF791BF00BF219700082DE9FF4797
:109E600006460078FFF7F0FE88461F4F1F4A3B79F1
:109E700015889B0803FB0555DFF874A0C0F307297C
:109E8000C5F30725C4B2E1B2894507D8B9F1430F3C
:109E90008CBF0020012004B0BDE8F0871AF8042030
:109EA00073781A421DD0BA787B78F87843EA022397
:109EB00043EA00402A46C047C0F307238DF80C0050
:109EC000C0F307408DF80D308DF80E000398FFF7B2
:109ED00069FCC0F30743C2B2C0F307212046FFF775
:109EE00007FD0134CFE700BF58480020604800203C
:109EF000DD0D00200149FFF7B1BF00BFA98F0008A9
:109F00000149FFF7ABBF00BF019000080149FFF70F
:109F1000A5BF00BF599000080149FFF79FBF00BFD0
:109F2000819000080149FFF799BF00BFB990000870
:109F30000149FFF793BF00BFF19000080149FFF707
:109F40008DBF00BFC59200080149FFF787BF00BF62
:109F5000259300082DE9F04F804689B00078FFF77F
:109F600073FEDFF8A490294B99F804401B88A408DD
:109F70005C43C4F30724C6B2C0F3072504F14000D4
:109F8000C0B28A46FEF7F0FF803843B22046039302
:109F9000FEF7EAFFDFF878B0A0F180077FB2F3B2F6
:109FA0009D4206D8432D8CBF0020012009B0BDE89A
:109FB000F08F1BF8061098F80120114222D000946F
:109FC00099F8022099F8010099F803C040EA0220AC
:109FD00003993A4640EA0C40D047C0F307238DF876
:109FE0001C00C0F307408DF81D308DF81E00079847
:109FF000FFF7D8FBC0F30743C2B2C0F307213046D6
:10A00000FFF776FC0136CAE7584800206048002078
:10A01000DD0D00200149FFF79DBF00BFC59100087D
:10A020000149FFF797BF00BF159200080149FFF7EC
:10A0300091BF00BF659200082DE9F04F324D0746F1
:10A0400085B00078FFF700FE2B794FF6FF760133DD
:10A05000FF2B28BFFF238846B6FBF3F6DFF8ACB032
:10A06000DFF8ACA0C0F30729C4B2E1B2894507D834
:10A07000B9F1430F8CBF0020012005B0BDE8F08F7F
:10A080001BF804207B781A422CD09AF80030214823
:10A09000013B5BB21A0627D5324629796B7801312C
:10A0A000FF2928BFFF215143AA78E87843EA022319
:10A0B000C1F30F2143EA0040C047C0F307238DF8E6
:10A0C0000C00C0F307408DF80D308DF80E0003989A
:10A0D000FFF768FBC0F30743C2B2C0F30721204675
:10A0E000FFF706FC0134C0E7C25C8A420AD103F1E3
:10A0F0000C020AEB420292F801C092784CEA02226A
:10A10000B242CAD3013BC5E758480020DD0D00200C
:10A1100064480020754800200149FFF78DBF00BF4B
:10A12000719300080149FFF787BF00BFA3930008A0
:10A130002DE9F04F82468DB008780492FFF784FD38
:10A140008B46404BC4B21B78C0F3072903933E4BA8
:10A1500003EB4406F4330593E3B2994507D8B9F10C
:10A16000430F8CBF002001200DB0BDE8F08F059B90
:10A170001A5D9BF801301A421ED057460025032273
:10A1800032490AA8F6F75CFB2E4B0AEB0308039A48
:10A19000FBB29A4213D82E4BDB786B431B128DF81F
:10A1A0002A300A98FFF7FEFAC0F30743C2B2C0F3A1
:10A1B00007212046FFF79CFB01340236CCE718F854
:10A1C000013F96F86C1096F86D20C91A98F808307F
:10A1D00089B2D21A92B202FB02F001FB010080B2F6
:10A1E00007920691FEF787FE194B07F10C0E93F8C4
:10A1F00004C0144B0CF1010CBCF1FF0F28BF4FF051
:10A20000FF0C03EB4E0E9EF801309EF802E0079A19
:10A2100043EA0E2303FB0CFC0699CCF30F238DF8C5
:10A220002A500093049D034612B20A9809B2A84727
:10A23000C0F307238DF828008DF82930C0F30745B7
:10A240000137A4E764480020E90C002059480020A9
:10A2500058480020044B01461B78044A013B23EA7E
:10A26000E373D8B2FFF764BF64480020D1930008BD
:10A270000146024A0020FFF75BBF00BFD1930008F0
:10A28000044B01461B78044A013B23EAE373D8B22E
:10A29000FFF74EBF64480020199400080146024AA7
:10A2A0000020FFF745BF00BF19940008044B01468A
:10A2B0001B78044A013B23EAE373D8B2FFF738BFA7
:10A2C000644800208D9400080146024A0020FFF7F0
:10A2D0002FBF00BF8D940008044B01461B78044A31
:10A2E000013B23EAE373D8B2FFF722BF64480020A2
:10A2F000059500080146024A0020FFF719BF00BF7C
:10A3000005950008044B01461B78044A013B23EAEB
:10A31000E373D8B2FFF70CBF6448002051950008E2
:10A320000146024A0020FFF703BF00BF5195000815
:10A33000F7B506460078FFF787FC184AC5B2537890
:10A340009178C0F30724D07843EA012343EA004020
:10A35000FFF728FAC0F307238DF80530104FC0F33C
:10A3600007438DF804008DF80630EBB29C4205D807
:10A37000432C8CBF0020012003B0F0BD7A5D7378C0
:10A380001A4208D028469DF806309DF804209DF812
:10A390000510FFF7ADFA0135E7E700BF5848002088
:10A3A000DD0D00202DE9FF4106460078FFF74CFC4B
:10A3B000DFF89C80032208F10101C4B2C0F3072535
:10A3C00001A8F6F73DFA019898F80170FFF7EAF94D
:10A3D000C0F307238DF8093098F804308DF8080091
:10A3E0001F448DF80470C0F307408DF80A000198EF
:10A3F000FFF7D8F9C0F307238DF80D30154FC0F3E0
:10A4000007438DF80C008DF80E30E3B29D4206D85C
:10A41000432D8CBF0020012004B0BDE8F0813B5DDE
:10A420007278134211D0DB07204643BF9DF80E30EF
:10A430009DF80C209DF80D109DF80A305CBF9DF82A
:10A4400008209DF80910FFF753FA0134DDE700BF3B
:10A4500058480020DD0D00202DE9FF470646007812
:10A46000FFF7F2FBDFF86C800322C4B2C0F30725CC
:10A4700008F1010102A8F6F7E3F9DFF85C9098F81B
:10A480000470A9F1870ABF08E3B29D4206D8432DA4
:10A490008CBF0020012004B0BDE8F08719F804202B
:10A4A00073781A4213D01AF8142098F80130120960
:10A4B00002FB07338DF808300298FFF773F9C0F3F9
:10A4C0000743C2B2C0F307212046FFF711FA013457
:10A4D000DAE700BF58480020DD0D00202DE9FF47D6
:10A4E00006460078FFF7B0FBDFF86C800322C4B2A9
:10A4F000C0F3072508F1010102A8F6F7A1F9DFF87A
:10A500005C9098F80470A9F1880ABF08E3B29D42F4
:10A5100006D8432D8CBF0020012004B0BDE8F08791
:10A5200019F8042073781A4213D01AF8142098F8F6
:10A5300001307A4303EB52138DF808300298FFF78D
:10A5400031F9C0F30743C2B2C0F307212046FFF739
:10A55000CFF90134DAE700BF58480020DD0D0020B4
:10A560002DE9FF4106460078FFF76EFBDFF8948087
:10A57000032208F10101C5B2C0F3072402A8F6F7CF
:10A580005FF9214B98F80370188898F80430DB08BD
:10A590005843C0F30720FEF7E7FCA0F180035BB24D
:10A5A000002BBCBFC0F1800043B25B00DBB27B4339
:10A5B0001B128DF80A300298FFF7F4F8134FC0F31E
:10A5C00007238DF80C00C0F307408DF80D308DF88F
:10A5D0000E00EBB29C4206D8432C8CBF0020012019
:10A5E00004B0BDE8F0817A5D73781A4208D028463D
:10A5F0009DF80E309DF80C209DF80D10FFF778F9AE
:10A600000135E6E75848002060480020DD0D0020B5
:10A6100073B505460078FFF717FBAB78C6B2C0F3F9
:10A62000072423BB134B144A1B7912881033FF2BCA
:10A6300028BFFF2353430A22C3F30F23B3FBF2F1D6
:10A6400002FB11339BB23BB9FEF77CFC4423584319
:10A6500069780012FFF754F9432C8CBF00200120C9
:10A6600002B070BD30466978FFF74AF90136B4424E
:10A67000F8DCF1E7584800206048002073B5054633
:10A680000078FFF7E1FAAB78C6B2C0F307242BBB22
:10A69000144B154A1B7912881033FF2B28BFFF2358
:10A6A00053430522C3F30F23B3FBF2F202EB820202
:10A6B0009B1A9BB23BB9FEF745FC4423584369788B
:10A6C0000012FFF755F9432C8CBF0020012002B087
:10A6D00070BD30466978FFF74BF90136B442F8DCBB
:10A6E000F1E700BF58480020604800202DE9FF41F5
:10A6F00006460078FFF7A8FADFF89880032208F1F1
:10A700000101C5B2C0F3072402A8F6F799F8224B5D
:10A7100098F80170188898F80430DB085843C0F3A3
:10A720000720FEF721FC0C22A0F180035BB2002B76
:10A73000BCBFC0F1800043B25B00DBB2534307EB08
:10A7400013278DF808700298FEF7D0FB134FC0F363
:10A7500007238DF80C00C0F307408DF80D308DF8FD
:10A760000E00EBB29C4206D8432C8CBF0020012087
:10A7700004B0BDE8F0817A5D73781A4208D02846AB
:10A780009DF80E309DF80C209DF80D10FFF7B0F8E5
:10A790000135E6E75848002060480020DD0D002024
:10A7A0002DE9F04F074687B00078FFF74DFAC3B2A6
:10A7B0000193BB78C0F307244BB100221146104629
:10A7C000FFF702F96C2200213B48F5F76BFF3B785D
:10A7D00083B30026B0464FF0090B384B06EB030A53
:10A7E000354B06EB03091AF8013B019A93420CD34F
:10A7F000A3420AD2314A134493F8F4207B781A42D8
:10A8000027D108F101085FFA88F80BF1FF3313F044
:10A81000FF0B09F10109E6D1632E04D0B8F10D0F49
:10A8200006F10906D7D9432C8CBF0020012007B0C0
:10A83000BDE8F08F224D288802F0C3F818288CBF9D
:10A84000012200221F4B1A70C3D902F0B5F82880EC
:10A85000BFE799F800501C4AA5F1550323EAE373BA
:10A86000C3F1AA038DF810309378D2788DF81130A7
:10A8700005F1AA03FF2B28BFFF2303EB4303023399
:10A88000DBB253431B128DF812300498FEF78AFF97
:10A89000C0F30743C2B2C0F307211AF8010CFFF757
:10A8A00027F8084B1B78002BABD0013D25EAE57556
:10A8B00089F80050A5E700BF21320020E90C0020F4
:10A8C0008E3200208D3200205848002013B50078C9
:10A8D000FFF7BAF9C0F307242146C0B2F8F728FC05
:10A8E000432C8CBF0020012002B010BD2DE9F04F99
:10A8F000954B8FB01B78954E8342029046D1944A77
:10A900003378127803F003039B1A18BF0123914D8B
:10A910006A78AB7073799A4205D0002211461046CE
:10A920006B70FFF751F8029A2D2A38D8DFE812F041
:10A93000300039004D005100550059005D006100A4
:10A94000650069006D007100750079007D0081006F
:10A95000850089008D009100950099009D00A1005F
:10A96000A500A900AD00B100B5001C01CA0181021B
:10A97000850289028D029102AC02B002B402B802D3
:10A98000BC02C002C402C802CC02D0020123BEE74E
:10A99000AB7823B1002211461046FFF715F80020CE
:10A9A00002E06C48FFF7C4FC6A4B1A7801321A7057
:10A9B00040B90221684A9B7811701BB9029B0BB900
:10A9C000032313700FB0BDE8F08F6248FFF7EAFC75
:10A9D000EAE76048FFF740FDE6E75E48FFF77EFDE7
:10A9E000E2E75C48FFF7BCFDDEE75A48FFF782FA72
:10A9F000DAE75848FFF784FAD6E75648FFF716FA21
:10AA0000D2E75448FFF718FACEE75248FFF79CF90F
:10AA1000CAE75048FFF79EF9C6E74E48FFF776FAB7
:10AA2000C2E74C48FFF778FABEE74A48FFF77AFAE0
:10AA3000BAE74848FFF77CFAB6E74648FFF790F9CF
:10AA4000B2E74448FFF7FEF9AEE74248FFF700FAE5
:10AA5000AAE74048FFF78AF9A6E73E48FFF7DAFA87
:10AA6000A2E73C48FFF7DCFA9EE73A48FFF7DEFA38
:10AA70009AE73848FFF7CCFD96E73648FFF7FEFD2A
:10AA800092E73448FFF732FE8EE73248FFF756FA76
:10AA90008AE73048FFF758FA86E72878FFF7D4F8B6
:10AAA000DFF8B8802E4FD8F800203B68C0F30724A9
:10AAB0009A4237D9FEF746FA44235843294B4FEAC6
:10AAC000202903EB202393F8F4206B781A4229D035
:10AAD000FEF738FA82072AD50023ADF830308DF81A
:10AAE00032300C98FEF75EFEC0F30721C0F3074337
:10AAF000C2B28DF834008DF835108DF836304846E6
:10AB0000DBB2C9B2FEF7F4FE33794FF4FA721033B8
:10AB1000FF2B28BFFF231B09B2FBF3F3D8F800205B
:10AB200013443B60432C8CBF002001203CE7FEF720
:10AB300009FA8DF83000FEF705FA40F357007F3030
:10AB4000F3788DF83100CAE7340F00205848002010
:10AB5000350F0020310F0020300F0020604800200A
:10AB6000EC310020E90C0020DFF8F092DFF8F0A2D1
:10AB7000D9F80020DAF800309A423FF610AFAB78EF
:10AB8000B84FB3B10022002411461046FEF71CFF57
:10AB9000B846A346FEF7D6F9830742D588F800B039
:10ABA00088F801B088F802B00134442C08F1030899
:10ABB000F0D12878FFF748F8ADF83000C0F307244B
:10ABC000C0B200EB4008DFF8A0B2B844C3B29C4268
:10ABD00047D8432CA6D9A54904EB4402033AC81E22
:10ABE000F5F7B0FDFEF7AEF904F1FF3810F0020FF3
:10ABF0004FEA480548D0002345447A197B555370E5
:10AC00009370337940F6B8321033FF2B28BFFF23FF
:10AC10001B09B2FBF3F3DAF800201344C9F8003043
:10AC200080E7FEF78FF98DF83400FEF78BF9F378A3
:10AC300040F357007F3004EB44028DF836308DF836
:10AC40003500BB180D9803920193FEF74FF9039A54
:10AC5000019BB854C0F30722C0F307405A709870A4
:10AC6000A2E71BF800206B781A4209D098F802304E
:10AC700098F8002098F801100190FEF739FE01982D
:10AC800008F103080130A1E7FEF75CF98DF8340004
:10AC9000FEF758F9F37840F357007F308DF83630DF
:10ACA0008DF835000D98FEF721F94544785507EBEE
:10ACB0000508C0F30723C0F3074088F8013088F87F
:10ACC00002009EE7AB7823B1002211461046FEF742
:10ACD0007BFE2878FEF7B8FFC0F307230893604B8C
:10ACE000ADF830001A68624B1B689A4240F29880B7
:10ACF000B2787378F07843EA022343EA0040FEF723
:10AD000051FD5C4DC0F30722A946C0F307438DF8FF
:10AD100035208DF83630C1B2D2B2DBB2564FDFF8F3
:10AD20005CA18DF83400039104920593AB46B846BC
:10AD300000260935CDF818B0079518F8014B002CFE
:10AD400071D0039B059C049A0193069B13F8010B99
:10AD5000069309EB000393F8F4109AF801301942B6
:10AD600005D0234601990992FEF7C2FD099A079B77
:10AD700013F8010D079309EB000393F8F4109AF808
:10AD80000130194203D023460199FEF7B1FD013687
:10AD900098F80030F6B2032E08F8013CCDD1FC78CB
:10ADA000002C43D0059C039EDDF810809BF8030027
:10ADB00009EB000393F8F4209AF801301A4204D00A
:10ADC000234642463146FEF793FD9BF8050009EB0A
:10ADD000000393F8F4209AF801301A4204D0234675
:10ADE00042463146FEF784FDFEF7ACF810F0030F43
:10ADF0000CBF01230023FB70214B04379D4295D1EA
:10AE0000204B40F6B8321B791033FF2B28BFFF23AD
:10AE10001B09B2FBF3F3124A12681344144A13607D
:10AE2000089B432B7FE6224601948EE72646A046E8
:10AE3000BCE71248FFF7B4FCB6E51048FEF7CAFDC0
:10AE4000B2E50E48FFF768F9AEE50C48FFF76AF97E
:10AE5000AAE50A48FFF7FEF9A6E500BFE8310020A1
:10AE6000604800201C310020DD0D00201F31002033
:10AE700018310020E90C0020E8300020310F0020BC
:10AE8000550D0020584800201348FFF7F1F98BE5D5
:10AE90001148FFF7F5F987E50F48FFF7FFF983E55C
:10AEA0000D48FFF703FA7FE50B48FFF70DFA7BE546
:10AEB0000948FFF711FA77E50748FFF71BFA73E532
:10AEC0000548FFF71FFA6FE50348FFF729FA6BE51E
:10AED0000148FFF7FBFC67E5310F002007B500785C
:10AEE0000138C0B2FEF7B0FEC0F30721C0B2FAF7D6
:10AEF00075FE03B05DF804FB2DE9F0413C4C3D4E7E
:10AF00002068FCF7B1FE0546FCF79EFE2060002499
:10AF100096F800E0A4467146C5F57F47FF37E3B2D7
:10AF20009E4514D8BCF1000F00D03170324B1B7815
:10AF30002BBB324B1B7813F0030500D09D08304C1F
:10AF40002378032B29D8DFE803F01C2A394504F1C4
:10AF50000C0206EB4202537892F80280013443EA75
:10AF600008239F4229BF5B1901F1FF315370C3F3DE
:10AF700007233ABF4FF0010CC9B29370CFE7002509
:10AF8000DDE700221F4B1B491A701F4B2922186056
:10AF90001E48F5F755FC01232370BDE8F0812846D3
:10AFA000FFF7A4FC002DF8D02378022B01D1FEF787
:10AFB00047FEBDE8F0411348FFF790BF144B154A18
:10AFC0001D700E4B1B78C3F301031370FEF78AFC50
:10AFD0000323E1E7104B1B780BB1FEF7D5FB0A4BBF
:10AFE0001868FCF741FE0F28D7D90023D4E700BF2B
:10AFF0001C320020F331002020320020584800206D
:10B00000300F0020310F00206048002064480020ED
:10B01000340F0020350F0020F231002010B500243D
:10B020000D4B1B6898470D481022FF2100F8194B63
:10B03000F5F738FB0A481022FF2100F8194BF5F705
:10B0400031FBFEF7AFFA074B1B78032B03D8BDE8A3
:10B050001040FEF71BBC10BD0C080108644800201E
:10B06000F33100205848002070B504460A4E88B1DC
:10B0700035787DB92846FFF739FC084B084A1D7022
:10B08000084B1B78C3F301031370FEF72BFC03225C
:10B09000054B1A70347070BD20320020340F002030
:10B0A000350F002058480020300F0020044A137844
:10B0B00083F0010313700022024B1A70FEF76ABA84
:10B0C00058480020300F00200120FFF7EFBF00009C
:10B0D000064A137813F0030304BF05490B700121DE
:10B0E000137861F301031370704700BF58480020C4
:10B0F000300F002008B5FFF7EBFFBDE80840012046
:10B10000FEF748BA054B1A7892071EBF0021044A81
:10B1100011701A7822F003021A7070475848002004
:10B12000300F002008B5FFF7EDFFBDE80840012013
:10B13000FEF730BA024B187800F00300704700BFEA
:10B14000584800200C4A034608461178890711D058
:10B1500063B12D2B0CD803F03F03117863F3870103
:10B1600011700022054B1A70FEF714BA0123F4E7A0
:10B170002D23F2E7704700BF58480020300F002011
:10B180000121FFF7DFBF0000014B187880087047EE
:10B1900058480020054B01461B789B0801332E2B95
:10B1A00034BF18460120FFF7CDBF00BF584800202C
:10B1B0000120FFF7EFBF0000064B01461B78C3F3E9
:10B1C0008503013B13F0FF0314BF18462D20FFF742
:10B1D000B9BF00BF584800200120FFF7EDBF0000B5
:10B1E00030B4084C0546184623789B0708D0962AA9
:10B1F00028BF96226570A170E27030BCFEF7CAB914
:10B2000030BC7047584800200023FFF7E9BF0123F6
:10B21000FFF7E6BF07B50322094901A8F5F710FBC0
:10B2200000209DF8043063F307009DF8053063F3B8
:10B230000F209DF8063063F3174003B05DF804FB60
:10B2400059480020014BD878704700BF584800206B
:10B25000034903464878CA7808308978FFF7C0BFA9
:10B26000584800200120FFF7F3BF0000054910B443
:10B270004C780346083CCA78A0B2897810BCFFF726
:10B28000AFBF00BF584800200120FFF7EFBF00000C
:10B2900010B4064C0346A178E2781031FF2928BF8C
:10B2A000FF216078C9B210BCFFF79ABF5848002050
:10B2B0000120FFF7EDBF000010B4064C0346A17853
:10B2C000E278103921EAE1716078C9B210BCFFF769
:10B2D00087BF00BF584800200120FFF7EDBF0000E6
:10B2E00010B4064C0346E278A1781E32FF2A28BF2C
:10B2F000FF226078D2B210BCFFF772BF584800201E
:10B300000120FFF7EDBF000010B4064C0346E278C1
:10B31000A1781E3A22EAE2726078D2B210BCFFF73E
:10B320005FBF00BF584800200120FFF7EDBF0000BD
:10B33000024B18710120FEF72DB900BF58480020BC
:10B34000014B1879704700BF58480020044A137910
:10B350002833FF2B28BFFF231371FEF71BB900BF53
:10B36000584800200120FFF7F1BF0000034A13797D
:10B37000283B23EAE3731371FEF70CB95848002009
:10B380000120FFF7F3BF0000F0B50C4D00EB4007C4
:10B39000EE1996F801C044008C4505D1EF5D974247
:10B3A00002D1B6789E4207D001272044044E2C18C3
:10B3B000377061702A54A370F0BD00BF8D48002023
:10B3C0009032002070B5134605460E4600242046F4
:10B3D000324629460134FFF7D7FF442CF7D170BD20
:10B3E00008B500F053FA0022014B1A7008BD00BFE7
:10B3F0009032002010B5054C23782BB1442104482D
:10B4000000F060FA0023237010BD00BF90320020CE
:10B410008D48002000B110470847000038B54D792D
:10B420000446002D43D1FBF71DFFA4F5F043203B5C
:10B4300000F02200142B3AD8DFE803F00B0F1417AA
:10B440001A1D202326292C2F3335370D0D0D0D0DF8
:10B450000D00FFF739FE284638BD164A1649FFF79A
:10B46000D9FFF8E7144A1349F9E7144A1449F6E7F3
:10B47000134A1249F3E7134A1349F0E7124A1149F4
:10B48000EDE7124A1249EAE7114A1049E7E7114A83
:10B490001149E4E7104A0F49E1E70120FFF770FE88
:10B4A000D9E70520FAE70D20F8E71220F6E7012595
:10B4B000D1E700BFD9B10008B1B1000889B20008D6
:10B4C00065B20008D9B20008B1B2000829B300087B
:10B4D00001B3000881B3000865B300082DE9F0410D
:10B4E0004FF0120C46180546194610460027B54283
:10B4F00001D3BDE8F08115F8013B83EA0002A2FB0D
:10B500000C830CFB01334801540114EB080440EA9E
:10B51000D26043EB00034FEAC218A4184FEAC110EF
:10B5200041EB03034FEA022E40EA526014EB080499
:10B530004FEA012143EB000341EA126114EB0E04D0
:10B5400043EB01030EEB03013819D0E7FAF704BE11
:10B5500008B5082200210348F5F7A4F8BDE8084023
:10B5600000F008B9923200208378C078013303F0EC
:10B5700003031B1A58425841704710B50446FFF7A1
:10B58000F3FF78B9A37801F07F01E01841EAC21215
:10B5900002710120013303F00303A3702378013308
:10B5A000237010BD0020FCE710B5C37884789C425E
:10B5B00011D003441B79C3F3C014C3F306030B700B
:10B5C0001470C378013303F00303C370437801336D
:10B5D0004370012010BD0020FCE700000A46014630
:10B5E0000148FFF7CABF00BF923200200A46014659
:10B5F0000148FFF7D9BF00BF9232002008B50822EA
:10B600000149F5F71DF908BD923200200122014BD6
:10B610001A707047913200200120704738B50D46EE
:10B62000FFF7FAFF044620B10A2125B1A920FBF754
:10B6300019F8204638BDAA20F9E737B500250DF1E5
:10B6400007010DF10600FFF7D1FF044610B92846A7
:10B6500003B030BD9DF807109DF80600FFF7DEFF30
:10B660002546ECE710B5FFF771FF044610B1FFF770
:10B67000E4FF04460A4B1A7832B100221A70094BD3
:10B680009A78DA701A785A7000F0D2F8FFF75EFFF5
:10B6900018B1FFF7D2FF0443E4B2204610BD00BF4B
:10B6A00091320020923200204FF4165002F03ABA44
:10B6B00069B1084B53F82000431C0AD0012100F067
:10B6C0000F032022994020F00F0003F011BE024B1F
:10B6D000F0E77047A0320020A432002079B1094B76
:10B6E00053F820305A1C1FBF23F00F02106903F0DB
:10B6F0000F03D84014BF00F0010000207047024B38
:10B70000EEE700BFA0320020A43200207047000006
:10B710002DE9F0410025154F3B78ECB2A3420CD83F
:10B72000FFF7C2FF0026DFF848803B78F5B2AB4256
:10B730000DD8FFF7EBFFBDE8F08100212046FFF7B1
:10B74000B7FF01212046FFF7B3FF0135E4E70021F1
:10B750002846FFF7C3FF012104462846FFF7BEFF36
:10B7600044EA400408F805400136DEE79B32002039
:10B770009D32002000210A4A13780A4B1970137871
:10B78000094983F001030B701178127832B92BB19B
:10B79000064B074A1A60074B013A1A60FFF7B8BF19
:10B7A0006C0E00209A3200209B320020A432002030
:10B7B00007040040A032002070B541EA4203184A55
:10B7C0000446115CDBB201F00300834226D043EA59
:10B7D0008103DBB21355134A134E1578134A03F055
:10B7E0000F03D35C325D254413445BB2032BEDB2EF
:10B7F000335503DD00212846FFF7F0FE33570333AE
:10B8000003DA01212846FFF7E9FE33575A4202F0D6
:10B81000030203F0030358BF5342335570BD00BF0A
:10B820009D3200209A3200209C3200201C09010821
:10B83000F8B500250A4F3B78ECB2A34200D8F8BD1A
:10B8400000212046FFF74AFF012106462046FFF768
:10B8500045FF314602462046FFF7AEFF0135EAE7D5
:10B860009B320020C1F10301490040FA01F302229A
:10B8700013F0010F14BF0E2308238A4002421ABF9F
:10B88000A3F12000C0B243F08000704710B50A4C0D
:10B8900040F282224FF40041084803F029FD20467F
:10B8A00002F0AEFF2046064902F034FF2046BDE814
:10B8B000104002F04BBF00BF4C4D00200004004080
:10B8C0002C0901082DE9F04F05460E4600244FF0E3
:10B8D0000C08274F85B0E3B2B34208D34FF4697127
:10B8E000234A244805B0BDE8F04F02F04ABF4FF0AC
:10B8F000000A03EB43016A1808FB03F9695C029133
:10B90000517892780391019209F1030202EB070B3F
:10B9100051460298FFF7A6FF0AF1010ABAF1040F97
:10B920000BF8010FF4D14FF0000B09F1070207EB00
:10B93000020A59460398FFF795FF0BF1010BBBF183
:10B94000040F0AF8010FF4D14FF0000B09F10B03BB
:10B9500007EB030A59460198FFF784FF0BF1010B2F
:10B96000BBF1040F0AF8010FF4D10134B3E700BFB3
:10B97000A83200204C4D0020704702460144FF20B1
:10B9800010B58A4200D110BD082412F8013B58407E
:10B9900043B2002BBABF5B0083F031034300013C8C
:10B9A000D8B2F5D1EDE700002DE9F843904699466D
:10B9B00010B90020BDE8F8830029FAD0002AF8D099
:10B9C000002BF6D0054600232F783FBB164E327869
:10B9D000541CE4B23470BCB100234FEA031C10F8CD
:10B9E0000CC0A44510D001338B42F6D107B134709E
:10B9F00033782B7000F0A8FF089B40446860C5F8BE
:10BA000008903078EB60D5E7631C94424FF0010753
:10BA1000DBB201D13370CCE71C46DCE701338B424B
:10BA200005F11005D0D1C4E7D0360020034610B58B
:10BA300010468BB191B14AB100221C78844206D1E4
:10BA4000002201201A705A609A60DA6010BD01323B
:10BA5000914203F11003F0D10020F7E70846F5E723
:10BA60002DE9F041154604460E4600F06DFF2B68A7
:10BA70000746C31A002B03DD28600025B54201D11B
:10BA8000BDE8F08194F80080B8F1000F0DD0606837
:10BA9000C31B002B09DCA368E16898472378434562
:10BAA00003D128B163680344636001351034E5E7CE
:10BAB00020706060A060E060F7E7000007B50B460B
:10BAC0000092082102460348FFF76EFF03B05DF8BD
:10BAD00004FB00BF4C360020024608210148FFF756
:10BAE000A5BF00BF4C3600200821024A0248FFF7DC
:10BAF000B7BF00BFCC3600204C36002047F61643B7
:10BB0000984210B50C461BD1FBF7ACFB62790D4B8C
:10BB100072B100F0AA00002813BF012200222920E0
:10BB200035201A7000F020FEFBF760FC002010BDED
:10BB30001B78002B0CBF2920352000F02FFEF3E7E7
:10BB40000120F4E7D136002038B5054648790028B1
:10BB500000F0DC80A5F5E045ABB2222B00F2BB8003
:10BB6000FBF7DEFC6A4C013D2080212D12D8DFE876
:10BB700005F04DBD551B1F59235D692FB5336D373A
:10BB800071973B759F417B8327612B65477F8EA90A
:10BB9000B31651C5237843F00103237095E0637811
:10BBA00043F00803637090E0237843F00203F4E766
:10BBB000237843F00403F0E7237843F00803ECE72D
:10BBC000637843F00103EDE7637843F00203E9E7AC
:10BBD000237843F01003E0E7237843F02003DCE709
:10BBE000237843F04003D8E7FAF7A0FF237843F027
:10BBF0008003D2E7237823F00C0343F00C03CCE757
:10BC0000637823F0030343F00303CBE7237823F0A7
:10BC10000103C2E7637823F00803C3E7237823F026
:10BC20000203BAE7237823F00403B6E7237823F06E
:10BC30000803B2E7637823F00103B3E7637823F0E6
:10BC40000203AFE7237823F01003A6E7237823F05D
:10BC50002003A2E7237823F040039EE7FAF766FF6C
:10BC6000237823F0800398E7237823F00C0394E7EC
:10BC7000637823F0030395E72378C3F3800282F00F
:10BC80000102D2B262F3820362F3C30385E76378F1
:10BC9000DA4302F0010262F3000362F3410381E739
:10BCA0002378C3F3801282F0010262F3861374E7F3
:10BCB000FAF73CFF2378C3F3C01282F0010262F36B
:10BCC000C7136AE70120FBF740FC2088FBF72BFC39
:10BCD000FAF72CFF002038BD0020F4E72378C3F3E7
:10BCE000001282F0010262F3041356E72378C3F3D3
:10BCF000000282F0010262F300034EE76378C3F3AF
:10BD0000C00282F0010262F3C3034BE70120E2E7C5
:10BD10001C48002000EB4003C3EB031300EB83003F
:10BD200083B200B2002807DA803800B2002800DAB7
:10BD3000FF3040F30720704703F18000F9E700006F
:10BD4000164B1B78D90707D5154B187840007F286C
:10BD50001FD800B3C0B270479A0703D5104B1878AC
:10BD60008000F4E75B0703D50D4B1878C000EEE7C1
:10BD70000C4B1B785BB10C4A094912780878934246
:10BD8000F4D25843C000B0FBF2F080B2DFE70820E5
:10BD9000E0E77F2070470120704700BFD8360020C1
:10BDA0003D0F0020D73600203C0F0020144B1B789D
:10BDB000D90705D5134B18788008F0B1C0B2704789
:10BDC0009A0703D50F4B18784008F6E75B0705D5AF
:10BDD0000C4B18787F28F0D97F2070470A4B1B78CE
:10BDE0004BB10A4A07491278087893423CBF58433E
:10BDF000B0FBF2F0EEE70120E0E70120704700BF62
:10BE0000D8360020390F0020D6360020380F002009
:10BE100008B5A0F1CD03122B10D8DFE803F00A100B
:10BE200013192E2E2E2E2E2E2E2E1C21252B363C77
:10BE30004100FFF785FF40421C4BD87008BDFFF75B
:10BE40007FFFF9E7FFF77CFF4042184B9870F5E75A
:10BE5000FFF776FFF9E7FFF7A9FF144B1871EDE73D
:10BE6000FFF7A4FF4042F8E7FFF7A0FF40420F4B67
:10BE70005871E3E7FFF79AFFF9E701230B4AD1383E
:10BE8000517883400B435370D8E7094A137843F045
:10BE900001031370D2E7064A137843F00203F8E770
:10BEA000034A137843F00403F3E700BFD9360020B8
:10BEB000D836002030B5414BCD2893F9035093F983
:10BEC000024093F9041093F9052012D1002D01DAF4
:10BED0000022DA70D9789A780A4351B20AB9384AFE
:10BEE00011701A795B7913435AB20BB9354B1A703A
:10BEF00030BDCE2802D1002DEADCEBE7CF2804D1FB
:10BF0000002CE7DA00229A70E4E7D02802D1002C56
:10BF1000F8DCDFE7D92804D10029DBDD00221A7123
:10BF2000D8E7DA2802D10029D4DAF7E7DB2804D1F0
:10BF3000002ACFDA00225A71CCE7DC2802D1002A8D
:10BF4000F8DCC7E7D1380E28C4D801A252F820F097
:10BF50008DBF00088DBF00088DBF00088DBF000891
:10BF60008DBF00088DBF00088DBF00088DBF000881
:10BF7000D5BE0008D5BE0008D5BE0008D5BE000855
:10BF80009BBF0008A7BF0008B1BF000801215A7875
:10BF9000814022EA01025A709CE70B490A7822F09C
:10BFA00001020A7096E708490A7822F00202F8E7CF
:10BFB00005490A7822F00402F3E700BFD9360020D1
:10BFC000D7360020D6360020D836002008B500F03D
:10BFD000F3FC094B9A78D9780A431CBF074A1080B2
:10BFE0001A795B791A431CBF054B18800248BDE8DB
:10BFF000084000F0DFBA00BFD9360020D436002058
:10C00000D2360020062208B500210548F4F74AFB85
:10C010000023044A1370044A1370044A137008BDC5
:10C02000D9360020D7360020D6360020D83600205A
:10C0300090F902305BB990F9033043B990F90430BC
:10C040002BB990F90500003818BF01207047012076
:10C050007047000037B5584C062221466846F4F771
:10C06000EFFB00239DF80320A370E370237163713D
:10C070009DF8023013430AD0504B188800F0A1FC01
:10C080004F490B783BB34F4A127890422CDC9DF815
:10C0900004309DF8052013430BD04B4B188800F05B
:10C0A00090FC4A490B78002B4DD0494A12789042B7
:10C0B00052DC6946404800F0A7FB18B93E48FFF73C
:10C0C000B7FF08B1FFF782FF062269463A48F4F746
:10C0D000B7FB03B030BD0A253E4A12786A4390424E
:10C0E000D5DD01330B7001E0FF2BFAD19DF9025031
:10C0F0003DB1FFF725FE002DD4BFFF230123584398
:10C10000A0709DF903503DB1FFF71AFE002DD4BF7A
:10C11000FF2301235843E07094F902000028B6D0B1
:10C1200094F90320002AB2D0FFF7F4FD002808BFDD
:10C130000120A0701046FFF7EDFD08B1E070A6E702
:10C140000123E370A3E70A25234A12786A43904249
:10C15000AFDD01330B7001E0FF2BFAD19DF90450E4
:10C160003DB1FFF723FE002DD4BFFF230123584329
:10C1700020719DF905503DB1FFF718FE002DD4BF89
:10C18000FF2301235843607194F90400002890D0E4
:10C1900094F90520002A8CD0FFF7BCFD002808BFC9
:10C1A000012020711046FFF7B5FD08B1607180E7EE
:10C1B000012363717DE700BFD9360020D43600200B
:10C1C000D73600203E0F0020D2360020D636002081
:10C1D0003A0F00203F0F00203B0F00204B4B4C4AF2
:10C1E0002DE9F04113F80080C308D55C494A00F0FE
:10C1F0000700D65C484A0541D75C0641074115F067
:10C2000001050C4606F0010607F0010711D0E120F8
:10C21000FAF7A6F9002C6AD040484FF47A72A4FBD2
:10C2200000030021002300F2E730F3F7DFFF01F005
:10C2300042FE8EB1E620FAF793F9002C59D0374828
:10C240004FF47A72A4FB00030021002300F2E730D0
:10C25000F3F7CCFF01F02FFE21464046FAF702FA31
:10C26000002C48D02D484FF47A72A4FB0003002123
:10C27000002300F2E730F3F7B9FF01F01CFE86B1AE
:10C28000E620FAF7B5F9C4B324484FF47A72A4FB58
:10C2900000030021002300F2E730F3F7A7FF01F0CD
:10C2A0000AFE85B1E120FAF7A3F944B31B484FF425
:10C2B0007A72A4FB00030021002300F2E730F3F7B9
:10C2C00095FF01F0F8FDF7B12C20FAF7E9F9C4B1B8
:10C2D000124B4FF47A72A4FB03030021002300F2F7
:10C2E000E730F3F783FFBDE8F04101F0E4BD012042
:10C2F0009DE70120AEE70120BFE70120CFE7012045
:10C30000DFE70120EFE7BDE8F08100BF4009010849
:10C31000E0090108D0090108C0090108A086010050
:10C32000F8B504462B480D46A1FB00034FF47A7282
:10C330000023002100F2E730F3F758FF074620788A
:10C34000002846D0012840D16378013B032B03D855
:10C35000DFE803F0090F14190134A5B3384601F0E2
:10C36000AAFD0134EBE7A078A61CFAF799F9344648
:10C37000F3E7A078A61CFAF7F3F8F8E7A078A61C74
:10C38000FAF736F9F3E700260A2014F8023F124ABA
:10C39000D15C11F004010ED19EB140F2E730DFF81C
:10C3A00034C04FF47A720023C6FB0C01F3F71EFF72
:10C3B00001F081FDD1E7303B00FB063614F8013F68
:10C3C000E6E70120F4E70120C9E72946FFF706FF69
:10C3D000C7E7F8BDA0860100B90001080021FFF7FA
:10C3E0009FBF0000F8B5144642791D469DF81870AD
:10C3F000294B92B11C7000F0DFFA284B188004F131
:10C400002003DBB2072B45D8012004F00704A0402D
:10C41000C0B2BDE8F840FAF74BB91E78A6422FD15A
:10C420001E4B188800F0CDFAB0F5967F28D2AE42A8
:10C4300005F1200415D006F12003DBB2072B06D846
:10C44000012006F00706B040C0B2FAF73AF9E3B2AD
:10C45000072B06D8012005F007039840C0B2FAF771
:10C4600027F93846E4B2FAF71BF9072C12D8012055
:10C4700005F00705A840C0B2BDE8F840FAF721B9B9
:10C4800004F12003DBB2072B04D8012004F00704D9
:10C49000A040F0E7F8BD00BFE2360020E036002003
:10C4A0000346A3F5F843183B07B50846062B3BD8CF
:10C4B000DFE803F0171E0410252C33002623009319
:10C4C000E12347F61A411A46FFF78CFF002003B01C
:10C4D0005DF804FB27230093E52347F61B411A462A
:10C4E000F2E72623E022009347F61841E123EBE729
:10C4F0002723E422009347F61941E523E4E72623A6
:10C50000E222009347F61C41E123DDE72723E622E0
:10C51000009347F61D41E523D6E72823E522009343
:10C5200047F61E410123CFE74B7913B10022024B9E
:10C530001A700120CBE700BFE2360020014B1860E3
:10C54000704700BFE8360020014B1868704700BFF5
:10C55000E8360020014B1870704700BFE33600201A
:10C5600010B5F9F7F9FD10B9054B187810BD054B5A
:10C5700018680028FAD0BDE810400368184700BFCB
:10C58000E3360020E836002008B5FFF7E9FF08BDD4
:10C59000024B1B680BB15B6818477047E8360020F8
:10C5A000034A12681AB10621017093681847704750
:10C5B000E8360020034A12681AB102210170D368DC
:10C5C00018477047E83600200B4B07B51A8882429F
:10C5D0000ED01880094B1B6853B103228DF805005B
:10C5E000000A8DF806001B698DF8042001A8984701
:10C5F00003B05DF804FB00BFE6360020E8360020FB
:10C600000B4B07B51A8882420FD01880094B1B6864
:10C610005BB104228DF80500000A8DF806001B6945
:10C620008DF804200DEB0200984703B05DF804FB81
:10C63000E4360020E836002010B50F4B0F4A1B6887
:10C6400012780233B2B10E4A92F90020002A11DAB0
:10C650001E240C4B1B6802331946002011F8012BD5
:10C660000AB10130C0B2621A1A4402F0FF02002A75
:10C67000F4D110BD0624EFE7280E0020540F00204F
:10C680001C480020240E002030B3144B1B78B3B19B
:10C69000134B93F90030002B11DAEF284FEAD00248
:10C6A00017D8104B00F007001B6813449A78012339
:10C6B00003FA00F0024214BF1846002070470A4BEC
:10C6C0001B685A1C073312F8011F814203D09A429B
:10C6D000F9D1002070470120704700BF540F00209F
:10C6E0001C480020240E0020280E002000224FF0BD
:10C6F000FF3330B5441C14F8015F8D420BD0B3F109
:10C70000FF3F01D105B953B20132062AF3D15A1CB9
:10C7100001D01844817030BD002210B5431C073091
:10C7200013F8014F8C4208BF1A708342F8D110BD34
:10C73000EF294FEAD10307D818440123827801F08A
:10C7400007018B40134383707047EF294FEAD103F1
:10C7500008D801221844837801F007018A4023EAAF
:10C760000203837070470000084B01461B7843B1F9
:10C77000074B93F90030002B03DA064B1868FFF7DC
:10C78000D7BF054B1868FFF7B1BF00BF540F00209B
:10C790001C480020240E0020280E0020084B0146D3
:10C7A0001B7843B1074B93F90030002B03DA064B9B
:10C7B0001868FFF7CABF054B1868FFF7ADBF00BF89
:10C7C000540F00201C480020240E0020280E0020BA
:10C7D000094B1B785BB1094B93F90030002B06DA4B
:10C7E0001E22074B186800210230F3F75BBF054B90
:10C7F00006221868F7E700BF540F00201C480020ED
:10C80000240E0020280E002042784B789A421DD139
:10C8100090F902301BB191F902209A4216D190F999
:10C8200003301BB191F903209A420FD190F90530E2
:10C830001BB191F905209A4208D190F9040030B15A
:10C8400091F90430181A18BF012070470120704771
:10C85000704708B5FFF7FCFF08BD000008B50130C0
:10C86000024BC0B21870FFF7F4FF08BDEC36002091
:10C87000032008B5024B1870FFF7EBFF08BD00BF9F
:10C88000EC360020FFF7EABF012008B5024B187014
:10C89000FFF7DFFF08BD00BFEC360020FFF7F4BF55
:10C8A000704770477047704710B5FFF7F9FF0024D5
:10C8B000FBF742FBFFF7F5FFE0B2FBF7F1F918B920
:10C8C00001340C2CF8D110BD0120FCE708B501F0B3
:10C8D00063FCBDE8084001F0FFB808B5F9F79FFD1B
:10C8E000BDE8084040F2A46001F0E5BA08B5FAF7E7
:10C8F000CFFCFAF7E3FCFFF76BFFFFF783FB0020A9
:10C90000FFF762FE0020FFF77BFEBDE80840F9F765
:10C9100092BD0000302383F31188064BDA69064B81
:10C920001A600023054A1360054A136083F31188D7
:10C93000704700BF78490020F8360020F436002008
:10C94000F0360020FFF7E6BF302370B583F311887F
:10C95000124B13481349DC6903680A68E41AA242BF
:10C96000114A0AD9A3F58333E03B036010680F4BEB
:10C9700004F583340344E03413600C60166800212E
:10C9800081F311884FF47A7509480023E4FB05010F
:10C99000084AF3F72BFC304470BD00BF78490020F3
:10C9A000F8360020F4360020F036002088598F0237
:10C9B0009F860100A086010008B5FFF7C5FF80B281
:10C9C00008BD10B50446FFF7BFFF001B80B210BDC5
:10C9D00010B50446FFF7B8FF001B10BDBFF34F8F23
:10C9E0000549064BCA6802F4E0621343CB60BFF30B
:10C9F0004F8F00BFFDE700BF00ED00E00400FA0527
:10CA000008B5024A024B1A60FFF7E8FFEFBEADDE41
:10CA1000FC6F00200A4A08B552F8041C094B9942E1
:10CA20000CD1002342F8043C83F31488064B1A68A7
:10CA300082F3088862B65B689847FEE708BD00BFCE
:10CA400000700020EFBEADDE00E0FF1F08B5FFF76D
:10CA5000C5FF000083B5284D284E002301210DF1AC
:10CA600007008DF8073000F0FFF898B19DF8073007
:10CA70000F2B0FD802F0B0F99DF80740012184F088
:10CA800010030DF107008DF8073000F0C9F820B948
:10CA900002F0A8F900F09AF8DEE70C236343E95CA2
:10CAA000EA1861B90C236343E81887687FB90C233F
:10CAB00003FB0454217999B902F094F9CDE7538826
:10CAC0003068184400F0BEF80028EBD1E0E7EA5CDB
:10CAD0003168C38840880B4401441046B847E6E7F4
:10CAE000E3883068184400F09BF8044602F07AF9B5
:10CAF000002CB2D1CEE700BF700E00200008010864
:10CB000007B500F0C9F80023FF2200934FF49A61A3
:10CB1000034B044801F09CF903B05DF804FB00BF2F
:10CB200055CA00080037002000F0C6B873B50446A7
:10CB300000F04CF8E0B20F288DF806003FD802F064
:10CB40004BF901210DF106009DF8066000F068F830
:10CB500028B9002402F046F9204602B070BDFF2338
:10CB600001210DF107008DF8073000F06BF8044645
:10CB70000028EED09DF806309DF8072083F01003C2
:10CB80009A42E6D10C2373430E4DE95CEA1869B969
:10CB90000C2303FB065529790029DBD00A4AEB88D0
:10CBA0001068184400F04EF80446D3E75388064A4C
:10CBB0001068184400F034F80028E9D1C9E70024CF
:10CBC000CAE700BF700E00200008010873B53024CA
:10CBD00084F31188114E002533685B69003B18BF50
:10CBE00001238DF8073085F311889DF807300BB9C4
:10CBF00002B070BD84F3118830680C3001F007FC7E
:10CC000085F311889DF8073084F3118833685B69D8
:10CC1000003B18BF01238DF80730E4E7400F0020E8
:10CC200070B50646064B0C4618680A46036831463E
:10CC3000DD694FF4FA63A847031B5842584170BDA1
:10CC4000400F002070B50646064B0C4618680A4691
:10CC5000036831461D6A4FF4FA63A847031B584224
:10CC6000584170BD400F002038B5064B0C461B687C
:10CC70001A6895680A4601461846A847031B584299
:10CC8000584138BD400F002008B5F7F769FD08BDD1
:10CC900008B5F7F765FD08BD10B5054C2046FFF750
:10CCA000F7FF20680349BDE8104001F0F3BC00BF66
:10CCB000400F0020440F002010B5054C2046FFF720
:10CCC000E3FF20680349BDE8104001F0E3BC00BF6A
:10CCD000400F0020440F0020184B10B51C785CBB9F
:10CCE000012208211A701648224602F001FB224652
:10CCF0002021134802F0FCFA22461021104802F0CD
:10CD0000F7FA4FF47A7001F0D6F841F68222082142
:10CD10000B4802F0EDFA40F282222021084802F08E
:10CD2000E7FA40F282221021054802F0E1FA0548B4
:10CD300001F0FEFC044B1C7010BD00BFD03B002076
:10CD400000040040184D0020E83B0020F8B50546DF
:10CD50001A481C46174601F053FD194B187850BB72
:10CD60006A1C20D0FCB1174EA4003482032F05D8D2
:10CD7000DFE807F0021A1D1F0022F260012405F00F
:10CD80000F01224625F00F00B16004FA01F11C707A
:10CD9000706002F0ADFA0B49084801F0BBFC07488F
:10CDA00001F0D4FC2046F8BD4FF48002E5E7802274
:10CDB000E3E7054AE1E70020F5E700BF184D002052
:10CDC000E83B0020D43B0020800040001FB501213B
:10CDD0008DF807000DF10F0304480DF1070201F073
:10CDE000DCFC9DF80F0005B05DF804FB184D002039
:10CDF000002307B5012106480DF107028DF8073021
:10CE000001F0EDFC9DF8070003B05DF804FB00BFE6
:10CE1000184D002008B50246024801F0CFFC002062
:10CE200008BD00BF184D002008B50246024801F0B9
:10CE3000D6FC002008BD00BF184D002010B5084CDE
:10CE400023783BB1074801F08FFC064801F070FCE5
:10CE5000002323700348BDE8104001F0D4BC00BF9C
:10CE6000E83B0020184D00200E4B10B51A78BAB9D7
:10CE700001220D4C1A70206040F282324FF4806122
:10CE80000A4802F035FA4FF40061084840F2823255
:10CE900002F02EFA2146BDE81040054801F0FABB29
:10CEA00010BD00BFE93B00204C0F002000080040EF
:10CEB000604A00204FF0FF3108B5024801F0CBFA7C
:10CEC000C0B208BD6C4A00200A464FF0FF3301464D
:10CED000014801F065BB00BF904A002008B5034837
:10CEE00001F0FDFB80F00100C0B208BD604A0020E7
:10CEF00070B590F84420044602F07F03212B4CD1FA
:10CF000012F0800F90F845301BD0022B15D0032B68
:10CF100005D0012B15D1BDE8704000F01BBC90F886
:10CF2000483090F8491053EA012336D1334A8263DE
:10CF30000122C2632364012070BDBDE8704000F08F
:10CF400039BD0A2B20D00B2B0FD0092B25D194F8FB
:10CF5000483094F8491043EA0123012B1DD8284B8F
:10CF6000A3630223E363274BE4E794F8483094F883
:10CF7000492053EA022302BF204B94F846201A703E
:10CF80000023A363E363D5E794F847201E4B2046B4
:10CF90001A70BDE8704000F035BD02F09F02812A92
:10CFA00003D194F84530062B11D0184DD5F89C309C
:10CFB00023B9D5F8443133B90020BDE7204698475E
:10CFC0000028F6D0B7E72046BDE87040184794F82F
:10CFD0004920616894F848304D6843EA02232046AE
:10CFE00094F8472094F84610A8470028E4D04368F6
:10CFF000A3630368E36300239CE700BF540F002092
:10D00000F43B002055D00008F83B00206C0F0020B6
:10D01000F8B50F4C0022234643F8042F90F84B70CC
:10D0200090F8496090F8465090F84A2090F84810DF
:10D0300090F8470042EA072241EA062145EA00202B
:10D0400000F09CF920606068002818BF2046F8BDF9
:10D05000EC3B002090F84A2090F84B00084942EA47
:10D060000022022A0B7807D1012B01D0062B05D113
:10D070004A78044B1A707047024A1370704700BF19
:10D08000F43B0020F73B002010B5064A064C11780F
:10D0900024784B1C03F00F039C421EBF034C1370FB
:10D0A000605410BD694900206A4900205949002098
:10D0B000084608B5052929D8DFE801F01A28031A1F
:10D0C0001A29302383F31188184800F01DFA1848F4
:10D0D00000F01AFA002383F31188164B1B7813B162
:10D0E0000520FFF7D1FF0220BDE80840FFF7CCBFC5
:10D0F000FFF7CAFF302383F311880C4800F0EDF9E5
:10D100000B4800F0EAF9002383F3118808BD3023AF
:10D1100083F31188054800F0F4F9054800F0F1F9AF
:10D12000002383F311880520DEE700BF6C0F002089
:10D1300014100020F63B0020102208B500210448FE
:10D14000F3F7B0FA0023034A1370034A137008BDC3
:10D1500059490020694900206A490020F8B5284D46
:10D16000284C00222E782378B3422FD102B12370AD
:10D17000F8BD2370244B1870244B93F84F10081EF1
:10D1800018BF0120FFF774FBEBE7002223701E4B52
:10D190001A70FFF7ABFB1D4B93F84F10081E18BF1A
:10D1A0000120FFF76FFBDCE72370184B93F84F105B
:10D1B000081E18BF0120FFF751FBD2E700212370A2
:10D1C0000846F8E72370FFF75FFBCAE7194601221C
:10D1D0000F480133415C03F00F0310460529C3D803
:10D1E00001A757F821F000BFC5D1000869D1000898
:10D1F000A9D10008BDD1000873D100088BD1000867
:10D20000694900206A490020F63B0020804D00203B
:10D210005949002038B50446104D284600F00EF953
:10D220002846A83500F026F9284600F007F92846D8
:10D2300000F020F9204601F025FF204601F007FB11
:10D2400041F2883000F037FE2046054901F0ECFA43
:10D250002046BDE8384001F0F3BE00BF6C0F00204F
:10D26000F009010870B50446134D01F00BFF20468C
:10D2700001F0EDFA05F1A806284600F00BF930465A
:10D2800000F008F941F2883000F015FE284600F061
:10D29000D5F8284600F0EEF8304600F0CFF83046DA
:10D2A00000F0E8F82046054901F0BEFA2046BDE846
:10D2B000704001F0C5BE00BF6C0F0020F0090108EE
:10D2C000014B1878704700BFF73B002037B50023AB
:10D2D000A825054C009305FB004042F2107300F0B6
:10D2E0006EF903B030BD00BF6C0F0020014608226C
:10D2F0000120FFF7EBBF014620220020FFF7E6BF29
:10D30000014606220020FFF7E1BF0146032200206C
:10D31000FFF7DCBFFFF77EBB7047704708B5FFF72C
:10D32000F9FF01F001FDFFF7F7FF08BD08B501F0B7
:10D3300017FDFFF7F2FF08BDFFF7B0BA08B5FFF71A
:10D34000FBFE0648FFF766FF054B064A41F28830B0
:10D350001A60BDE8084000F0AEBD00BF804D00205F
:10D36000FC3B0020580F0020014B1868FFF7E6B87F
:10D37000FC3B0020FFF7F2BE00F09EBA020A032A2F
:10D380000FD007D8012A21D0022A07D13B20144A06
:10D390001A607047212A0DD0222A11D0002002469F
:10D3A000F6E7C0B20228F9D80E4A0F4952F82020F9
:10D3B000085CEDE769B10129F0D109200B4AE7E7E4
:10D3C00051B10129EAD1B620094AE1E71220094A00
:10D3D000DEE70920084ADBE74420084AD8E700BF17
:10D3E0004C0A0108040A0108000A0108770A01082A
:10D3F000990A0108870A01085E0A01084F0B010813
:10D4000013B5446BD4F888201378042B13D101236F
:10D4100094F88C1012898B4013420CD1204601A93C
:10D4200000F0F0FE024630B1019B94F88C10D4F865
:10D43000880001F085FA02B010BD00001FB500F1B0
:10D440005C03C36490F8843013B100F1700303658A
:10D45000074B01210193D0F89030D0F89820009329
:10D460000290D0F8943000F0AAFE05B05DF804FBFD
:10D4700001D40008302383F31188D0F8883090F865
:10D480008C2003EB82039861002380F8A03083F3A3
:10D490001188704710B53023044683F3118890F843
:10D4A0008C20D0F88830053203EB820300225A60CA
:10D4B00001236FF00101037200F03DFD204600F0F2
:10D4C00095FED4F8A43013B1DA681868904700F0DC
:10D4D00035FC002383F3118810BD012310B50446E9
:10D4E00003726FF0010100F026FD204600F07EFE81
:10D4F000D4F8A43023B1BDE81040DA6818681047AA
:10D5000010BD00230372704710B5044690F88C10CC
:10D5100000F13802D0F8880001F0C2F9204600F08E
:10D5200065FE0023237210BD00EB8103F7B59C69F3
:10D5300005460E4684B3302383F311880023226905
:10D5400084F8A03063699A4201D1E368B3B905EB6E
:10D550008603DB685B691B6883B1D4F8A43053B1E0
:10D5600001A9204600F04EFED4F8A43001469F6881
:10D57000019A1868B847204600F052FE204601A9DB
:10D5800000F040FE024648B1019B3146284601F0BA
:10D59000D7F9002383F3118803B0F0BD05EB8603B0
:10D5A000DB681A68022AF4D15A691268002AF0D09E
:10D5B0001B8A013B1340ECD105F14402E5E72DE95C
:10D5C000F8431D4604460F46164630239DF820803A
:10D5D00083F31188D0F8883000201B78042B03D007
:10D5E00080F31188BDE8F88394F8A03023B10135A9
:10D5F0004FF0FF3518BF002580F311882B463246C7
:10D600003946204600F047FE86421DD9302383F379
:10D61000118894F8A0304FF00009002808BF43F0AB
:10D62000010384F8A03001236FF00101237220462A
:10D6300000F081FC204600F0D9FD84F8089000F04D
:10D640007DFB89F31188D9E7B8F1000F01D00120E3
:10D65000C8E7204600F062FEF9E7302383F3118823
:10D66000026943699A4210D1C36883B10123D0F89B
:10D67000882090F88C1012898B4013420CBF012037
:10D680000020002383F3118870470020F9E7184633
:10D69000F7E70000006810B440B1054C8264E4690B
:10D6A000083040F8044C10BCF3F7CAB810BC7047FF
:10D6B000784900200168134631B18A6C03F10800F3
:10D6C0009A640831F3F7BCB8704710B50446006897
:10D6D00040B1826C00210830F2F7E4FF0022236899
:10D6E0001A605A6010BD000010B40C78082C0BD8DA
:10D6F00050F8240040B1054C8264E469083040F8D9
:10D70000044C10BCF3F79CB810BC7047784900205B
:10D710000829134609D850F8211031B18A6C03F159
:10D7200008009A640831F3F78BB8704770B500268B
:10D73000051F00F1200455F8040F38B1826C002158
:10D740000830F2F7AFFF2B681E605E60A542F2D191
:10D7500070BD000038B590F848300446012B1CD845
:10D7600090F84610082918D80D4AD25C012A14D81E
:10D77000A8200C4B00FB0233D3F8A40060B10A4D83
:10D7800043682A460068984705F10803A363AB6C19
:10D790000120E3630023236438BD0020FCE700BFC1
:10D7A000981200206C0F0020103D0020036843B148
:10D7B0009100196003490B78002A18BF43F0010358
:10D7C0000B7070475C3D0020006810B10068C0F32A
:10D7D00087007047036870B50BB9002070BD302317
:10D7E00083F31188036800211C685B6881F311884A
:10D7F000002CF2D04FF47A76074A0848D569084AD7
:10D80000ED1AE5FB06010023F2F7F0FC84428CBF21
:10D8100000200120E2E700BF784900209F86010038
:10D82000A08601004B1E072B0BD850F8213043B1C6
:10D830009100196003490B78002A18BF43F00103D7
:10D840000B7070475C3D0020082906D850F8210075
:10D8500020B10068C0F387007047002070470000C7
:10D86000082970B501D9002070BD50F82130002B77
:10D87000F9D0302383F3118850F8213000211C683F
:10D880005B6881F31188002CEDD04FF47A76074A5B
:10D890000748D569074AED1AE5FB06010023F2F7B0
:10D8A000A5FC84428CBF00200120DDE778490020E0
:10D8B0009F860100A08601002DE9F84F394B1B78A7
:10D8C000002B3FD000264FF0300A35463746DFF8B0
:10D8D000D8B0DBF8A440002C2FD0002E36D14FF06A
:10D8E00001088AF311885FFA88F94946636920685C
:10D8F0009847002818BF45F0010587F311882A488A
:10D90000FFF7ABFEA0B14946A3692068984778B1FC
:10D910008AF31188254A494663682068984787F347
:10D920001188224B00209A6C03F10801FFF7CEFC0E
:10D9300008F10108B8F1090FD3D10BF1A80B1EB102
:10D94000184B1D70BDE8F88F0126C2E78AF31188D5
:10D950000021636920689847814687F3118814483D
:10D96000FFF77BFE20B10021A3692068984728B902
:10D97000B9F1000F18BF45F00105DEE78AF3118801
:10D98000DFF828800021424663682068984787F3C3
:10D9900011880120D8F8482008F10801FFF796FC0B
:10D9A000E6E700BF5C3D00206C0F0020C43C002077
:10D9B0001410002010B590F848300446012B19D8F7
:10D9C00090F84610082915D80B4AD25C012A11D8C4
:10D9D000A8200A4B00FB0233D3F8A40048B14369E6
:10D9E00000689847064B1870A36301200023E0638A
:10D9F000236410BD0020FCE7981200206C0F00206B
:10DA0000C03C002010B590F848300446012B19D8CE
:10DA100090F84610082915D80B4AD25C012A11D873
:10DA2000A8200A4B00FB0233D3F8A40048B10369D5
:10DA300094F847200068984700230120A363E3631C
:10DA4000236410BD0020FCE7981200206C0F00201A
:10DA500010B5044C204601F015FB2046BDE81040EF
:10DA600000F0F5BE804D0020024B1878031F58428D
:10DA700058417047804D002070477047FEE7000016
:10DA800070B50825134C606823680146A268043B02
:10DA90008A4219D8D31C1B1AC11E23F003039142DA
:10DAA00088BF00231844E368C11EDA1C121A22F052
:10DAB0000302994288BF00220021F2F7F3FD013DE5
:10DAC00004F11004DFD170BD53F8046F41F8046B0A
:10DAD000DEE700BF940B010838B501230025074C91
:10DAE0002370656000F02CFB0549064800F034F90E
:10DAF0000223237085F3118838BD00BF70490020D0
:10DB0000140C01087849002072B60322024BD86534
:10DB1000024B1A70FEE700BF7849002070490020D0
:10DB200000F03CB8034A516853685B1A9842FBD82E
:10DB3000704700BF001000E010B50A4C23699A68D6
:10DB400091420CD85A6881600360426010609A6804
:10DB50005860521A9A604FF0FF33A36110BD1B68E2
:10DB6000891AECE7784900200361002310B410BC47
:10DB7000C2604361FFF7E0BF036881689A680A44A6
:10DB80009A60426813605A6000234FF0FF320360CE
:10DB9000014B9A61704700BF7849002070B5124D63
:10DBA0002A46EB690133EB6152F8103F934206D0ED
:10DBB00030269A68013A9A602C69A36803B170BD57
:10DBC000226861680A605160236083F311882046EF
:10DBD000E3682169984786F3118861690029EBD0D1
:10DBE0002046FFF7A9FFE7E7784900200023826875
:10DBF000037503691B6899689142FBD25A680360F8
:10DC000042601060586070470023826803750369A2
:10DC10001B6899689142FBD85A68036042601060A3
:10DC20005860704708B50846302383F311880A7D91
:10DC30000023052A06D8DFE802F00B050503120EC3
:10DC4000826913604FF0FF338361FFF7CFFF00233A
:10DC500083F3118808BD8269936801339360426839
:10DC6000036813605A60EDE7FFF7C0BF054BD96842
:10DC700008751868026853601A6001220275D8603E
:10DC8000F2F79EBA7849002030B50C4B0446DD68A7
:10DC90004B1C87B00FD02B466846094AFFF764FF3C
:10DCA0002046FFF7E3FF009B13B16846FFF764FFD0
:10DCB000A86907B030BDFFF7D9FFF9E77849002020
:10DCC00025DC000838B50C4D8161EB6881689A68E5
:10DCD0000446914203D8BDE83840FFF787BF184695
:10DCE000FFF792FF012323750146EC602046BDE853
:10DCF0003840F2F765BA00BF78490020044B1A6833
:10DD0000DB6890689B68984294BF002001207047B0
:10DD100078490020084B10B51C68D8682268536009
:10DD20001A6001222275DC60FFF76EFF0146204673
:10DD3000BDE81040F2F744BA78490020044B1A6855
:10DD4000DB6892689B689A4201D9FFF7E3BF70478E
:10DD50007849002030BFFDE770B5002504461A4B16
:10DD600086B0856201630E46586000F0A3F904F1A5
:10DD70001003236163614FF0FF33A361134BE5612F
:10DD8000D9692B460A462046C4E9082304F1340128
:10DD900080230F4A24606460A560E562E56500F0B9
:10DDA0001DF801230B4AE060037500927268684613
:10DDB0000192B268CDE90223074BCDE9043500F0AA
:10DDC0003FF806B070BD00BF7049002078490020C0
:10DDD000640301086903010855DD000802228B6015
:10DDE0004B62002308618A8208460B62CB61704750
:10DDF0008368C168A3F14C0243F81C2C026943F804
:10DE00004C2C42690C4843F8482C0C4A43F8180C37
:10DE100043F82C2C022203F8142C002243F8201C77
:10DE200003F8132C43F8041C43F8082C43F80C2C7B
:10DE3000A3F12800704700BF78490020D1010008F5
:10DE400008B5FFF7D5FFBDE80840FFF70DBF00009C
:10DE500038B5302484F311882839441844F8243C18
:10DE6000049B002544F8203C0A4BA4F1240144F80B
:10DE7000043C0223A382084BE16020462946A260AD
:10DE8000236162622562E561FFF71CFF85F311885B
:10DE9000204638BDD101000878490020024BDB68DC
:10DEA00098610F20FFF7E2BE78490020302383F30A
:10DEB0001188FFF7F3BF08B50146302383F31188BB
:10DEC0000820FFF7E1FE002383F3118808BD00005E
:10DED000054BDB6821B1036098610320FFF7D4BED6
:10DEE0004FF0FF30704700BF7849002003460068BC
:10DEF00020B100221A608161FFF7B6BE70470000B2
:10DF0000064BDB6839B1426818605A6013604360A1
:10DF10000420FFF7B9BE4FF0FF307047784900206A
:10DF200003460068834205D002681A60536081612D
:10DF3000FFF79ABE704738B504460D462068844204
:10DF400000D138BD036823605C608561FFF78CFEFB
:10DF5000F4E7034610B51B68984203D09C688A68B2
:10DF60009442F8D25A680B604A601160596010BD43
:10DF700000230060406083607047000038B581680E
:10DF8000164B0446DD6891B92B6A8560C360286230
:10DF900038BD8B600B7D7BB1062B14D10B684A68B2
:10DFA000886913605A60FFF7D4FF8B699968AB6882
:10DFB0008A689A42EDD306E04A680B680846136007
:10DFC0005A60FFF751FE20462946FFF7C2FFAC61B9
:10DFD0000620BDE83840FFF749BE00BF7849002061
:10DFE00008B5302383F31188FFF7C8FF002383F3BC
:10DFF000118808BD154A0346D16810B5302282F356
:10E000001188C26800680A6298421BD0486A82B9C7
:10E010008860186802681A605360026A9860DA6063
:10E020000362FFF721FEFFF789FE002383F31188C7
:10E0300010BD1468A24203D0A468A04238BF204695
:10E04000D268E4E700238360EFE700BF784900204F
:10E05000C3691943037DC1610A2B03D18369194246
:10E0600005D170470B2B06D183698B4303D1002365
:10E070008361FFF7F9BD704770B506460D46046829
:10E08000B44200D170BDE3682B43E36015B123694E
:10E090001D4203D0A1686068FFF7DAFF2468EFE74C
:10E0A000EFF30983203383F30988002383F3118876
:10E0B00070470000302080F3118862B60C4B0D4A87
:10E0C000D96821F4E0610904090C0A43DA60D3F845
:10E0D000FC20094942F08072C3F8FC200A6842F033
:10E0E00001020A602022DA7783F82200704700BF1D
:10E0F00000ED00E00003FA05001000E0302310B549
:10E1000083F311880B4B5B6813F400630FD0EFF3BC
:10E1100009844FF08073203CE36184F30988FFF7A2
:10E12000EDFD10B1044BA36110BD044BFBE783F37D
:10E130001188F9E700ED00E0E3010008E6010008BE
:10E14000024B034A1A60034A5A607047D8490020BC
:10E15000D84D002000700020094B30B51C684D1EC2
:10E16000224449422A440A4059681044884204D84B
:10E17000A04202D31860104630BD0022FBE700BF6A
:10E18000D849002008B5302383F31188FFF7E4FF56
:10E19000002383F3118808BD08B500F09BFE01F051
:10E1A00099F800F055FA00F0A9FA00F02FFBFFF7FC
:10E1B000BDF8BDE8084000F000B801F0F3B810B5B4
:10E1C000029C04330172C36103FB042100238362B8
:10E1D000C362039B00600363049B4060C4604261B0
:10E1E0000261816104624262436310BD026A6FF0A2
:10E1F0000101C260426A4261026100228262C2621F
:10E20000FFF799BE034640691A69824201D1DB6873
:10E210001BB950F8043B0B60704700231846FAE71F
:10E22000C368C2690133C360436900211344826932
:10E230004361934224BF436A4361FFF771BE38B51F
:10E2400004460D46E3683BB1236900201A1DA26213
:10E25000E2691344E36207E0237A33B92946204692
:10E26000FFF74EFE0028EDDA38BD6FF00100FBE746
:10E2700003691960C268013AC260C26913448269C5
:10E280000361934224BF436A036100238362036BEB
:10E2900003B1184770472DE9F84F04460F469146E1
:10E2A0009A464FF0300888F311880026B346A56AD5
:10E2B0004DB951462046FFF7C2FF20B185F31188C2
:10E2C0003046BDE8F88FA06AE56AA9EB06032D1A6F
:10E2D0009D4228BF1D46402D17D939464022F2F7EE
:10E2E000AFFAA36A403740334036E26AA3629A42EB
:10E2F00004D8E16920460439FFF7BAFF8BF311888F
:10E300004E45DDD288F31188D1E739462A46F2F727
:10E3100097FAA36A2F442B442E44E6E7302208B52F
:10E3200082F31188816A29B103690439C91A01D0BD
:10E33000FFF79EFF002383F3118808BDF8B515464B
:10E3400082680B46AA428169066938BF8568761AD9
:10E35000B54204460BD22A461846F2F771FAA26972
:10E360002A44A36828465B1BA261A360F8BD0CD9B0
:10E3700018463246F2F764FAAF1B3A46E168304479
:10E38000F2F75EFAE368DA19EBE72A461846F2F785
:10E3900057FAE268E5E72DE9F0410446154683683F
:10E3A0002769934238BF856840690E463F1ABD42CF
:10E3B0000BD22A46F2F744FA62692A44A368284637
:10E3C0005B1B6261A360BDE8F0810DD93A46A5EB05
:10E3D0000708F2F735FA4246E068F119F2F730FA29
:10E3E000E36803EB0802E9E72A46F2F729FAE26854
:10E3F000E4E710B50024C361029BC1608161416103
:10E4000011440060406084600161036210BDC26815
:10E410006FF001018261426100228260FFF78BBDD3
:10E4200008B582694369934201D1826882B98268E2
:10E43000013282605A1C42611970036942690021ED
:10E440009A4224BFC3684361FFF76AFD002008BDFC
:10E450004FF0FF30FBE770B5302304460D4683F3E1
:10E460001188A668A6B1A368A269013BA360531CEA
:10E47000A36115782269934224BFE368A361E3692D
:10E480000BB120469847002383F31188284607E004
:10E4900029462046FFF734FD0028E2DA86F311888A
:10E4A00070BD2DE9F74F05460F4614469946D0F842
:10E4B0001CA04FF0300888F311884FF0000B16466F
:10E4C00066B1324639462846FFF738FF034660B941
:10E4D00049462846FFF714FD0028F2D0002383F3B5
:10E4E0001188A01B03B0BDE8F08FBAF1000F03D074
:10E4F00001902846D047019B8BF31188F61A1F44E0
:10E5000088F31188DCE7C361009BC16081614161D0
:10E510001144006040608260016103627047F8B599
:10E5200004460D461646302383F31188A768A7B129
:10E53000A368013BA36063695A1C62611D70236973
:10E5400062699A4224BFE3686361E3690BB12046C4
:10E550009847002080F3118807E031462046FFF7F6
:10E56000CFFC0028E2DA87F31188F8BD836942699D
:10E5700010B59A4201D182687AB9826800210132CD
:10E5800082605A1C82611C7803699A4224BFC36866
:10E590008361FFF7C5FC204610BD4FF0FF30FBE75D
:10E5A0002DE9F74F05460F4614469946D0F81CA0B2
:10E5B0004FF0300888F311884FF0000B164666B113
:10E5C000324639462846FFF7E6FE034660B949461B
:10E5D0002846FFF795FC0028F2D0002383F311882A
:10E5E000A01B03B0BDE8F08FBAF1000F03D001907B
:10E5F0002846D047019B8BF31188F61A1F4488F3F5
:10E600001188DCE70C30FFF74CBF4FF0FF330C30C4
:10E61000FFF747BF3030FFF7C3BF4FF0FF33303055
:10E62000FFF7BEBF0C30FFF716BF4FF0FF310C30C5
:10E63000FFF711BF3030FFF772BF4FF0FF323030BD
:10E64000FFF76DBF012914BF6FF013000020704762
:10E6500000F056BF37B5154602460B460C49044636
:10E6600042F8041B4260012200F154010272009042
:10E6700080220C30FFF7BDFE2B468022009404F16F
:10E68000D40104F13000FFF73EFF03B030BD00BFFE
:10E69000200C010810B53023044683F3118800F0E4
:10E6A0004FFF02230020237280F3118810BD38B57C
:10E6B000436904460D461BB904210844FFF7DCFCFE
:10E6C000294604F10C00FFF7ABFE002806DA201DF6
:10E6D0004FF40061BDE83840FFF7CEBC38BD3023B1
:10E6E00083F311880023406983F31188B0FA80F026
:10E6F000400970474FF0FF31FFF7EABB01F012B855
:10E700000123037000230C3040F8083C40F8043C1F
:10E71000FFF72EBC10B53023044683F31188416007
:10E7200001F016F802230020237080F3118810BD39
:10E7300010B53023044683F3118801F07DF80023DF
:10E7400001226360227083F3118810BD302383F3AC
:10E750001188436899685A684FF480338B409361FD
:10E76000002383F311887047302383F311884368B3
:10E7700099685A6801238B409361002383F31188C1
:10E78000704710B5302484F311880324047001F01D
:10E7900094F8002383F3118810BD38B50446302562
:10E7A00085F31188032504F8085B01F071F8204611
:10E7B000FFF7A0FF002383F3118838BD10B5302385
:10E7C000044683F31188032304F8083B01F075F82D
:10E7D0002046FFF78FFF002383F3118810BD10B58B
:10E7E0003023044683F31188032304F8083B01F027
:10E7F0007AF82046FFF77EFF002383F3118810BDCF
:10E800000C30FFF7EDBB0C30FFF7F4BB01F082BA20
:10E81000012303700023C36183620362C362436206
:10E82000036343608360704738B50446302383F345
:10E83000118800254160C56005614561856101F071
:10E840006FFA0223237085F31188284638BDF8B586
:10E850000446302383F31188002601F079FA254617
:10E8600001233746666005F8083B183455F8043F25
:10E8700073B1586920B16FF001010C30FFF736FB1E
:10E880002B68986920B16FF001010C30FFF72EFB67
:10E89000A5422E60EAD1FFF751FA87F31188F8BD3F
:10E8A00070B500EB8103054650690E461446DA60E8
:10E8B00018B114220021F1F7F5FEA06918B1142255
:10E8C0000021F1F7EFFE31462846BDE8704001F027
:10E8D0005DBAF8B504460027836800F10C0503F023
:10E8E0000113836000F1180655F8043F73B15869AD
:10E8F00020B16FF001010C30FFF7F8FA2B6898692E
:10E9000020B16FF001010C30FFF7F0FAB5422F6033
:10E91000EAD12046BDE8F84001F0C2BAF0B40125C2
:10E9200000EB8104E4684789A4698D403D4345813B
:10E9300023600023A2606360E360F0BC01F01ABBB7
:10E94000F0B4012500EB8104E468078964698D4017
:10E950003D43058123600023A2606360E360F0BC57
:10E9600001F026BB10B50378052B0FD1084CC82049
:10E97000E37A43F00803E372637843F004036370BF
:10E98000FFF799FA637803F0FB03637010BD00BFD3
:10E99000004001402DE9F0470026022305460446C9
:10E9A0004FF03008B1460370C66400F1180745F80F
:10E9B000086F55F8043F9BB188F311882B6858699C
:10E9C00020B16FF001010C30FFF790FA2B689869C5
:10E9D00020B16FF001010C30FFF788FA89F311883C
:10E9E000BD422E60E5D1204684F8346001F03AFA49
:10E9F00063681B6823B12046BDE8F0470021184733
:10EA0000BDE8F087F8B503780446052B27D080F8D9
:10EA100050300523037043681B680BB104219847ED
:10EA200025460026302745F8086F183455F8043F6E
:10EA30009BB187F311882B68586920B16FF00101F1
:10EA40000C30FFF753FA2B68986920B16FF0010181
:10EA50000C30FFF74BFA86F31188A542E6D1F8BDDA
:10EA60000178052906D190F85020436802701B6890
:10EA700003B1184770470000F8B590F834300446E9
:10EA80000E4613B1002380F834303146204604F19D
:10EA9000440201F053FA63689B68B3B994F84430B8
:10EAA00013F0600538D00021204601F0C1FA0021A2
:10EAB000204601F0AFFA63681B6813B106212046B7
:10EAC0009847062384F83430F8BD2046984700283C
:10EAD000E4D094F84B2094F84A3043EA0223E26BE6
:10EAE0009A4294F9442088BFE363002AE36B80F2E2
:10EAF0000481002B00F0F880092384F8343030239F
:10EB000083F3118800212046E36BA26BFFF718FF07
:10EB1000002383F31188D7E794F8452003F07F039F
:10EB200043EA022340F20232934200F0CA8021D825
:10EB3000B3F5807F4DD00DD8012B44D0022B00F0CF
:10EB40009880002BAFD104F14C02A2630222E26351
:10EB50002364BEE7B3F5817F00F0A080B3F5407F6A
:10EB6000A1D194F84630012B9DD1B4F84C3043F03C
:10EB7000020337E0B3F5006F52D01CD8B3F5A06F95
:10EB800036D0A3F5C063012B8DD894F84920616875
:10EB900094F848304F6843EA0223204694F8462010
:10EBA00094F84710B84700283FF47DAF4368A3634B
:10EBB0000368E3631AE0B3F5106F36D040F6024203
:10EBC00093427FF470AF554BA3630223E3630023AA
:10EBD000BEE794F84630012B7FF465AFB4F84C30B3
:10EBE00023F00203A4F84C30A563E563256470E7C5
:10EBF000B4F84430B3F5A06F0ED194F846302046F7
:10EC000084F84E3001F0BAF863681B6813B1012133
:10EC100020469847032323700023A363E36397E709
:10EC200004F14F03A3630123C3E72378042B10D11E
:10EC3000302383F311882046FFF74BFE85F31188BC
:10EC40000321636884F84F5021701B680BB1204684
:10EC5000984794F84630002BDED084F84F300423D8
:10EC6000237063681B68002BD6D00221204698478A
:10EC7000D2E794F8483020461D0603F00F010AD56C
:10EC800001F044F9012804D002287FF40CAF244B92
:10EC90009AE7244B98E701F021F9F3E794F846301E
:10ECA000002B7FF400AF94F8483013F00F01B3D07D
:10ECB0001A06204602D501F0D3F9ADE701F0C4F9F8
:10ECC000AAE794F84630002B7FF4EDAE94F8483074
:10ECD00013F00F01A0D01B06204602D501F0A8F9C1
:10ECE0009AE701F097F997E7142384F83430314616
:10ECF0002046BDE8F84001F031B963B1152384F82E
:10ED00003430302383F3118800212046E36BA26B5B
:10ED1000FFF704FEFCE60B23E7E700BF4C0C0108FD
:10ED20004A0C0108480C010808B500F0D5F80B4B57
:10ED30009A6C42F020029A649A6C9A6C42F04002FB
:10ED40009A649A6C9A6C42F080029A649A6C9A6CFB
:10ED500042F480729A649B6C08BD00BF000C0140B5
:10ED60007047162303604FF0FF3070470020704754
:10ED7000184670470020704710B500220446084628
:10ED80000121FFF7FFF918B90C234FF0FF30236082
:10ED900010BD08B51346002158221846F1F782FC31
:10EDA0004FF400524260002008BD0120704700006F
:10EDB00008B50248FEF7A8FEF1F76CFC6E030108E7
:10EDC00008B50248FEF7A0FEF1F764FC73030108E2
:10EDD00001207047704700000148FFF701B900BFEC
:10EDE0009C1200200148FFF705B900BF9C120020CB
:10EDF0000122090100F1604303F56143C9B283F8C0
:10EE0000001300F01F039A4043099B0003F1604385
:10EE100003F56143C3F880211A607047012200F0B6
:10EE20001F039A4043099B0003F1604303F56143CC
:10EE3000C3F88020C3F88021002300F1604000F572
:10EE4000614080F800337047090100F16040C9B2A9
:10EE500000F56D400176704717498A68022A12D082
:10EE6000032A26D0154B1649012A18BF0B46124A11
:10EE7000926902F07F02013252080132B3FBF2F3D1
:10EE8000104A13607047104A0B68526F49686FEA66
:10EE9000921201290CBF09490C4902F00302033206
:10EEA0004A4303F01F0301335B080133B2FBF3F362
:10EEB000DDE7074BDBE700BF000C0140006CDC0224
:10EEC00000127A00AC120020000401400048E80162
:10EED000001BB700FFF7C0BF13B50C20032440F29E
:10EEE000BE71314B314A9C62D862C2F89410002145
:10EEF0009962D9629C62D8628020C3F81C0CD3F856
:10EF00001C0CC3F81C0C009101914FF40141C3F893
:10EF1000481C4FF6FC71A3F5744319630F21196067
:10EF20000223136501234BF68031D364936D03F004
:10EF300001030193009B01330093019B13B9009BD4
:10EF40008B42F3D1019B03B9FEE7194B1949802489
:10EF5000C3F800140021A3F5884399611C62196A63
:10EF60000120196220215860196019681960196818
:10EF70000143196054679067D16F0329FCD10222C5
:10EF80009A6001220021DA60074A9162D1629A6C8C
:10EF900042F400429A649A6CDA6C42F40062DA64D9
:10EFA000DB6C02B010BD00BF000001400004014056
:10EFB0000050014013000003134B834223D1134B35
:10EFC00002201A6C124942F480721A641A6C42F0E0
:10EFD00002021A64D3F8882042F00202C3F88820A3
:10EFE000D3F8882022F00202C3F8882001225A6355
:10EFF000DA670864DA6608225A615A695A615A69FE
:10F0000042F001025A617047804D0020000C01401F
:10F01000004C0140084B83420CD1084B5A6902F066
:10F0200008025A6100225A61DA66DA671A6C22F025
:10F0300002021A64704700BF804D0020000C01409E
:10F040000F4A936C43F4004343F0200393644FF062
:10F0500080436FF4C0521A634FF07072DA624FF05F
:10F0600020721A6000225A609A60DA604FF44C32C3
:10F070005A62012203F5A0335A700722DA727047F0
:10F08000000C01400E4A6FF48051936C43F400432E
:10F0900043F0200393644FF080436FF4C0521A632F
:10F0A00000221A609A60DA6019634FF0807119606B
:10F0B0004FF4805159605A624FF080529A61704704
:10F0C000000C014010B5074C6369DB0704D5064A04
:10F0D00013680BB15068984701236361BDE8104085
:10F0E000FFF70CB800180040E049002010B5074CAD
:10F0F00063699B0704D5064A93680BB1D0689847AB
:10F1000002236361BDE81040FEF7F8BF001800401D
:10F11000E049002010B5074C63695B0704D5064A37
:10F1200013690BB15069984704236361BDE810402F
:10F13000FEF7E4BF00180040E049002010B5074C7E
:10F1400063691B0704D5064A93690BB1D0699847D8
:10F1500008236361BDE81040FEF7D0BF00180040EF
:10F16000E049002010B5074C6369DB0604D5064A68
:10F17000136A0BB1506A984710236361BDE81040D1
:10F18000FEF7BCBF00180040E0490020164B10B548
:10F190005C69A30604D5154A936A0BB1D06A9847F7
:10F1A000600604D5114A136B0BB1506B98472106CA
:10F1B00004D50E4A936B0BB1D06B9847E20504D58A
:10F1C0000A4A136C0BB1506C9847A30504D5074A43
:10F1D000936C0BB1D06C9847BDE810404FF4787237
:10F1E000014B5A61FEF78ABF00180040E049002039
:10F1F0001A4B10B55C69620504D5194A136D0BB141
:10F20000506D9847230504D5154A936D0BB1D06D09
:10F210009847E00404D5124A136E0BB1506E98471C
:10F22000A10404D50E4A936E0BB1D06E98476204C8
:10F2300004D50B4A136F0BB1506F9847230404D5C4
:10F24000074A936F0BB1D06F9847BDE810404FF459
:10F250007C42024B5A61FEF751BF00BF00180040CC
:10F26000E0490020062108B50846FFF7C1FD062148
:10F270000720FFF7BDFD06210820FFF7B9FD062195
:10F280000920FFF7B5FD06210A20FFF7B1FD062191
:10F290001020FFF7ADFDBDE8084006212120FFF753
:10F2A000A7BD08B50620FFF7B9FD0720FFF7B6FD9B
:10F2B0000820FFF7B3FD0920FFF7B0FD0A20FFF794
:10F2C000ADFD1020FFF7AAFDBDE808402120FFF7A3
:10F2D000A5BD000000231946044A0133102B11601C
:10F2E000516002F10802F8D1704700BFE0490020E8
:10F2F000C9434FF05533016302F0030159430160E4
:10F3000042F380014160C2F3C10159438160C2F3FD
:10F3100041115943C160C2F3C1214B43C3624FF055
:10F320001133C2F3C3125A430262426270470000B3
:10F330001A4B70B59C6C0F2644F4C0649C649B6CA3
:10F34000012301F003048B4021F0030101F180410E
:10F3500001F5A0518D68A400C0F38320A04006FAF7
:10F3600004F425EA040528438860D8430C4912F0C8
:10F37000010F8C6814BF1C4304408C6012F0020F14
:10F38000CA6814BF1A430240CA60054A5361116833
:10F390000B43136053680340536070BD000C014081
:10F3A000001800404FF0E02340F2BF325A610022C3
:10F3B0009A61072208210B201A61FFF745BD08B5A5
:10F3C000302383F31188FEF7ABFB002383F311880E
:10F3D00008BD08B5FFF7F3FFBDE80840FEF78EBE95
:10F3E000024A536843F002035360704700380040FC
:10F3F000024A536843F002035360704700840040A0
:10F400002DE9F041D0F8546104467369DA06DDB2A3
:10F410000AD5302383F311884FF480610430FEF75E
:10F420002BFE002383F31188302383F3118804F12A
:10F43000040815F00F0305F0010730D183F311889C
:10F440007368980714D5A90612D5302383F3118861
:10F45000E018FFF78BF800283CDA0821201DFEF7A2
:10F460000BFE736823F002037360002383F311889B
:10F4700073689A0711D56B060FD5302383F3118873
:10F48000626CA36C9A4205D1A36B1BB11021201DA5
:10F49000FEF7F2FD002383F31188BDE8F081C5F388
:10F4A000400109026B0748BF41F020012D0748BF0A
:10F4B00041F04001404641EAC711FEF7DDFD3368E7
:10F4C0002FB194F8581120461940FFF7F0F87569EC
:10F4D000EDB2AEE73060C8E708B50348FFF790FF2C
:10F4E000BDE80840FEF70ABEBC4B002008B5034843
:10F4F000FFF786FFBDE80840FEF700BE604A002027
:10F5000010B5094C00212046084AFFF7A3F8084B24
:10F510000021C4F85431074C074A2046FFF79AF8F7
:10F52000064BC4F8543110BDBC4B0020E1F3000879
:10F5300000380040604A0020F1F3000800840040D9
:10F5400038B5384B0446002914BF0D461D46037AD2
:10F55000012B35D1344B984217D1344B0A219A6C88
:10F560001E2042F480429A649A6CD3F8902042F4B0
:10F570008042C3F89020D3F8902022F48042C3F850
:10F580009020D3F89030FFF733FC294B9C4217D1E1
:10F59000264B0821DA6C202042F00802DA64DA6C8B
:10F5A000D3F8942042F00802C3F89420D3F89420B2
:10F5B00022F00802C3F89420D3F89430FFF718FC27
:10F5C000D4F85431E9791A6902F050020A432968E3
:10F5D0001A614A0802F1B76202F55842B2FBF1F231
:10F5E00002F00F01C3F8C0108021D960C2F30711E7
:10F5F00019600021C2F307325A60D96068792A790C
:10F600000243A8790243DA600122C3F89C10C3F8D0
:10F6100098205A6842F005025A60FF2384F8583156
:10F6200038BD00BF500C0108BC4B0020000C01404D
:10F63000604A002070B50446C5692E6BC26A6B6AC9
:10F640009A4234BFC36A6B6A013B35D2E36A002B2E
:10F650003ED1EB6263681B6833B1042220462270FE
:10F6600098472378042B01D102232370302383F39E
:10F670001188002104F10800FEF738FC002383F311
:10F680001188F30717D5286A228E666AE36A616AD1
:10F69000D31A3344121A934228BF134699424FF6A5
:10F6A000FF7138BF636A013B1BD2636A1BB9EB6A07
:10F6B00023F00103EB6270BD296EE26A013AE26257
:10F6C000A26A002AC0D01170A26A0132A262BBE70E
:10F6D000E26AEB699A429EBFE36A03F1FF33EB6192
:10F6E000CFE7626A013A6262226A0AB92966DAE7FA
:10F6F00012F8010B28662262D5E7000008B503481E
:10F70000FFF798FFBDE80840FEF7F8BC184D002051
:10F7100008B50348FFF78EFFBDE80840FEF7EEBCD2
:10F720004C4D002010B5064C2046FEF7E9FF054B76
:10F73000E361054C2046FEF7E3FF044BE36110BD97
:10F74000184D0020003000404C4D0020009000403B
:10F7500010B503780446012B45D1344B98421FD194
:10F76000334B0A219A6C1A2042F480529A649A6CA4
:10F77000D3F8902042F48052C3F89020D3F8902020
:10F7800022F48052C3F89020D3F89030FFF730FB7A
:10F790006268E369128A5A611A6942F001021A61C9
:10F7A000244B9C421FD1224B0921DA6C1B2042F0D2
:10F7B0001002DA64DA6CD3F8942042F01002C3F835
:10F7C0009420D3F8942022F01002C3F89420D3F8A8
:10F7D0009430FFF70DFB6268E369128A5A611A6977
:10F7E00042F001021A616168E269CB8989890B43A1
:10F7F00043F007039BB21360238E4BB9012393613F
:10F80000916999420DD10133B3F5807FF7D12386F9
:10F8100000239361D361D36A23F0FF03D362936C17
:10F8200010BD012B08BF0023F1E700BF184D0020D9
:10F83000000C01404C4D002010B503780446022B0B
:10F840001FD10022C3699A60DA6A22F0FF02DA62ED
:10F850009B6C0C4B984208D11A20FFF7DFFA0A4B39
:10F860009A6C22F480529A649B6C084B9C4208D19B
:10F870001B20FFF7D3FA044BDA6C22F01002DA6493
:10F88000DB6C10BD184D0020000C01404C4D0020D9
:10F8900091B18362038E02625B088B4228BF0B46E4
:10F8A000C2694162C1629361013BD361D36A43F093
:10F8B0001103D36201239360704799B100238362DF
:10F8C000038E02625B088B4228BF0B46C26941620D
:10F8D000C1629361013BD361D36A43F01103D362E8
:10F8E00001239360704799B100230362038E826203
:10F8F0005B088B4228BF0B46C2694162C1629361BB
:10F90000013BD361D36A43F01103D36201239360B7
:10F910007047000000216022074B10B599735A749C
:10F9200099735A74436804461B680BB106219847C3
:10F93000062384F8343010BD0040014090F8343084
:10F9400010B5152B04460CD8012208499A400A42EA
:10F9500008D1152B05D1036C03B19847002384F817
:10F96000343010BDBDE81040FFF7D4BF410E100089
:10F9700090F8343010B5152B04460CD801220849F4
:10F980009A400A4208D1092B05D1036C03B198476C
:10F99000002384F8343010BDBDE81040FFF7BABF33
:10F9A000410C3000F8B5294C851C04EB85035E68DA
:10F9B000274AB36990730146107DC00739D598680E
:10F9C000917392F817C0927D224F42EA0C2207EB06
:10F9D000810700EB020C60452CD1986810449860B8
:10F9E0005868104458601868801A1860188A0138DE
:10F9F00080B21882738A934200D800BB01226389C7
:10FA00008A4023EA0203638104EB85035B68DB68B9
:10FA10000BB10E489847302383F3118804EB85041B
:10FA20006368986941680C30FEF760FA002383F33D
:10FA30001188F8BD97F800E000F801EBCBE7044A25
:10FA4000137D03F0FE031375F3E700BF804D002024
:10FA50000040014020400140F8B5204C861C04EBDA
:10FA600086035D6801466A69D2E90003834218D3C0
:10FA7000012223898A4023EA02032381AB680BB168
:10FA800020469847302383F3118804EB860463688B
:10FA9000002158690C30FEF729FA002383F31188FE
:10FAA00017E00F4FB97317693B445360C31ADFD097
:10FAB000288A984228BF1846936810613B44936097
:10FAC000084A184402EB8102984203D10122044BF8
:10FAD0005A74F8BD13F8011B1170F5E7804D002032
:10FAE00000400140204001402DE9F041874B9B79C7
:10FAF0009E07DFB202D58648FEF7B2FF7D0702D52A
:10FB00008348FEF747FF3C0713D5814C6368DB68E9
:10FB100023B97E4AD37A03F0F703D3722378052BF7
:10FB200002D17B48FEF79CFF6368DB680BB1784825
:10FB30009847764B9A781D7902F0FF06EDB252B9DC
:10FB4000002D39D1FB0702D57148FEF75BFFBDE8F8
:10FB5000F041FEF7D3BAF00729D500216C4CE068DC
:10FB6000997393F811C01CF0040F5FFA8CF21CBF5C
:10FB7000597484F8341012F010010CD08021634BBA
:10FB80005974002384F83430D10710D5436800211C
:10FB90005F4898470BE094F83430152B74D006D8A2
:10FBA000092B23D003D8002BEED0062BECD0B207C4
:10FBB00002D50120FFF750FF730702D50220FFF79F
:10FBC0004BFF340702D50320FFF746FFA80702D5F5
:10FBD0000120FFF7E7FE690702D50220FFF7E2FEEA
:10FBE0002A07AFD50320FFF7DDFEABE7DFF81CC126
:10FBF00043699CF81120D1B212F00202D7D101F072
:10FC000011011129D3D08CF80E205A68D3F810E0D6
:10FC1000D3F800800EEB02015960B8EB0101028AB3
:10FC200016D08A4228BF0A4699681A6171449960C1
:10FC30008B18994207D1038A9A4234BF0A220222C2
:10FC40008CF81120B3E711F8014B8CF82040F0E755
:10FC5000964504D10A228CF811201961A7E723895F
:10FC600023F00103238183680BB12948984730238F
:10FC700083F311880021E36858690C30FEF736F9E8
:10FC8000002383F3118892E7DFF880E083699EF810
:10FC90001120D2078BD59A688EF80E109EF816C0E8
:10FCA0005FFA8CF19444944527D19A680A449A608B
:10FCB0005A680A445A601A68521A1A601A8A013A33
:10FCC00092B21A82438A8B424FF000010F4B997314
:10FCD00000D8BAB948225A74638923F001036381BA
:10FCE000E368DB6813B1002109489847302383F3A8
:10FCF0001188E36898694168BFE79EF8208002F8A0
:10FD0000018BD0E740225A7451E700BF0040014008
:10FD1000804D00200148FEF77BBD00BF804D0020D4
:10FD200010B50478012C0ED1074AC260FFF744F9E0
:10FD30000022064B0D21DA72DC715A720E20BDE8EA
:10FD40001040FFF755B810BD580C010800400140A5
:10FD500010B503780446012B0CD00E20FFF75EF897
:10FD60000022054B2046DA72DA715A72BDE8104063
:10FD7000FFF750B910BD00BF0040014090F84E2081
:10FD8000014B1A70704700BF0040014000EB81003A
:10FD9000334BC26801F00F0110B59973106800F081
:10FDA0000300002955D002282AD0032828D0012892
:10FDB00025D153690BB993690BB3E020284B987494
:10FDC000108AC0F3C7001874402058740820587473
:10FDD00058740120DC7900FA01F1C9B244EA01004B
:10FDE000D871C0205875528AC2F3C702DA748022D3
:10FDF0001A7510221A751A755A7A0A435A7210BD6A
:10FE0000506980B100209874108A0124C0F3C700A3
:10FE1000187440205874082058745874D8798C404D
:10FE20002043C0B2D8719369002BE8D000200C4B5E
:10FE30005875528A0120C2F3C702DA7480221A75FB
:10FE400010221A751A755A7A00FA01F10A43D2B2D1
:10FE5000D4E70028D3D1DA7942F00102DA71CEE793
:10FE600000400140002208B50B4BDA715A7242681B
:10FE7000D2681AB1DA7A42F00802DA72074B00212E
:10FE8000C360FFF783FF0122034B5A70DA7A42F016
:10FE90000102DA7208BD00BF00400140580C0108A1
:10FEA00070B50D4B0021DA79402602F00102DA71BB
:10FEB000082401228025102059729A730132D2B28F
:10FEC000042A99745E745C745C7459751D75187598
:10FED0001875F2D170BD00BF004001400A4B01F01F
:10FEE0000F029A7339B95A7C50070AD4D87900F0B6
:10FEF000010040007047197D890602D4587A1041EC
:10FF0000F5E70120704700BF004001400A4B01F0B7
:10FF10000F029A7339B95A7C50070AD4D87900F085
:10FF2000010040007047597CC90602D4D8791041BD
:10FF3000F5E70120704700BF00400140064B01F08B
:10FF40000F0103EB810302F10801187802F8010B9D
:10FF50009142FAD1704700BF204001404822044B33
:10FF600001F00F0199735A74002380F83430704700
:10FF70000040014000EB8100C06801F00F02816980
:10FF80000B6873B1408A0344013BB3FBF0F39BB2AF
:10FF90000B82064B9A7332B11A7D02F0FE021A757B
:10FFA00070470123F4E740225A7470470040014033
:10FFB00000EB810311F00F0170B508BF4025DB682D
:10FFC00008BF124C5A6908BFA1731B8A08BF657429
:10FFD0001468A34228BF23460D4C1361926804EBBA
:10FFE0008104D518954205D1084A917331B1012396
:10FFF000537470BD12F8016B2670F3E7517CC16831
:020000040801F1
:10000000098A8B4234BF0A230223F1E700400140F2
:1000100020400140054B01F00F01997311B12022DE
:100020001A75704760225A74704700BF0040014043
:10003000044B01F00F01997311B110225A747047EB
:100040006022FBE700400140044B01F00F0199736F
:1000500011B180221A7570475974704700400140F1
:10006000044B01F00F01997311B140225A7470478B
:08007000597470470040014083
:100078000000004001000040020000400300004072
:10008800040000400D0800400C0400400D0400402E
:100098000E04004006080040070800400808004019
:1000A80009080040040800400508004000FF9600C9
:1000B8000020202020202020202028282828282030
:1000C8002020202020202020202020202020202028
:1000D8002088101010101010101010101010101090
:1000E8001004040404040404040404101010101080
:1000F800101041414141414101010101010101014A
:10010800010101010101010101010101101010109B
:10011800101042424242424202020202020202021B
:10012800020202020202020202020202101010106F
:100138002000000000000000000000000000000097
:1001480000000000000000000000000000000000A7
:100158000000000000000000000000000000000097
:100168000000000000000000000000000000000087
:100178000000000000000000000000000000000077
:100188000000000000000000000000000000000067
:100198000000000000000000000000000000000057
:1001A8000000000000000000000000000000000047
:1001B8000036003700380039002D000102E12D011A
:1001C80003E1002E006B61007461006B6F007361C6
:1001D800007261007469006B75002C003B005C00C4
:1001E8007369007465006B6500736500686100746D
:1001F8006F006B69006E6E00686900737500687542
:10020800006865006D6500736F006E6500686F00BB
:100218002F003F002B005D00010132000102E15D6B
:100228000103E1000102E10101320103E1000102E1
:10023800E1380103E1000102E1390103E10028008E
:100248000102E10101870103E1000102E13B010331
:10025800E100786100726900787961007265007068
:100268006100646900677500647500706900776FE4
:10027800006E6100787975006D6F00626100646FCF
:1002880000676900706F00787500726F0078690008
:100298007075007A6F00706500626F0067610064B6
:1002A8006100676F007A61006E69007275006D61A8
:1002B800007865005B007675007A69006465006700
:1002C80065007A65006D69006E6F0078796F007857
:1002D80074750027006269007A75006275006265AE
:1002E800006E75006D7500776100786F001B1A1934
:1002F8001817161D1E1F2000610D0A0045504F4D8E
:10030800414B455200322E344720446F6E676C656E
:100318000053706C697436352D310053706C6974F4
:1003280036352D320053706C697436352D330045DF
:10033800504F4D414B45522053706C6974363520EF
:100348004254340045504F4D414B45522053706C38
:100358006974363520425435006330006D61696E2A
:100368000069646C650065786974006B696C6C0081
:100378000000FF00FF55FFAAFF2BFFBFFF6A010126
:1003880003010101010102000008004001080040CA
:100398000208004003080040060000400A0400402C
:1003A8000B040040FFFFFFFFFFFFFFFF4500500069
:1003B8004F004D0041004B00450052000000320044
:1003C8002E0034004700200044006F006E006700D4
:1003D8006C006500000000000008004001080040B3
:1003E8000208004003080040060000400A040040DC
:1003F8000B040040FFFFFFFFFFFFFFFF000000406E
:1004080001000040020000400300004004000040DA
:100418000D0800400000000000000000000000007F
:1004280000000000000000000000000000000000C4
:10043800000000000000000000000000000029008B
:100448001E00707E200021002200717E0000000046
:100458002B0014001A000800150017000000000007
:1004680000007B4204001600070009000A00000093
:1004780000000000E1001D001B0006001900050037
:10048800000000000000E000E300E20000000000BF
:100498007C7E00000000000000000000000000005A
:1004A80000000000000000000000727E737E747E71
:1004B800757E767E777E00002A00A8001C00180052
:1004C8000C00120013003000320089004C000B00B1
:1004D8000D000E000F00787E797E000028004B008A
:1004E800110010003600370038000000E500520007
:1004F8004E0000002C0000004C002352E400500085
:1005080051004F0000000000000000000000000043
:100518000000000000002900407E417E427E437EAC
:10052800447E457E000000002B004D7E4E7E4F7EAF
:10053800507E517E0000000000007B42597E5A7EAA
:100548005B7E5C7E5D7E000000000000E100647E52
:10055800657E667E677E687E000000000000E00021
:10056800E300E200000000006E7E000000000000D2
:100578000000000000000000000000000000000073
:100588000000467E477E487E497E4A7E4B7E0000BC
:100598002A00A800527E537E547E557E567E577E92
:1005A800587E4C7E4C005E7E5F7E607E617E627E01
:1005B800637E000028004B00697E6A7E6B7E6C7E3D
:1005C8006D7E0000E50052004E0000006F7E0000C6
:1005D8004C002352E400500051004F00000000007E
:1005E80000000000000000000000000000007A7E0B
:1005F8003A003B003C003D003E003F000000000088
:100608000100010001000100010020780000000045
:100618000000225201000100010001000100000059
:1006280000000000E10001000100060119010100BD
:1006380000000000000001000100010000000000AF
:100648007B7E0000000000000000000000000000A9
:1006580000000000000000000000400041004200CF
:1006680043004400450000004C00A80050014E0023
:100678004B004F01460001004800010001005000F6
:10068800510052004F0049004C00000028004B0068
:10069800010001000100010038000000E5005200DF
:1006A8004E0000007C7E0000010023524A005000EA
:1006B80051004F0000000000000000000000000092
:1006C80000000000000035003A003B003C003D00FF
:1006D8003E003F00000000002178007E017E027E7F
:1006E800037E01000000000000000100040001007A
:1006F80001000100010000000000000001000100ED
:100708002078010001000100000000000000067EC2
:100718000B70010000000000077E000000000000D0
:1007280000000000000000000000000000000000C1
:100738000000400041004200430044004500000022
:10074800037C010001000100010001000100247880
:10075800237801004900010001000100010026780A
:100768002578000001004A00137001000100010013
:1007780001000000010027784D000000077E0000FE
:100788000100010001002A7828782978E200E900B0
:10079800EA00B500B600B700CD008301CC008A019D
:1007A8009201940121022302240225022602270233
:1007B8002A02B300B4006F0070009F01CB019F02B2
:1007C800A002E200E900EA00B500B600B700CD00DB
:1007D8008301CC008A0192019401210223022402A0
:1007E8002502260227022A02B300B4006F00700017
:1007F8009F01CB019F02A00228200020003131294F
:100808005A1B750AE1B3000889B30008C5B300088C
:10081800F5B3000800010101010101010101020213
:100828000202020202020203030303030303030496
:100838000404040404040505050505060606060661
:10084800070707070708080808090909090A0A0A1B
:100858000B0B0B0C0C0C0D0D0D0E0E0E0F0F0F10BD
:100868001011111112121313141415151616171747
:10087800181819191A1A1B1B1C1D1D1E1E1F2020B3
:10088800212222232424252626272829292A2B2CFD
:100898002D2D2E2F30313232333435363738393A20
:1008A8003B3C3D3E3F404142434445464748494A18
:1008B8004C4D4E4F50515354555658595A5B5D5EE6
:1008C8005F616264656668696B6C6D6F7072737581
:1008D80077787A7B7D7E8082838587888A8C8E8FE5
:1008E80091939596989A9C9EA0A2A3A5A7A9ABAD13
:1008F800AFB1B3B5B7BABCBEC0C2C4C6C9CBCDCF01
:10090800D1D4D6D8DBDDDFE2E4E7E9EBEEF0F3F5AE
:10091800F8FAFDFF00FF0100010000FFFF000001E1
:100928000001FF0000000000000400400F0000006C
:10093800000000002000000000000000000000008F
:100948002A2B280000000000000000000000000022
:1009580000000029000000002C1E3420212224342D
:100968002627252E362D3738271E1F2021222324FF
:1009780025263333362E37381F0405060708090A9B
:100988000B0C0D0E0F101112131415161718191A37
:100998001B1C1D2F3130232D350405060708090AB5
:1009A8000B0C0D0E0F101112131415161718191A17
:1009B8001B1C1D2F3130354C0000000000000000CA
:1009C800000000000000000000000000000000001F
:1009D8000000000000000000000000007E0F00D4AE
:1009E800FFFFFFC700000078B1D0000811D0000851
:1009F800F1CE00080000000004122200480A010895
:100A0800340A0108100A01082203450050004F006B
:100A18004D0041004B00450052002000530070007B
:100A28006C006900740036003500000012034500B0
:100A380050004F004D0041004B004500520000009F
:100A48000403090409023B00020100A0FA0904009A
:100A580000010301010009211101000122440007DE
:100A680005810308000109040100010300000009D1
:100A7800211101000122B60007058203200001129E
:100A8800010002000000402D34C6E43000010200DD
:100A98000105010902A10185020901A10005091941
:100AA800012908150025019508750181020501092C
:100AB8003009311581257F95027508810609381599
:100AC80081257F950175088106050C0A3802158174
:100AD800257F950175088106C0C005010980A1011F
:100AE800850319012AB700150126B700950175106D
:100AF8008100C0050C0901A101850419012AA00281
:100B0800150126A002950175108100C0050109068E
:100B1800A1018506050719E029E7150025019508B3
:100B2800750181020507190029EF1500250195F0C7
:100B380075018102050819012905950575019102BC
:100B4800950175039101C005010906A10105071961
:100B5800E029E715002501950875018102950175C1
:100B68000881010507190029FF150026FF009506D1
:100B78007508810005081901290515002501950545
:100B880075019102950175039101C000F4130108E4
:100B9800D44D0020D44D0020D44D0020F41301087A
:100BA800000000000000000000000000F41301082D
:100BB800000000000000000000000000F41301081D
:100BC800000000000000000000000000F41301080D
:100BD800000000000000000000000000F4130108FD
:100BE800000000000000000000000000F4130108ED
:100BF800000000000000000000000000F4130108DD
:100C0800000000000000000000000000610301086F
:100C1800603D0020703E0020000000001BE6000838
:100C28000BE600083BE600082BE6000835E600085E
:100C380025E6000815E6000805E6000845E6000870
:100C48000100000000000000009600000300000002
:100C58000000000079EA000871F900083DF9000871
:100C680040004000783E0020783E0020010000004F
:100C7800703E00205245454E54206D616C6C6F6388
:100C88002073756363656564656400002E2E2F2EDE
:100C98002E2F2E2E2F2E2E2F2E2E2F2E2E2F6E65F0
:100CA800776C69622F6C6962632F7374646C696214
:100CB8002F72616E642E63002C2066756E637469F2
:100CC8006F6E3A2000000000617373657274696F7B
:100CD8006E2022257322206661696C65643A20665D
:100CE800696C6520222573222C206C696E6520258D
:100CF80064257325730A0000232D302B2000000083
:100D0800686C4C00656667454647000030313233F1
:100D180034353637383941424344454600000000EF
:100D28003031323334353637383961626364656659
:040D380000000000B7
:080D3C0008F5FE7F0100000034
:100D4400040C002000000000B01200201813002042
:100D540080130020000000000000000000000000DC
:100D6400000000000000000000000000000000007F
:100D7400000000000000000000000000000000006F
:100D8400000000000000000000000000000000005F
:100D94000000000003000000B01200200000FF006B
:100DA40089360008113700084D370008E538000877
:100DB40039390008010000006400000009480321DB
:100DC40081620C21C162084890F81003074900F0C1
:100DD4000F000A68824200D008600020401C2328CB
:100DE400FCDB70470000014000F0FF1F04040140D9
:100DF4000748032181620C21C1620648016801F0A1
:100E04000F01082901D90821016000BF00BF704704
:100E140000000140040401400E0802010101010127
:100E2400010100000100000001FFFFFFFFFFFFFFC1
:100E3400FFFF1C1B1A19181716FFFF1011121314A9
:100E440015FFFFFF020F0E0D0C0BFFFFFF0306073C
:100E540008090AFFFFFF040105FFFF00FFFFFFFF72
:100E6400FFFFFFFFFFFFFFFF1D1E1F202122FF23A7
:100E7400FF2C2B2A2928272625242D2E2F303132EA
:100E8400FF33343C3B3A3938FF373635FF3DFF3EBC
:100E94003F40414243414013400520093002402471
:100EA400401F302D303B30483056304F20412034E5
:100EB400202620182003101510221030103E104C4C
:100EC4001053004500370029001C000E000000608C
:100ED400006E007C008A009800A500BA00D210BE03
:100EE40010AC109F1091108310751067105A105D8C
:100EF400206B20792086209420A220B820D220D2F2
:100F040030C130AE309B308D308030723064306B05
:100F14004086409440A240B040BF40D24004040404
:100F2400040404040404040404040404040404047D
:100F3400040404040404040404040404040404046D
:100F4400040404040404040404040404040404045D
:100F5400040404040404040404040404040404044D
:100F640004000000DB1F0020FB1F0020897C000818
:100F74000008004001080040020800400308004047
:100F8400060000400A0400400B040040FFFFFFFF7E
:100F9400FFFFFFFF0000004001000040020000408E
:100FA40003000040040000400D0800400100000060
:100FB400000000000100000000000000000000002C
:100FC4000C000200000000000C000E0000000000F5
:100FD400000000000000000001001A0000000000F2
:100FE4000000000008001B000000000000000000DA
:100FF40000000000A9810008040024000000000093
:1010040000000000020028000000000000000000B2
:1010140002002A00000000000000000001002C0073
:1010240000000000000000000C0030000000000080
:101034000000000004003C0000000000898100085A
:1010440020004000000000000000000001003D00FE
:1010540000000000E9820008000000002000600099
:10106400000000000000000000000000000000007C
:101074000300FF00FFFF3905280850011E0A140170
:10108400BC4B002000C201000300000000960000D9
:101094000300000001000000C1D20008EDD20008E6
:1010A400F7D2000801D300080BD3000800000000A9
:1010B400000000000000000000000000000000002C
:1010C400000000000000000000000000000000001C
:1010D400000000000000000000000000000000000C
:1010E40000000000030000000000000029D50008F3
:1010F40000000000200000000000000000000000CC
:1011040002000000000000000000000000000000D9
:1011140000000000000000000000000000000000CB
:1011240000000000000000000000000000000000BB
:1011340000000000804D00200200000004000000B8
:1011440020000000303C00200000000000000000EF
:101154002811002000000000000000000000000032
:10116400000000000000000000000000000000007B
:10117400000000000000000000000000000000006B
:101184000000000000000000000000000300000058
:101194000000000029D5000800000000080000003D
:1011A4000000000000000000020000000000000039
:1011B400000000000000000000000000000000002B
:1011C400000000000000000000000000000000001B
:1011D400000000000000000000000000804D00201E
:1011E400010000000400000008000000003C002092
:1011F4000000000000000000BC100020D8100020F7
:10120400B5D6000895D60008CBD60008ADD700089F
:10121400C9D70008D5D70008DC1000200000000062
:1012240000000000000000000000000000000000BA
:1012340000000000000000000000000000000000AA
:10124400000000000000000000000000000000009A
:10125400000000000000000000000000000000008A
:1012640000000000080000004411002011D700080D
:10127400E9D600082DD7000825D8000849D8000869
:1012840061D8000800000000000000004C1200209B
:1012940000120020B411002000000000681100209A
:1012A400000000000000000000000000000000003A
:1012B4000600000000000000000000000000000024
:1012C400000000000000000000000000000000001A
:1012D400000000000000000000000000000000000A
:1012E40000000000000000000000000000000000FA
:1012F40020000000000000000000000004000000C6
:1013040000000000000000000000000000000000D9
:1013140000000000000000000000000000000000C9
:1013240000000000000000000000000000000000B9
:1013340000000000000000000000000003000000A6
:101344000000000000000000030000000000000096
:101354000000000000000000000000000000000089
:101364000000000000000000000000000000000079
:101374000000000000000000000000000000000069
:101384000000000000000000030000000000000056
:101394000000000002000000000000000000000047
:1013A4000000000000000000000000000000000039
:1013B4000000000000000000000000000000000029
:1013C4000000000000000000000000000000000019
:1013D4000000000006000000010000009C12002034
:1013E4009C120020000000000000000000D8B80596
:04000005080001B935
:00000001FF
