:020000040800F2
:1000000000040020B9010008BB010008BB01000882
:10001000BB010008BB010008BB010008BB010008D0
:10002000BB010008BB010008BB01000835F2000855
:10003000BB010008BB010008BB010008DB0501088B
:10004000BB010008BB010008BB010008BB010008A0
:10005000BB010008BB010008CD020108F502010840
:100060001D030108450301086D030108BB010008D9
:10007000BB010008BB010008F10C0108BB0100082E
:1000800095030108BB010008BB010008BB01000883
:10009000BB010008BB010008BB010008BB01000850
:1000A000BB010008BB010008050901081909010886
:1000B000BB010008BB010008E1060108BB01000804
:1000C000F5060108F9030108BB010008BB0100089F
:1000D000BB010008BB010008BB010008BB01000810
:1000E00072B6264880F30888254880F30988254899
:1000F00025490860022080F31488BFF36F8F0EF04B
:1001000085FD0EF08BF94FF0553020491B4A914286
:100110003CBF41F8040BFAE71D49194A91423CBF24
:1001200041F8040BFAE71B491B4A1C4B9A423EBF9D
:1001300051F8040B42F8040BF8E700201849194A5B
:1001400091423CBF41F8040BFAE70EF063FD0EF05C
:100150005EFD154C154DAC4203DA54F8041B88477C
:10016000F9E708F0D1FD124C124DAC4203DA54F815
:10017000041B8847F9E70EF04BBD00000004002087
:10018000000C00200000000808ED00E00000002046
:1001900000040020F0270108000C0020C4130020F8
:1001A000C81300208C4F0020E0000008E000000889
:1001B000E0000008E000000892E700F000F8FEE729
:1001C0002DE9F04FC1F80CD0C3689D46BDE8F08F13
:1001D000002383F311882846A04700200EF030FF4B
:1001E000FEE70EF061FE00DFFEE7000053B94AB9FA
:1001F000002908BF00281CBF4FF0FF314FF0FF302F
:1002000000F07AB9ADF1080C6DE904CE00F01AF8EF
:10021000DDF804E0DDE9022304B07047430803F091
:100220005533C01A830803F0333300F033301844D9
:1002300000EB101000F00F3000EB002000EB00404E
:10024000000E70472DE9F047089D0E4604468E4685
:10025000002B4CD18A429446B2FA82F362D953B150
:1002600002FA03FCC3F1200201FA03FE20FA02F2B3
:1002700042EA0E0E9C404FEA1C47BEFBF7F11FFA04
:100280008CF607FB11EE01FB06F0220C42EA0E424F
:1002900090420AD91CEB020201F1FF3E80F00E8170
:1002A000904240F20B8102396244121AB2FBF7F01D
:1002B00007FB102200FB06F6A4B244EA0244A64261
:1002C0000AD91CEB040400F1FF3280F0F980A64249
:1002D00040F2F6806444023840EA01400021A41B49
:1002E0001DB1DC400023C5E90043BDE8F0878B4227
:1002F00005D90DB1C5E9000100210846F5E7B3FABB
:1003000083F1002942D1B34202D3824200F2EE804F
:10031000841A66EB030201209646002DE5D0C5E95C
:10032000004EE2E7002B40F08C80881A0121170C68
:1003300096B2B0FBF7FE07FB1E00220C42EA004219
:1003400006FB0EF0904208D91CEB02020EF1FF38BA
:1003500002D2904200F2CC80C646121AB2FBF7F0ED
:1003600007FB102200FB06F6A4B244EA0244A642B0
:1003700008D91CEB040400F1FF3202D2A64200F2BD
:10038000B2801046A41B40EA0E40A9E7C1F1200745
:100390008B4022FA07FC4CEA030C26FA07FA4FEAD4
:1003A0001C48BAFBF8FE06FA01F308FB1EAA1FFA66
:1003B0008CF620FA07F400FA01F90EFB06F023434D
:1003C0001C0C44EA0A44A04202FA01F20BD91CEBCD
:1003D00004040EF1FF3A80F08480A04240F2818054
:1003E000AEF1020E6444241A98B2B4FBF8F308FB91
:1003F000134403FB06F640EA0444A64208D91CEB6A
:10040000040403F1FF3068D2A64266D9023B64447B
:1004100043EA0E40A41BA0FB02E6B4427346B0467A
:1004200052D34FD05DB1B9EB030264EB080404FA78
:1004300007F722FA01F31F43CC40C5E900740021FD
:1004400053E702FA03FCC3F12000C1404FEA1C4706
:10045000B1FBF7FE07FB1E1124FA00F09E4030436B
:10046000020C1FFA8CF642EA01420EFB06F19142A1
:1004700004FA03F409D91CEB02020EF1FF382ED264
:1004800091422CD9AEF1020E6244521AB2FBF7F13E
:1004900007FB112280B240EA024001FB06F28242D1
:1004A00008D91CEB000001F1FF3814D2824212D9A6
:1004B00002396044801A41EA0E413AE77146F4E697
:1004C000104609E7F145ADD2BEEB020366EB0C0620
:1004D0000138B046A6E74146ECE7034698E7C64632
:1004E000D3E7D6467FE7644402384BE7084614E773
:1004F000AEF1020E624430E7704700BF38B5124BD0
:1005000004461D682A6B1AB10023C2E9044338BDB2
:10051000182000F00BFA0246286378B100210B2363
:1005200001209381C2E90401084B0949094DC2E940
:10053000011300231560C2E9044338BD4621064B70
:10054000064800F053F800BF000C0020ECDE050068
:1005500034126DE60E33CDAB282701084027010881
:1005600038B5194B1C68226B8AB113691749546955
:1005700003FB01F1164800FB0411A3FB003001331B
:1005800041EB0001C2E9043121F0004038BD1820E0
:1005900000F0CCF90246206388B1012400250B232A
:1005A0000A480C49C2E90445116001460A4D0B4C4A
:1005B00093810B4BC2E90154C2E9043138BD522189
:1005C000084B094800F012F8000C00202DF4515897
:1005D0002D7F954C0E33CDAB34126DE6ECDE05006D
:1005E0002E7F954C2827010840270108144600B5A6
:1005F0001A460A4B0D461B6885B0DE6803464CB1AF
:1006000007490191304607490294009500F0ACF982
:1006100000F040F804490C46F3E700BF000C00204E
:100620006C2701087C2701087827010808B51346C4
:100630000022FFF7DBFF00BF20F0030110F00300F2
:10064000C0F1000051F8043B00F1040C4FEACC0C5F
:100650006FF000021CBF22FA0CF213434FF0010CA2
:100660004CEA0C2C4CEA0C4CA3EB0C0222EA0302E1
:1006700012EACC1204BF51F8043B0430F4D0C2F1AA
:10068000000102EA0102B2FA82F2C2F11F0200EB9B
:10069000D2007047062008B500F078FD01200FF069
:1006A0008BFC00BF70B5860747D0541E002A3ED091
:1006B0000346CAB201E0013C39D303F8012B9D0780
:1006C000F9D1032C2CD9CDB205EB05250F2C1A46F8
:1006D00005EB054534D9A4F1100C2CF00F0603F1FD
:1006E000100EB6444FEA1C1CC2E90055C2E902557F
:1006F00010327245F8D10CF1010214F00C0F03EB2B
:10070000021204F00F0C13D0ACF1040323F0030326
:100710000433134442F8045B9342FBD10CF003040E
:100720002CB1C9B21C4403F8011BA342FBD170BD1C
:1007300064461346002CF4D1F9E703461446C0E79B
:10074000A446E1E788420ED98B1883420BD900EB0F
:10075000020C002A6DD0624613F801CD994202F8CE
:1007600001CDF9D170470F2A0FD8034602F1FF3CA3
:10077000002A5ED00CF1010C013B8C4411F8012BD6
:10078000614503F8012FF9D1704740EA01039B0747
:1007900050D1A2F1100370B501F1200C23F00F0528
:1007A00001F1100E00F11004AC441B095EF8105C5E
:1007B0000EF1100E44F8105C5EF81C5C103444F826
:1007C0001C5C5EF8185C44F8185C5EF8145CE64546
:1007D00044F8145CEAD1013312F00C0F01EB031161
:1007E00002F00F0400EB031328D08E46043C24F0E3
:1007F00003064FEA940C1E441C1F5EF8045B44F889
:10080000045FB442F9D10CF1010402F0030203EBDE
:10081000840301EB840102F1FF3C4AB10CF1010CAD
:10082000013B8C4411F8012B614503F8012FF9D1EC
:1008300070BD7047034602F1FF3C9BE72246EAE7A2
:10084000844641EA000313F0030349D1403A23D31D
:100850000B6803604B6843608B688360CB68C36040
:100860000B6903614B6943618B698361CB69C36128
:100870000B6A03624B6A43628B6A8362CB6AC36210
:100880000B6B03634B6B43638B6B8363CB6BC363F8
:1008900040304031403ADBD230320BD30B6803603A
:1008A0004B6843608B688360CB68C3601030103145
:1008B000103AF3D20C3205D351F8043B40F8043B14
:1008C000043AF9D2043208D0D2071CBF11F8013B18
:1008D00000F8013B01D30B8803806046704700BFDE
:1008E000082A13D38B07B1D010F00303AED0C3F1A5
:1008F0000403D21ADB071CBF11F8013B00F8013BCF
:10090000A4D331F8023B20F8023B9FE7043AD9D345
:10091000013A11F8013B00F8013BF9D20B78037062
:100920004B7843708B78837060467047024B01466A
:10093000186800F0CBBE00BF000C0020024B01463F
:10094000186800F043BF00BF000C00200CB400B5D5
:1009500083B004AB53F8042B019300F083F803B089
:100960005DF804EB02B070470EB400B5074A82B0E0
:1009700003AB0146106853F8042B019300F072F8A2
:1009800002B05DF804EB03B0704700BF000C00201C
:10099000032A30B415D941EA0004A40784460B4663
:1009A00004D0541E0FE0043A032A08D919466046C1
:1009B00053F8044B5CF8045BA542F4D0F1E76046C1
:1009C0001946541E7AB1431E0139021901E09A42B8
:1009D00009D013F8010F11F801CF6045F7D0A0EB53
:1009E0000C0030BC7047002030BC70479368013B5E
:1009F000002B936005DAD2F818C0634507DB0A299B
:100A000005D01368581C106008461970704700F034
:100A100063B900BF9BB1F8B5134406460F46541E98
:100A20005D1E01E0AC4208D03A46304614F8011F82
:100A3000FFF7DCFF431CF5D1F8BD0020F8BD002016
:100A4000704700BF936810B514461BB918460023C1
:100A5000636010BD00F08EF90023A3600023636083
:100A600010BD00BF2DE9F04FA1B08B4691461C464A
:100A7000049018B1036A002B00F01381BBF80C300E
:100A8000180740F18E80DBF81030002B00F08980D1
:100A9000002343F220020D9399F800300127824E83
:100AA0000794ADF83920002B73D04D4603E015F8BC
:100AB000013F002B7FD0252BF9D1B5EB090A7DD161
:100AC0002B78002B65D000234FF0FF320135CDE9A4
:100AD000092308930B938DF863301E9306E0254697
:100AE000089B801B07FA00F0034308932C4605225D
:100AF00014F8011B304601F0DDF9A1460028EED1C3
:100B0000089BD90644BF20228DF863201A0748BFEE
:100B10002B22297848BF8DF863202A2964D1079AAF
:100B20001168043200290792C0F296800B9169780F
:100B30002E296FD05D4C0322204601F0BBF938B15D
:100B40004022089B001B8240134309F101090893CE
:100B500019F8011B062256488DF8381001F0AAF941
:100B600000287FD0534B002B69D007A900915A462B
:100B70000498514B08A9AFF300800390039B013305
:100B800007D00D9B039A13440D9399F80030002B66
:100B90008BD1BBF80C305B060AD40D9821B0BDE8B0
:100BA000F08F5946049800F091FE00283FF470AF92
:100BB0004FF0FF30F2E7B5EB090AEAD009F1FF3850
:100BC00005954546DDF8108001E0A2453ED92C464A
:100BD0005A46404615F8011FFFF708FF023401305E
:100BE000A4EB0904F1D1D4E7A1F13002092A88BFAE
:100BF000A9469DD80B9B00E00134217803EB8303C9
:100C000002EB4303A1F13002092AF5D92E29A146AE
:100C10000B938FD199F801102A292DD1079B09F147
:100C200002001A680433002A0793B8BF4FF0FF335D
:100C300099F8021009928146B8BF09937AE7079B99
:100C4000073323F00703083307939AE70D99059DAF
:100C500051442B780D9134E7494243F002030B9144
:100C6000089364E707A900915A460498124B08A913
:100C700000F052FF039081E70023A1F13002092A1E
:100C800009F1010909933FF655AF19F8011F03EB6C
:100C9000830302EB4303A1F13002092AF5D909933A
:100CA00048E700F0F9FBE9E6AC270108B4270108A2
:100CB000B827010800000000150A00088C4600B59E
:100CC00086461346034A714610685DF804EB624697
:100CD000FFF7C8BE000C0020F8B506460D461446C6
:100CE00010B1036A002B37D0A269A389A2601A074A
:100CF00019D52369BBB122686169D31AEDB2994253
:100D00002F4620DD0133A1680139A160511C21600B
:100D1000157062699A420DD0A389DB0701D50A2DAF
:100D200008D03846F8BD2146304600F0CFFD38B92E
:100D30002369E0E72146304600F060FC0028F0D04F
:100D40004FF0FF37EDE72146304600F057FC002812
:100D5000F6D101232268D6E700F09EFBC4E700BF6E
:100D600003460A46024908681946FFF7B5BF00BFA7
:100D7000000C00209368002B00F0F0802DE9F04F6C
:100D8000B1F90CC090461CF0080F81460C4683B0A8
:100D90002BD00B694BB31CF00207D8F8006032D09F
:100DA0004FF0000A5546D4F828B0216AAB4FC5B1C0
:100DB000BD422B46524628BF3B464846D8470028EE
:100DC00040F3C280D8F8083082441B1A2D1AC8F8A4
:100DD0000830002B00F0AE80D4F828B0216A002D36
:100DE000E6D1D6E900A50836E1E72146484600F0FD
:100DF0006DFD002840F0AD80B4F90CC0D8F800605B
:100E00001CF00207CCD11CF0010A63D157462368BD
:100E1000A16818468B46002F58D01CF4007F00F0C4
:100E2000B180B9420A4600F2DD801CF4906F2FD0E9
:100E3000216962695D1A02EB420202EBD2726B1CFD
:100E400052103B44934292BF93469B461A461CF471
:100E5000806F00F0E6801146484600F037FC00281D
:100E600000F0F5802A4621690190FFF7E9FCA2898C
:100E7000019B22F4906242F08002A2815819C4F8CA
:100E800014B0ABEB05053A46BB462361A560206074
:100E90003D46002751460192FFF754FCA1682368A4
:100EA000019AA1EB0B011A44A1602260D8F8083026
:100EB000AA445B1BC8F80830002B3BD02368A1680C
:100EC00018468B46B4F90CC0002FA6D1D6E900A76E
:100ED00008369EE73846BB463D46002D40D00028E8
:100EE00045D03A46D4E904C32068AA4228BF2A461E
:100EF0006045A16804D901EB030A524500F38280E2
:100F0000934272DC5A464846216AD4F828C0E0472A
:100F1000B0F1000A18DDB7EB0A070FD00120D8F8AE
:100F20000830D344A3EB0A03A5EB0A05C8F8083040
:100F3000002BD2D1002003B0BDE8F08F21464846F7
:100F400000F05CFB0028EAD0B4F90C3043F0400319
:100F5000A3814FF0FF3003B0BDE8F08F0020704751
:100F6000756833460836002DFAD0D3F800B02A460B
:100F70000A21584600F09EFF002865D00130A0EB02
:100F80000B07AEE722699A4214D36569BD4211D8B6
:100F90006FF00043BB4228BF3B4693FBF5F352463C
:100FA00005FB03F34846A56A216AA847051ECBDD69
:100FB0007F1B7BE7B94228BF39460D46184651468C
:100FC0002A46FFF7BFFBA1682368491B2B44A16099
:100FD00023600029ECD12146484600F00FFB002891
:100FE000E6D0B1E7BB463A4652E759460192FFF7D1
:100FF000A9FB019AA36892469B1AA3602368134435
:10100000236088E759465246FFF79CFB2368214638
:1010100053444846236000F0F1FA00283FF47BAFC8
:1010200092E7484600F0B4FC034600287FF426AF60
:101030004846216900F0CAFB0C22B4F90C30C9F80B
:10104000002023F0800381E76A1C17464AE70C2240
:10105000B4F90C30C9F8002078E700BF00FCFF7F2E
:1010600038B5C46B0CB1002038BD8021054600F0B6
:101070002DFB0246E86330B1031F7C3243F8044F76
:101080009342FBD1EFE74FF0FF3038BD30B51F2959
:10109000054683B008D8C36B0C4653B153F82400FF
:1010A00043F8242003B030BD162303604FF0FF3017
:1010B000F8E78021019200F009FB019A0346E863FA
:1010C0000028F3D0011F00F17C05002041F8040F37
:1010D000A942FBD1E2E700BF1F2938B505461ED85B
:1010E000C26B0C466AB152F8213053B1012B06D0C5
:1010F000591C10D00021204642F8241098470020A7
:1011000038BD284600F088FF224601462846BDE843
:10111000384000F06DBF162301202B6038BD162328
:101120004FF0FF302B6038BD1F292BD838B5C36B6B
:101130000C460546A3B153F8242003EB84034AB1BF
:10114000511C0BD0012A07D0002520461D60904776
:10115000284638BD012038BD032038BD022038BDE7
:10116000802100F0B3FA0346E86340B100201A1F63
:1011700003F17C0142F8040F8A42FBD1DBE74FF018
:10118000FF3038BD4FF0FF30704700BF38B5134B0C
:101190001F281D681DD8EA6B044662B152F8203042
:1011A0004BB1012B05D0591C0FD0002142F8201063
:1011B0009847002038BD284600F02EFF2246014601
:1011C0002846BDE8384000F013BF162301202B60ED
:1011D00038BD16234FF0FF302B6038BD000C0020C7
:1011E000114B1F2870B51E6808D8F36B04460D46D6
:1011F0004BB153F8240043F8245070BD16233360DC
:101200004FF0FF3070BD8021304600F05FFA03469A
:10121000F0630028F4D00021021F7C3042F8041F44
:101220008242FBD1E5E700BF000C002038B50B4B34
:101230001D68EC6B0CB1002038BD8021284600F001
:1012400045FAE86338B1031F00F17C0243F8044F0C
:101250009342FBD1EFE74FF0FF3038BD000C002088
:1012600038B5174B1F281D6826D80446E86BA0B177
:1012700050F8242000EB84034AB1511C0BD0012A02
:1012800007D0002520461D609047284638BD012024
:1012900038BD032038BD022038BD8021284600F02B
:1012A00015FAE86340B10021031F00F17C0243F806
:1012B000041F9342FBD1DBE74FF0FF3038BD00BF86
:1012C000000C002000207047024A0349034800F048
:1012D000DBBA00BF500C0020FD150008040C0020F4
:1012E0000C4B416810B59942044601D000F086F9D4
:1012F000A168094B994202D0204600F07FF9E168CD
:10130000064B994204D02046BDE8104000F076B963
:1013100010BD00BFC8130020301400209814002016
:10132000002070472DE9F84300250423294C2A4961
:101330000822C4F8381104F15C002946DFF89C90BB
:10134000DFF89C80274F284EC4E90335C4E90055D7
:10135000C4E90555A5606566FFF7A4F9234B08228B
:10136000294604F1C4006367C4E90849C4E90A874F
:10137000C4E91A55C4E91E5526632567C4F8CC5044
:10138000C4F88050FFF78EF9194B2946C4F8DC30B9
:10139000082204F1680304F59670C4F88830C4E9A3
:1013A0002398C4E92576C4E93455C4E93855C4F80E
:1013B000D850C4F83451C4F8E850FFF773F904F179
:1013C000D003C4E93D98C4E93F76C4F8F030BDE8E5
:1013D000F88300BFC8130020C91200084D1F000881
:1013E000751F0008B51F0008D91F0008090001007B
:1013F00012000200F8B5254B0646D3F83831002B11
:101400003CD0234FD7E90134013B04D51DE05A1CE1
:1014100004F1680419D0B4F90C50013B002DF6D149
:101420001C4B08222946C4E90155C4E90455E36070
:1014300065662560A56104F15C00FFF733F9C4E936
:101440000D55C4E912552046F8BD3D680DB12F4633
:10145000D8E74FF4D671304600F038F9044680B131
:1014600004230560294625460C304FF4D072A06055
:101470006360FFF717F93C602F46C3E7FFF752FFA1
:10148000BFE70C2338603360DDE700BFC8130020DE
:10149000500C00200100FFFF036A03B17047044BAA
:1014A000044AD3F838310262002BF7D13AE700BF83
:1014B000C8130020E1120008704700BF704700BF4A
:1014C0000020024A024900F0DFB900BF500C0020A2
:1014D000C51200080020024A024900F0D5B900BF39
:1014E000500C002021130008F8B5B1F90C300C465F
:1014F0001E07074639D44A68002A53DDE56A002DE5
:1015000031D000223E683A6013F48052216A55D1EE
:1015100001233846A847451C024663D0B4F90C3075
:10152000E56A216A580705D56368D21A636B0BB167
:10153000236CD21A00233846A847421C40D0002210
:10154000236962602360A389DB0400D56065616B59
:101550003E6041B104F14403994202D0384600F0A4
:1015600035F9002363630020F8BD0E69002EFAD020
:101570009B0718BF00230D6808BF4B690E60AD1BA9
:101580008B600CE02B463246D4F828C03846216ADE
:10159000E047B0F1000CA5EB0C05664406DD002D1C
:1015A000F0DCE0E70A6C002AA8DCDCE7B4F90C30D8
:1015B00043F040034FF0FF30A381F8BD626DB1E707
:1015C0003968B4F90C301D29F2D80B4ACA40D50746
:1015D000EED50022626022692260DA04B7D50029C4
:1015E000B4D0B4E73B68002B98D01D2B01D0162B4C
:1015F000DCD13E60B7E700BF010040200B69B3B10A
:1016000010B5044682B008B1036A5BB1B1F90C3081
:1016100013B9002002B010BD204602B0BDE8104052
:10162000FFF762BF0191FFF737FF0199EEE7002056
:10163000704700BFB8B138B50D4A03690446156854
:101640002BB10DB12B6A53B1B4F90C300BB900209A
:1016500038BD21462846BDE83840FFF745BF28463B
:10166000FFF71AFFF0E7034A0349044800F00CB9FA
:10167000000C0020500C0020FD150008040C002078
:1016800070B5114E054633680C46BBB1214628465D
:101690000EF076FC431C01460CD0C41C24F003045D
:1016A000A04205D02846611A0EF06AFC013001D034
:1016B000204670BD4FF0FF34204670BD19460EF035
:1016C0005FFC3060E2E700BF041500202DE9F8431D
:1016D000CD1C25F0030508350C2D38BF0C25002D39
:1016E000064618DBA94216D8DFF8DC8000F056FB6E
:1016F000D8F80420A2B1144603E0636822467BB107
:101700001C4623685B1BF8D40B2B1FD894426368DC
:1017100054D053600CE00C2333600020BDE8F88304
:1017200029463046FFF7ACFF431C044619D005603C
:10173000304600F035FB04F10B00231D20F00700BC
:10174000C21A1CBF1B1AA350BDE8F883611994424A
:10175000256014BF5160C8F80410635163684B6082
:10176000E6E7D8F804701FB33C467F68002FFBD132
:1017700023683946304604EB03090EF001FC81452D
:1017800016D123683046ED1A2946FFF779FF01305C
:101790000ED02368D8F804202B442360536883B10B
:1017A000A34203D01A465B689C42FBD10023B0E7FA
:1017B0000C233046336000F0F3FAAEE7C8F804308B
:1017C000B6E7C8F80470B3E704150020002950D02C
:1017D00038B551F8043C0C1F002BB8BFE41805467F
:1017E00000F0DCFA274A13682BB1A3420CD9216818
:1017F000601883422CD0284663601460BDE83840EE
:1018000000F0CEBAA3420FD81A465B68002BF9D17C
:1018100011685018844217D02CD363605460284656
:10182000BDE8384000F0BCBA11685018A04214D08E
:1018300020D8216860188342EFD118685B6808449B
:10184000C4E900035460EAE723680B441360E6E749
:1018500018685B6808442060CDE720680144501890
:1018600083421160DBD1D3E900040144C2E90014D2
:10187000D5E770470C2328462B60BDE8384000F0C0
:101880008FBA00BF081500202DE9F8434FF000097A
:1018900080460F461646D6E90154013D10D4A3896F
:1018A000012B08D9B4F90E30013304D0214640464B
:1018B000B84749EA0009013D6B1C04F16804EED108
:1018C0003668002EE7D14846BDE8F88338B52F4B7F
:1018D00005461B680C4613B11A6A002A4BD0B4F9AE
:1018E0000C3018071CD5226922B313F0010107D070
:1018F00000206169A0604942A1613AB1002038BD71
:10190000980758BF6169A160002AF7D1190658BF2E
:101910001046F4D543F04003A3814FF0FF3038BDAB
:10192000D9062CD55A0712D4226943F00803A381A3
:10193000002ADAD103F42071B1F5007FD5D0214619
:10194000284600F02FFAB4F90C302269CDE7616B1C
:1019500051B104F14402914204D02846FFF736FF0A
:10196000B4F90C30002262630021226923F02403C1
:10197000C4E90021D9E71846FFF78EFDAFE7092239
:1019800043F040032A60A381C7E700BF000C00209A
:101990002DE9F041144641B30AB306460D4600F066
:1019A0001FFB8442074602D8B4EB500F13D82146E0
:1019B0003046FFF78BFE804650B1BC422246294696
:1019C00028BF3A46FEF73CFF29463046FFF7FEFEA9
:1019D0004046BDE8F081A8464046BDE8F081A046FB
:1019E000FFF7F4FE4046BDE8F0811146BDE8F04146
:1019F000FFF76CBE2DE9F84F92461F460A698B68C7
:101A00000C469A42B8BF1A46CAF8002091F84330F3
:101A10000646DDF8289013B10132CAF8002022688A
:101A200091065FD5DAF800300233CAF80030226838
:101A300012F0060F11461DD1E1689942D8BF114638
:101A400018DD4FF0000804F1190B05E0E568DAF83D
:101A50000030ED1A45450CDD01235A463946304623
:101A6000C847013008F10108F0D14FF0FF30BDE860
:101A7000F88F216894F84330003B18BF01238A0691
:101A80000AD53021E21882F8431094F845105A1C08
:101A90002244023382F843103946304604F14302AF
:101AA000C8470130E1D0D4E902202368DAF80050B9
:101AB00003F00603042B21691BD08A4220DD4FF07E
:101AC0000008521A904400251A3401E0454517DAFF
:101AD0000123224639463046C847013005F1010549
:101AE000F4D1C2E712F0060F0DD0003B18BF01235E
:101AF000D2E7401B8A4220EAE078E2DC0028E2DC00
:101B00000020BDE8F88FE168DAF800309942D8BFCC
:101B1000114696DCAEE700BF2DE9F04717460A7E76
:101B200084B00C46064698460C9D01F1430C002AF1
:101B300035D0A2F15803D9B2202969D8202B67D813
:101B4000DFE813F0E60066006600660066006600E7
:101B500066006600660066006600AC007000660005
:101B6000660066006600700066006600660066003B
:101B700021008300C60066006600B6006600830090
:101B800066006600EC002B682268181D61692860F9
:101B900010061B6802D4520600F1E0801960002391
:101BA000E14623613B4621463046CDF8008003AA3A
:101BB000FFF720FF013020D04A46394630462369DE
:101BC000C047013019D02368E0689B07DDF80C900E
:101BD00018D5484516DD002504F1190A04E0E0682F
:101BE000A0EB0903AB420DDD0123524639463046D6
:101BF000C047013005F10105F1D14FF0FF3004B0CD
:101C0000BDE8F0874845B8BF484604B0BDE8F08756
:101C1000012084F8422004F142090023206184F865
:101C20004330BFE72A682368111D1806296002D4D3
:101C3000590600F195801068014600286268C0F2DC
:101C400093804FF00A0E534815E020682B6810F07F
:101C5000800F53F8041B02D1400648BF89B26F2A97
:101C600014BF4FF00A0E4FF0080E4A482B600023B5
:101C7000626884F84330002AA26051DB236823F0B5
:101C80000403236000294BD1002A7BD1E146BEF139
:101C9000080F56D0ACEB0903236183E72A680120C3
:101CA000116804322A6004F1420984F84210B4E752
:101CB0002B6800211A1D2A60D3F8009062684846FC
:101CC00000F0F8F8002863D0A0EB09006060A4E7FA
:101CD000236843F02003236078222F4884F84520AE
:101CE0002A6813F0800F52F8041B03D113F0400F41
:101CF00018BF89B22A60DA0744BF43F0200323608B
:101D000019B9236823F0200323604FF0100EAEE7CB
:101D10005823204884F845302368E1E72368DBE74F
:101D20007546E146B1FBF5F30A4605FB131A194661
:101D300010F80A30AA4209F8013DF3D2BEF1080FAB
:101D4000A8D12368DD07A5D5626823699A42A1DC82
:101D5000302309F1FF3989F800309BE719801EE72D
:101D6000B2F90010084668E72D20002AA26084F826
:101D7000430002DB23F0040323600A250548AE4636
:101D80004942CEE7037804F1420984F842307EE705
:101D9000606842E7C0270108D4270108704700BFE8
:101DA000704700BF70B5B1F90C300C46990796B07A
:101DB00007D5012204F14703C4E90432236016B0B9
:101DC00070BDB4F90E100546002929DB6A460EF0F5
:101DD000E4F8002822DB4FF480612846019EFFF7DB
:101DE00075FC88B3A38906F4704643F08003A38191
:101DF0004FF48063B6F5005FC4E904032060DED1D0
:101E00002846B4F90E100EF0D4F80028D7D0A389D4
:101E100023F0030343F00103A381D0E7B4F90C30AE
:101E200013F0800F14BF40264FF4806628463146D9
:101E3000FFF74CFC40B1A389C4E9040643F08003DA
:101E40002060A38116B070BDB4F90C309A05B6D4E9
:101E5000012123F0030304F1470243F00203C4E924
:101E60000421A3812260AAE770B50C46B1F90E10D7
:101E7000154600291E4696B00FDB6A460EF08DF817
:101E800000280ADB019B4FF4806203F47043A3F542
:101E90000053B3FA83F35B0907E0A289002312F031
:101EA000800F14BF40224FF48062002033602A600C
:101EB00016B070BD5FFA81FC810744D00346511E05
:101EC00022B909E09A0709D0013905D318460278EA
:101ED00001336245F6D17047002070471846032948
:101EE0000CD80029F8D00346014401E08B42F3D01E
:101EF000184613F8012B6245F8D1704710B50CEB6A
:101F00000C24024604EB044402E00439032915D9E9
:101F1000104652F8043B6340A3F1013E2EEA03034E
:101F200013F0803FF1D00346014401E08B4208D01A
:101F3000184613F8012B6245F8D110BD1046002950
:101F4000F1D1002010BD1146C9E700BF10B50C4605
:101F5000B1F90E100EF009F8002803DB636D03449D
:101F6000636510BDA38923F48053A38110BD00BF16
:101F7000002070472DE9F0410C46B1F90C101F46C6
:101F8000CB05054616460BD421F48051A1813B4672
:101F900032462846B4F90E10BDE8F0410DF0ECBF12
:101FA000B4F90E10022300220DF0E4FFB4F90C1076
:101FB000EAE700BF10B50C46B1F90E100DF0DAFFDC
:101FC000B4F90C30421C0EBF23F4805343F4805309
:101FD0006065A38110BD00BFB1F90E100DF0CEBF3A
:101FE00051F8043C181F002BBCBF0B58C018704799
:101FF00070B50026074D0446084611462E600DF0C8
:10200000E3FF431C00D070BD2B68002BFBD0236086
:1020100070BD00BF0C1500200DF0DEBF014B187025
:10202000704700BF2E150020014B1878704700BF85
:102030002F1500200023024A1370024A13607047D4
:102040002C1500201C150020012208B5064B1A7023
:102050000022064B1A70FFF7EDFF054B1878BDE81C
:10206000084005F07BB800BF2F1500201815002090
:102070002E15002008B50023054A1370054A137079
:10208000FFF7D8FF044B1878BDE8084005F072B898
:102090002F150020181500202E1500200F4B10B50D
:1020A0001B7873B1E03807280BD80D4C4A79237898
:1020B00042B11BB90B4B187805F05CF8237801335B
:1020C000237010BD013BDBB22370002BF9D1BDE8BA
:1020D0001040044B187805F041B800BF2F150020C0
:1020E0002D1500202E1500203D4B1B68A3F5FC4349
:1020F000403B2D2B72D8DFE803F0171A1C1E20225C
:102100002426282A2C2E4630323436383A3C3E409B
:10211000424244484A4C4E50525456585A5C305FE2
:1021200061636567696B6D6F2E480BF015B92E48BA
:10213000FBE72E48F9E72E48F7E72E48F5E72E484B
:10214000F3E72E48F1E72E48EFE72E48EDE72E485B
:10215000EBE72E48E9E72E48E7E72E48E5E72E486B
:10216000E3E72E48E1E72E48DFE72E48DDE72E487B
:10217000DBE72E48D9E72E48D7E72E48D5E72E488B
:10218000D3E72E48D1E72E48CFE72E48CDE72E489B
:10219000CBE72E48C9E72E48C7E72E48C5E72E48AB
:1021A000C3E72E48C1E72E48BFE72E48BDE72E48BB
:1021B000BBE72A2004F0FEBC2C48B6E72C48B4E765
:1021C0002C48B2E72C48B0E72C48AEE72C48ACE7E7
:1021D0002C48AAE72C48A8E72C48A6E7704700BF80
:1021E000281500205C150108271401087015010846
:1021F000851501089A150108C1130108C3130108C8
:10220000C5130108C7130108911D0108C91301086E
:10221000CB130108D3130108D5130108D813010803
:10222000DB130108DE130108E1130108E4130108C0
:10223000E7130108D9140108EA130108EC13010897
:10224000EE130108691C0108F01301087917010851
:10225000F3130108F6130108F9130108FC13010830
:10226000FF130108DF140108021401080514010816
:10227000081401080B1401080E14010811140108B8
:1022800014140108171401081A1401081D14010878
:1022900010B50C4C23686BB10B4A12786AB10B4A2B
:1022A00012683AB147F66E6293420CBF8B208A20C7
:1022B00004F080FC0023236010BD05480BF04CF8AF
:1022C000F8E700BF2415002018150020281500206D
:1022D000FF14010847F66E6210B58E4C23689342D6
:1022E00079D18D4B1B68A3F5FC43403B2D2B5DD86A
:1022F000DFE803F0171B1D1F21232527292B2D2F76
:102300004531333537393B3D3F41431F2147494B29
:102310004D4F515355575C595F61636567696B6DEC
:102320006F177E480BF018F840E07D48FAE77D48CB
:10233000F8E77D48F6E77D48F4E77D48F2E77D4819
:10234000F0E77D48EEE77D48ECE77D48EAE77D4829
:10235000E8E77D48E6E77D48E4E77D48E2E77D4839
:10236000E0E77D48DEE77D48DCE77D48DAE77D4849
:10237000D8E77D48D6E77D48D4E77D48D2E77D4859
:10238000D0E77D48CEE77D48CCE77D48CAE77D4869
:10239000C8E77D48C6E77D48C4E77D48C2E77D4879
:1023A000C0E77D48BEE72A2004F004FC0023236038
:1023B00010BD7A48B6E77A48B4E77A48B2E77A4877
:1023C000B0E77A48AEE77A48ACE77A48AAE77A48B5
:1023D000A8E77A48A6E747F66F629342E6D14E4BEC
:1023E0001B68A3F5FC43403B2D2BDFD801A252F81C
:1023F00023F000BF232300082B2300082F2300080D
:1024000033230008372300083B2300083F2300083C
:1024100043230008472300084B2300084F230008EC
:10242000532300087F230008AD230008AD240008D3
:10243000B1240008B5240008B9240008BD24000810
:10244000C1240008C5240008C9240008CD240008C0
:10245000D124000833230008D5240008D92400081B
:10246000DD240008E1240008E5240008E924000830
:10247000ED240008F1240008F5240008F9240008E0
:10248000FD240008AD2300080125000805250008EB
:10249000092500080D250008112500082926000837
:1024A0002D2600083126000835260008444839E763
:1024B000444837E7444835E7444833E7444831E780
:1024C00044482FE744482DE744482BE7444829E790
:1024D000444827E7444825E7444823E7444821E7A0
:1024E00044481FE744481DE744481BE7444819E7B0
:1024F000444817E7444815E7444813E7444811E7C0
:1025000044480FE744480DE744480BE7444809E7CF
:10251000444807E724150020281500201F1401084F
:102520001D140108211401082314010825140108B1
:1025300029140108311401083B140108431401084F
:10254000661C01084B140108551401085D140108AC
:10255000E8140108601401086314010867140108F5
:102560006A1401086D14010870140108731401083D
:1025700076140108EE130108791401088714010884
:102580007C1401087F1401088314010886140108D3
:10259000891401088C1401088F1401089214010891
:1025A000C91301089514010864140108981401085E
:1025B0009B1401089E140108A1140108A414010829
:1025C000A7140108AA140108AD140108B0140108E9
:1025D000D5140108B3140108B6140108B914010890
:1025E000BC1401085E1C0108BF140108C2140108D4
:1025F000C5140108C8140108CB140108CE14010841
:10260000A5140108D1140108D4140108D814010834
:10261000DC140108DE140108E1140108E4140108C7
:10262000E7140108EA14010803487BE6034879E649
:10263000034877E6034875E680140108ED140108A5
:10264000F0140108F314010808B50BF0DFF90122BA
:10265000024B1860024B1A7008BD00BF1415002011
:10266000101500202DE9F8434FF00109674F064689
:102670000D46C7F800900BF0C9F9A6F5FC426B793E
:102680000446A2F1400080B2002B72D0604D2D288C
:102690002B7832D8DFF87C81042B06D8DFE803F0F2
:1026A0002A0326152800FFF71FFD01225A4B1A7036
:1026B0005A4B1E6045F6C050A8F80040FFF7C4FF13
:1026C000002000233B60BDE8F883554BB8F800209C
:1026D0001B889A1AE31A92B29BB29A4204D2FFF76D
:1026E000F9FD01232B70E0E7FFF7FEFC0423F9E777
:1026F000FFF7F0FD85F80090D7E76E3A92B2012A15
:102700001FD8DFF81C81042B06D8DFE803F013186C
:1027100003110700FFF7BCFD424BCAE73D4BB8F879
:1027200000201B889A1AE31A92B29BB29A4204D2F2
:10273000FFF7D0FD02232B70EEE7FFF7A9FD03237F
:10274000F9E70021344A042B117005D8022B0DD86B
:10275000012B05D0022B06D000232B700120B0E7FF
:10276000FFF7C2FCF8E7FFF793FDF5E7FFF7B2FDCF
:10277000F2E72F28F2D8264D2B78013B032B9FD868
:10278000DFE803F0020A112E244B1B689E4297D10A
:10279000FFF7AAFC002319E0224B1B689E428FD151
:1027A000FFF776FDF6E71D4B1B689E4210D11C4BD0
:1027B000184A1B881288E41A9B1AA4B29BB2A3423F
:1027C0000BD3132C09D8FFF78FFC02232B7077E76C
:1027D000144B1B689E427FF473AFFFF77BFDD9E774
:1027E000104B1B689E420FD10A4B0D4A1B88128862
:1027F000E41A9B1AA4B29BB2A342EED3132CECD8DA
:10280000FFF746FD0123E1E7044BE2E71C1500203A
:102810002C15002022150020181500202815002056
:1028200020150020241500200C4B10B51B685BB947
:102830000B4C2378042B05D8022B0CD8012B04D089
:10284000022B05D00023237010BDFFF74DFCF9E7E4
:10285000FFF71EFDF6E7FFF73DFDF3E71C1500202F
:102860002C15002010B5094C23786BB1084B188843
:102870000BF0D1F840F2DB53984205D900232370C6
:10288000BDE81040FFF7D0BF10BD00BF10150020FD
:102890001415002047F67A62904270B507D847F6C3
:1028A0006F6290421BD8E1282BD0E52845D0944C8C
:1028B000237823B1E52004F025F900232370914CFF
:1028C000237823B1E12004F0D5F8002323708E4C47
:1028D0002378002B3AD0E52004F0CCF82BE0A0F5CB
:1028E000FC4071384B79092838D8DFE810F09F0098
:1028F00019016801C10110026E02C6021B037F03A9
:10290000C1034E79814C46B17D4D2B78E3B1E52072
:1029100004F0F8F800232B7016E07A4D2B7813B1F1
:1029200004F0A8F82E70784D2B7823B1E52004F040
:10293000A1F800232B70002307E04E79744C3EB1C0
:102940006F4D2B78002BE3D101232370012070BD44
:102950006C4D2B78002BE6D0E120E1E7002B3CD03A
:102960006A4B6B4D1B786B4CE3B101266A4BE1203F
:102970001E7004F0C7F8634B1E702B782BB1E52056
:1029800004F0C0F80122604B1A70637A13B12F2053
:1029900004F0B8F82F2004F06DF801225D4B5A7254
:1029A0000020D4E72E78012316B15B4A1370E6E7C6
:1029B0005A4A534D13702B781BB1E52004F0A2F84E
:1029C0002E70237813B11F2004F09CF81F2004F010
:1029D00051F801224F4B1A70E2E74F4A1178B9B112
:1029E0004C4C1370637A13B12F2004F08BF8002540
:1029F0006572444C23781BB1E12004F03BF825704C
:102A0000414C237823B1E52004F034F800232370EF
:102A1000424B1A78002AC3D000253E4C1D70237803
:102A200013B11F2004F06EF82570B9E7002B3CD0DD
:102A3000364B374D1B78374C5BB92E780123FEB1EE
:102A4000354A5370E52004F05DF801222E4B1A70D0
:102A50000AE00126304BE1205E7004F053F8294B68
:102A60001E702B78002BEDD1E37913B12E2004F0EA
:102A700049F82E2003F0FEFF0122264BDA718FE782
:102A8000264A1F4D53702B781BB1E52004F03AF80D
:102A90002E70637813B1232004F034F8232003F060
:102AA000E9FF01221B4B5A707AE71B4A5178B9B1F2
:102AB000184C5370E37913B12E2004F023F800254D
:102AC000E571104C23781BB1E12003F0D3FF257092
:102AD0000D4C237823B1E52003F0CCFF00232370B5
:102AE0000E4B5A78002A3FF45BAF0025094C5D700D
:102AF000637813B1232004F005F8657050E700BF38
:102B00004C1500204B1500204A15002031150020DF
:102B1000301500204D150020321500203E150020F4
:102B2000002B31D0934B944C1B7813B9934B1E78E8
:102B3000A6B10122924B934D9A702B7823B1E120DC
:102B400003F098FF00232B708F4D2B78002BA0D023
:102B5000E52003F08FFF00232B709AE701228B4BB7
:102B60008B4D9A702B781BB1E52003F0CBFF2E70B4
:102B7000A37813B1242003F0C5FF242003F07AFFCB
:102B800001227D4B9A700BE77D4A917841B17A4CD6
:102B90009370637813B1232003F0B4FF00236370B4
:102BA0007A4B9A78002A3FF4FBAE0025724C9D7058
:102BB000A37813B1242003F0A5FFA570F0E6002B45
:102BC0003BD06C4B6C4C1B7813B96C4B1E78F6B138
:102BD00001226B4B6B4DDA702B7823B1E12003F0AF
:102BE00049FF00232B70684D2B7823B1E52003F0BB
:102BF00041FF00232B70E37A13B1342003F082FFEE
:102C0000342003F037FF01225B4BDA72C8E6012261
:102C10005E4B5F4DDA702B781BB1E52003F072FF3D
:102C20002E70E37813B1252003F06CFF252003F00C
:102C300021FF0122504BDA70B2E6514AD17841B1FE
:102C40004D4CD370E37A13B1342003F05BFF0023C3
:102C5000E3724E4BDA78002A3FF4A2AE0025464CD0
:102C6000DD70E37813B1252003F04CFFE57097E6A3
:102C7000002B31D03F4B404C1B7813B93F4B1E7893
:102C8000A6B101223E4B3F4D1A712B7823B1E120B2
:102C900003F0F0FE00232B703B4D2B78002BC0D0AF
:102CA000E52003F0E7FE00232B70BAE70122374B43
:102CB000374D1A712B781BB1E52003F023FF2E70DE
:102CC000237913B1262003F01DFF262003F0D2FE46
:102CD0000122294B1A7163E6294A117941B1264C28
:102CE0001371E37813B1252003F00CFF0023E37088
:102CF000264B1A79002A3FF453AE00251E4C1D7155
:102D0000237913B1262003F0FDFE257148E6002B40
:102D100040D0184B184C1B7813B9184B1E78A6B12D
:102D20000122174B174D5A712B7823B1E12003F084
:102D3000A1FE00232B70144D2B78002BC0D0E52072
:102D400003F098FE00232B70BAE701220F4B104DC1
:102D50005A712B781BB1E52003F0D4FE2E706379F5
:102D600013B1272003F0CEFE272003F083FE0123BA
:102D7000637115E6311500204D1500203015002037
:102D8000321500204B1500204A1500203E1500206A
:102D90004C1500208D4A517941B18D4C53712379E6
:102DA00013B1262003F0AEFE00232371894B5A791C
:102DB000002A3FF4F5AD0025854C5D71637913B1B0
:102DC000272003F09FFE6571EAE5002B3AD0824B85
:102DD0007F4C1B7813B9814B1E78EEB101227B4BDF
:102DE0007F4D9A712B7823B1E12003F043FE00233D
:102DF0002B707C4D2B7823B1E52003F03BFE0023A4
:102E00002B70237B13B1872003F07CFE872003F017
:102E100031FE01232373C3E501226E4B724D9A717B
:102E20002B781BB1E52003F06DFE2E70A37913B152
:102E30002D2003F067FE2D2003F01CFE0122644BC1
:102E40009A71ADE5614A917941B1614C9371237BEF
:102E500013B1872003F056FE002323735D4B9A794C
:102E6000002A3FF49DAD0025594C9D71A37913B103
:102E70002D2003F047FEA57192E573B3564B544CD9
:102E80001B7813B9554B1B78F3B101224F4B544DAE
:102E9000DA712B7823B1E12003F0ECFD00232B70D5
:102EA000504D2B7823B1E52003F0E4FD00232B7077
:102EB000A37A13B1332003F025FE332003F0DAFDAB
:102EC0000122434B9A726BE50125424BE520DD71EF
:102ED00003F0D0FD444B1D70A8E73C4AD17941B1C5
:102EE0003B4CD371A37A13B1332003F00BFE0023C4
:102EF000A372384BDA79002A3FF452AD0025344CE6
:102F0000DD71A37913B12D2003F0FCFDA571364BC3
:102F10001B78002B3FF444ADE52003F0F3FD0022C5
:102F2000314B58E543B32C4B2C4D1B78284C5BB9E7
:102F30002E780123AEB1254A5372E52003F0E2FD5D
:102F40000122284B1A7056E60126204BE1205E72C2
:102F500003F0D8FD224B1E702B78002B3FF44BAEB4
:102F6000EBE71C4A204D53722B78002BA0D0E520B4
:102F700003F0C8FD2E709BE7144A517AB9B1144C86
:102F80005372E37A13B1342003F0BCFD0025E572DF
:102F9000134C23781BB1E12003F06CFD2570114C1C
:102FA000237823B1E52003F065FD00232370094B4E
:102FB0005A7A002A3FF4F4AC0025054C5D72A37ADE
:102FC00013B1332003F09EFDA572E9E43215002011
:102FD0004D1500203E150020311500203015002031
:102FE0004B1500204A1500204C1500202BB3414BF7
:102FF000414C1B7813B9414B1B78ABB10122404BBC
:10300000404D9A722B7823B1E12003F033FD002369
:103010002B703D4D2B78002B3FF4D3ACE52003F013
:1030200029FD00232B70CCE40125384BE5209D724F
:1030300003F020FD364B1D709AE5314A917A41B17B
:103040002D4C9372237813B11F2003F05BFD0023F6
:1030500023702E4B9A7A002A3FF4A2AC0025264C0E
:103060009D72A37813B1242003F04CFDA5704EE7A8
:103070002BB3204B204C1B7813B9204B1B78ABB1E2
:1030800001221F4B1F4DDA722B7823B1E12003F090
:10309000F1FC00232B701C4D2B78002B3FF4E4AC8B
:1030A000E52003F0E7FC00232B70DDE40125174B3E
:1030B000E520DD7203F0DEFC154B1D7065E4104A5F
:1030C000D17A41B10C4CD372E37913B12E2003F0C5
:1030D00019FD0023E3710D4BDA7A002A3FF460AC4E
:1030E0000025054CDD72637A13B12F2003F00AFD31
:1030F00065720CE7311500204D15002030150020B9
:10310000321500204B1500204A1500203E150020E6
:103110004C150020F7B504460D4608F0D9FF2B4E9C
:103120002B4F7080E0B285424ED90021294A0FE032
:103130001CF801EBBEF1FF0F01D0864518D001331A
:10314000DBB2092BF4D101310C2902F1090239D08B
:1031500094460023ECE7012906D1012B04D100227B
:103160007388ADF8002015E07388ADF8000011E019
:103170003A683AB3122000FB012232F8131032F8F9
:103180001300090A12F8133040BAE4D1002BEBD136
:10319000ADF800308DF80230009806F035FDC0F330
:1031A00007238DF80400C0F307408DF805308DF833
:1031B00006009DF8063020469DF804209DF8051075
:1031C00007F082FA0134ADE703B0F0BD5C0C0020DB
:1031D00034160020E90C0020032806D8D8225043DA
:1031E00000F12401014806F040B970475A1500204B
:1031F000074B084A10B51A600023074C2370607013
:1032000008F066FF60806078BDE81040FFF7E4BF1B
:10321000341600205A1500205C0C0020024B187850
:10322000431E5842584170475C0C002070B5114B4A
:103230001B78012B1CD1104A126892B112244878D5
:10324000097804FB00220D4832F81140054630F899
:10325000026BA64207D103F0070335F8133022F8BA
:103260001130012070BD0133092BF0D10023F6E7A6
:103270000020F7E75C0C002034160020A81D010890
:10328000704700002DE9FF411D4B1B7893B30022CE
:1032900001AC1146104607F083FA002527460A269E
:1032A000DFF860800A2241463846FDF7C9FA00F08F
:1032B00027FE0378EAB2B3FBF6F3934200D8E5B9F0
:1032C00000F01EFE0378312B03D900239622194605
:1032D00008E000F015FE03781D2B4FF00003F5D831
:1032E0001A4696212078013507F0EEF90A2D04F1EF
:1032F0000104D7D104B0BDE8F08100231A46E6E707
:1033000044400020F6140108F8B50E461446054660
:10331000314F002840D00AF041FB304B38601A6929
:10332000500402D51A6911043DD41A69520402D41A
:103330001B691B0439D4294A136913F4804305D04F
:10334000136983F40043C3F3C0335B003278062A69
:1033500096BF23490021895C224A15B9107898420A
:1033600002D15D1A18BF0125022B13701FD0032B49
:1033700026D0012B2DD10223337095B100F00AFB2A
:103380000022214600F082F90AF008FB164B186073
:103390000AF0D6FA012005E038680AF043FB32282B
:1033A000B9D80020F8BD0323D0E70123CEE70323DB
:1033B0003370002DF5D000F0EDFA00220621E1E790
:1033C00001233370002DECD000F0E4FA0022114606
:1033D000D8E7002DE5D0D7E73C16002000080040D4
:1033E000B81D01083916002040160020014B186056
:1033F000704700BF4016002038B500F07DFD244C1A
:10340000027823789A4206D000F076FD00220378F5
:103410002370204B1A6000F06FFD0378022B16D04A
:10342000032B04D00BB91B4A1360012038BD194C83
:1034300025689DB90AF0B2FA206000F0ABFA0446A4
:1034400000F0A8FA2A460146204601F059FD114C29
:103450002068A8B90AF0A2FA2060E6E728460AF038
:10346000E1FA47F22F539842F1D90AF097FA206017
:10347000112000F0F9FE44F620600BF0E6FDE6E7CF
:103480000AF0D0FA4EF65F239842CED9E2E700BFA9
:10349000381600204016002013B58DF807100DF1E6
:1034A0000701FFF731FF044608B9FFF7A5FF2046E3
:1034B00002B010BD20224FF480412DE9F0414A486E
:1034C0000DF01AF800BF00BF00BF00BF00BF00BF73
:1034D00000BF00BF00BF00BF00BF00BF00BF00BFF4
:1034E00000BF00BF00BF00BF00BF00BF00BF00BFE4
:1034F00000BF00BF302585F3118803220E213A4812
:103500000DF01AF8002484F3118820224FF40041B2
:1035100035480CF0F1FF00BF00BF00BF00BF00BF87
:1035200000BF00BF00BF00BF00BF00BF00BF00BFA3
:1035300000BF00BF00BF00BF00BF00BF00BF00BF93
:1035400000BF00BF00BF85F3118803220F2126486A
:103550000CF0F2FF84F31188244B1B78BBB10925D2
:103560004FF00108224E56F8041B4B1C0BD021F0E3
:103570000F0701F00F0108FA01F401222146384635
:103580000CF0BAFFBC61013D15F0FF05EBD1002244
:1035900080214FF080400CF0AFFF00BF00BF00BFA4
:1035A00000BF00BF00BF00BF00BF00BF00BF00BF23
:1035B00000BF00BF00BF00BF00BF00BF00BF00BF13
:1035C00000BF00BF00BF00BF00BF302383F31188DE
:1035D000012207214FF080400CF0AEFF002383F35F
:1035E0001188BDE8F08100BF000800402E200020B7
:1035F000C01D0108072805D00E38012804D807206F
:1036000000F0DEBA0320FBE77047000008B54FF476
:1036100000124FF080439A614FF000729A61084B9C
:103620001B785BB1112000F01FFE44F620600BF008
:103630000CFDBDE80840022000F0C2BA08BD00BF82
:103640002E20002010B5084C237863B100F0BEFA9C
:10365000033801289DBF0023032023700220BDE80A
:10366000104000F09FBA10BD2E20002008B500F0D9
:1036700043FC0378022B03D100F046FC007808BD20
:103680000020FCE700F028BC70470000F8B51D4B97
:1036900005461B780C46DB07164605D513460A4639
:1036A0000146194805F03EFEFDB924BB174F3B7893
:1036B000A34200D13EB100F01FFC0323037000F0D1
:1036C00023FC002303703C7004F056FAACB1A5B99A
:1036D00000F002FC32462146284601F011FC324639
:1036E00021462846FFF7D0FFF8BD002CDED101208F
:1036F00000F0D6F9DAE70220FAE73146204600F07A
:1037000021FEE7E7442100200115010850160020A2
:1037100037B500250446CDE9005500F0EDFB0378F0
:10372000022B07D0084B2A4619780846FFF7AEFF50
:1037300003B030BD24B1082221466846FDF780F869
:10374000684600F0F7FCF3E7501600202DE9F04F33
:103750008FB00E220021814602A8FCF7A3FF00F0E3
:10376000CBFB0378022B08D05A4B0022197808466D
:10377000FFF78CFF0FB0BDE8F08FB9F1000F00F03C
:10378000A2804FF01E0800252022494606A8FDF71A
:1037900057F8514F9DF819300DF119043B7014F88A
:1037A000010FFCF73BFD08F1FF38284418F0FF0833
:1037B000C5B2F4D1494E4FF0060BB2461AF8013F9C
:1037C0009BB300242246D3B29D420BD89AF8003016
:1037D000A34218BF8AF8008022E001331E2B04D1D7
:1037E0001C4607E000230DF1190111F8010F002814
:1037F000F3D0DCB204F138036B4413F81E0C0192D1
:1038000003F07CF840EAC404E4B2214606A809F0BB
:10381000BBFF9AF80030019AA34202F10102D2D113
:103820000BF1FF3B1BF0FF0BC8D14946202206A835
:10383000FDF706F84FF000084FF001095FFA88F332
:103840009D420CD8264B24485B68984702A800F09C
:103850008AFC8FE701331E2B04D11C4607E00023AE
:103860000DF1190212F8011F0029F3D0DCB204F1A6
:1038700038036B4413F81E0C03F040F840EAC4040C
:10388000E4B2214606A809F07FFF3246002312F871
:10389000011FA14202D021B93B449C7008F10108EC
:1038A000CCE70133062BF2D16F2CF7D80EAB03EB2C
:1038B000D40313F8302C04F0070409FA04F4144379
:1038C00003F8304CEAE7082249460348FCF7EAFED1
:1038D000B8E700BF50160020481600204916002007
:1038E000600C002037B50025044600958DF8045083
:1038F00000F002FB0378022B07D00E4B2A46197802
:103900000846FFF7C3FE03B030BD74B163788DF88D
:103910000030A3788DF80130E3788DF802306379B8
:103920008DF8033023798DF80430684600F060FC90
:10393000E9E700BF5016002037B500250446ADF872
:10394000065000F0D9FA0378022B07D0104B2A4614
:1039500019780846FFF79AFE03B030BD002CFBD063
:10396000A278637843EA0223ADF80630813B022B4C
:1039700009D801220DF1060002FA03F3ADF8063072
:1039800000F022FCE8E70DF1060000F007FCE3E799
:1039900050160020014B1878704700BF50160020C9
:1039A0007047000010B5FFF7FBFF00F0DBF900F0F7
:1039B000B5FA01F085F800F09BF8012803D1BDE8C5
:1039C000104000F09BB800F0E7F850B9054C2068B3
:1039D00004F0E8FB40F6B733984202D904F0D2FB7A
:1039E000206010BD44160020FFF7DCBF70B5044610
:1039F00058B109F067FD0C4B834205D0184609F019
:103A00005BFD0122094B1A7070BD00F075FA037856
:103A1000022BF9D1044D20466B6898472046AB68CD
:103A2000BDE87040184700BF600C0020540F002014
:103A300038B50446A8B109F045FD154B834226D0A0
:103A40000122144B1A70144B1B699A0504D500F01F
:103A5000F5FF12480AF064FCBDE838400C4809F054
:103A60002BBD0E4B1B78042B05D1094D6B68984775
:103A70002046AB689847084B1B699B0507D507484C
:103A80000BF0E9FF05480CF001FC00F0DFFF38BD4A
:103A9000580F00201E3D002000040040384F002039
:103AA000104B10B51B780446DB0703D501460E48C2
:103AB00005F038FC0D4B1A78A24204D0012C1C7082
:103AC00002D0022C07D010BD2046FFF7B1FF002026
:103AD000FFF78CFFF7E70120FFF788FF0020FFF7D3
:103AE000A7FFF0E74421002025150108740C0020F1
:103AF000014B1878704700BF740C002010B50D4BB7
:103B00000D4C1B78052B11D1236813B904F03AFB37
:103B10002060206804F046FB40F6B733984207D98E
:103B200000232360BDE8104009F001BF002323609B
:103B300010BD00BF384F00205416002010B50B4CAC
:103B40002378052B10D1B4F84C309B0708D509F029
:103B5000D5FE28B120460CF009F805480BF075FA9F
:103B6000BDE8104009F0ECBE10BD00BF384F00208A
:103B7000A086010008B5044B1B78012B01D1FFF78B
:103B8000DDFF012008BD00BF740C0020014B187838
:103B9000704700BF384F0020014B1878704700BFB6
:103BA00064160020014B1870704700BF6416002097
:103BB00008B504F0E7FA014B186008BD5C16002058
:103BC000014B1870704700BF5A160020014B18783F
:103BD000704700BF5A160020302310B583F31188B8
:103BE00000F04AFC002484F3118872B600F058FDFE
:103BF00000F0D0FC04F0AAFB84F3118862B610BD7B
:103C0000014B1870704700BF5916002010B5074CC3
:103C1000237828B11BB1FFF7CBFF0323237010BD1E
:103C2000002BFCD10122024B1A70F8E76416002029
:103C300059160020104B70B51D6800F039FF04467E
:103C400020B900220D4B1A7000240DE0FFF7A2FEF0
:103C500018B90B4B1B78042BF3D0002DF4D0074E72
:103C600033781BB100233370204670BD03F078FF1A
:103C7000A842E9D3F6E700BF6016002059160020DD
:103C8000384F00200120704708B5FFF7FBFF38B11F
:103C9000044B186804F086FAC72894BF002001205E
:103CA00008BD00BF5C1600200120704708B5FFF773
:103CB000FBFF38B1044B186804F074FAC72894BFAE
:103CC0000020012008BD00BF5C16002001207047C5
:103CD00008B5FFF7FBFF38B1044B186804F062FA2F
:103CE000C72894BF0020012008BD00BF5C1600203B
:103CF0007047000008B508F031F9003818BF0120FE
:103D0000044B187008F012F909F011FEFFF7F0FFEC
:103D100008BD00BF58160020002310B5074C2370C3
:103D2000FFF774FCFFF758FF2378054A022B18BFF2
:103D300003231370FFF786FC10BD00BF5A16002046
:103D40006416002008B5064B1B780BB108F0D4F8B8
:103D500009F0F6FD02F0FAF8BDE8084003F00CBFE8
:103D60005816002010B5154C2378032B1BD8DFE81C
:103D700003F0020A131BFFF75DFFA0B1FFF718FF66
:103D8000012323700FE0FFF77FFF60B1FFF7B2FF61
:103D9000FFF70EFF0223F4E7FFF788FF18B1FFF7E4
:103DA00007FFFFF7B9FF10BDFFF792FF0028FAD019
:103DB000FFF7C8FFFFF7FCFE0023E2E764160020D0
:103DC000054A064B06495A60116051609A60DA60F4
:103DD000002219611A7070474C1E002068160020DE
:103DE0007C1600202DE9F041174C0E466768A56847
:103DF00007F59C784545E36804D19F4206D1002031
:103E0000BDE8F08105F108029342F7E70F4B226904
:103E10009A1A312A9CBFA3F2CF732361322EEED8B7
:103E20002369014632461846FCF70AFD034645451C
:103E30003344286023616B6002D1A7600120DFE773
:103E40000835A560FAE700BF681600204B1E002069
:103E5000074A10B5D3689268934207D0D3E900149B
:103E6000641A2246FCF7ECFC204610BD0024FBE758
:103E700068160020074BDA6899688A4208D05968AA
:103E800001F59C70824201D1D96070470832DA6036
:103E9000704700BF68160020014B1878704700BFBC
:103EA00068160020014B1870704700BF681600208C
:103EB0000246002330B5441812F8015B2B44A2429D
:103EC000DBB2F9D1435430BD0120704708B5FFF78C
:103ED000FBFF08BD7047000008B54FF4E1300AF061
:103EE00015F8FFF76DFFBDE80840242200210148C6
:103EF000FCF7D8BBE01F002000487047750C00207D
:103F000000487047780C002000487047760C00206D
:103F100018B111B189B20AF029B8704773B5FFF72B
:103F2000BBFF03280FD8DFE800F040022D3B774BA2
:103F3000186804F037F90A2805D900220220744BCA
:103F40001A70FFF7AFFF734D734C0AF019F8002891
:103F500056D00AF001F82A68012A38D0022A3ED049
:103F6000002A5BD161282FD85F2804D8A0F15A031A
:103F7000DBB2032BE9D8012302222B60674B2070B0
:103F80001A70E2E7624A13780133DBB2282B02D8B9
:103F900013700020D5E700231370FFF76BFFF8E7DD
:103FA000FFF768FF0020FFF77DFF5D48FFF750FF38
:103FB00001460028C7D05A48FFF7AAFF04F0E2F8EC
:103FC000524B18600120BCE7AF28BED1D3E70223D3
:103FD000524A2B6013786070013B1370B5E7237869
:103FE000612B0FD163780D2B18D10A2816D1FFF75A
:103FF00053FF012802D10320FFF754FF00232B6059
:1040000002B070BDAF2B09D16378602B06D10323BA
:104010002B60424BA0700130187096E73F49531C4B
:104020002B600B78A054013BDBB20B70002B8CD1C2
:104030001946394810F8016B013133448A42DBB22A
:10404000F8D8A25C9A422AD10322364901A8FCF78B
:10405000F7FB032101A809F089FF20462978FFF723
:1040600035FF0028CCD02378602B0AD8592B16D9DD
:104070005A3B062B13D8DFE803F015193A3E12120B
:104080004200AF2B0BD1A678202E08D1264932460C
:104090002648FCF7D5FB31462448FFF71BFF0023D9
:1040A0002B6052E76278224B5A70F8E76378313B15
:1040B000052BF4D801A252F823F000BFD540000828
:1040C000DD400008E34000089F4000089F400008D2
:1040D000E94000080122164B1A70E0E70222144B57
:1040E000FAE70322124BF7E70422114BF4E7627858
:1040F0000F4BDA70D3E762780D4B9A70CFE7607898
:10410000431E58425841FFF781FDC8E7981F002021
:10411000941F0020901F0020BC1F00208C1F002037
:10412000E01F00203B150108BF1F00209C1F00203E
:10413000750C00201FB5002301930293ADF80C30DD
:10414000A123082201460DF105008DF80430FCF78B
:1041500077FB01A80921FFF7ABFE0A21FFF742FE1A
:1041600005B05DF804FB30B5102585B004462A463D
:1041700000216846FCF796FAA2230E2221460DF193
:1041800001008DF80030FCF75BFB68460F21FFF75C
:104190008FFE2946FFF726FE05B030BD002307B588
:1041A0000193A323022201460DF105008DF804308E
:1041B000FCF746FB01A80321FFF77AFE0421FFF775
:1041C00011FE03B05DF804FB002307B58DF806303F
:1041D000A4238DF804300378022101A88DF805305E
:1041E000FFF766FE0321FFF7FDFD03B05DF804FB5A
:1041F000002307B50093ADF804308DF80630A823EE
:10420000052201460DF101008DF80030FCF718FB86
:1042100068460621FFF74CFE0721FFF7E3FD03B0D8
:104220005DF804FB30B5054687B0152200216846CD
:10423000FCF738FA2846FCF7FFF9C4B2122C11D863
:10424000A923224629460DF102008DF800308DF891
:104250000140FCF7F5FAA11C6846FFF729FE15217D
:10426000FFF7C0FD07B030BD002307B58DF806305D
:10427000A6238DF80500022101A88DF80430FFF770
:1042800017FE0321FFF7AEFD03B05DF804FB30B568
:104290000C468FB005463122002101A8FCF702FA36
:1042A0002E2C11D8AB23224629460DF106008DF89D
:1042B00004308DF80540FCF7C3FAA11C01A8FFF7F4
:1042C000F7FDE11CFFF78EFD0FB030BD30B50C4699
:1042D0008FB005463122002101A8FCF7E3F92E2C0E
:1042E00011D8AC23224629460DF106008DF8043082
:1042F0008DF80540FCF7A4FAA11C01A8FFF7D8FD32
:10430000E11CFFF76FFD0FB030BD1FB50023042285
:104310000293ADF80C30AD2340EA014001900DEB63
:1043200002010DF109008DF80830FCF789FA02A8A6
:104330000521FFF7BDFD0621FFF754FD05B05DF82F
:1043400004FB000010B50C4606285CD8DFE800F03E
:10435000042C3740495209001120BDE81040FFF7F6
:1043600083BF3020FFF780FF002C4CD0264B9B787A
:104370002F2B12D808212548FFF789FF0B2124484D
:10438000FFF7A4FF43F22D404EF2C641FFF7BDFFF9
:104390005220FFF769FF5120DFE712211D48FFF788
:1043A00076FF18211C48EBE73120FFF75DFF54B37F
:1043B0005220FFF759FF1948FFF734FFEBE732208F
:1043C000FFF752FFFCB15220FFF74EFF1448F3E70E
:1043D0003320FFF749FFB4B15220FFF745FF1148E2
:1043E000EAE73420FFF740FF6CB15220FFF73CFFB3
:1043F0000D48E1E73520FFF737FF24B15220FFF7E2
:1044000033FF0A48D8E710BD750C00203F1501089E
:1044100048150108E41D0108F61D0108541501089E
:104420005E15010868150108721501088715010855
:1044300010B5C4B20B2C0CBF02200120FFF7C0FB4B
:104440002046FFF7D7F80CF030F84FF0FF32014B61
:104450005A6110BD001800400023054A0549C2E911
:1044600000130133102B02F10802F8D1704700BF8E
:10447000984B0020314400082DE9F041FFF7ECFF94
:1044800000254FF001083F4E56F8041B4A1C0CD083
:1044900021F00F0701F00F0108FA01F4214605226F
:1044A000384624040CF028F8BC610135EDB2092D22
:1044B000EAD10C2401263027334D55F8040B431C58
:1044C0002ED000F00F01202206FA01F120F00F009B
:1044D0000CF012F800BF00BF00BF00BF00BF00BF5C
:1044E00000BF00BF00BF00BF00BF00BF00BF00BFD4
:1044F00000BF00BF00BF00BF00BF00BF00BF00BFC4
:1045000000BF00BF87F3118855F8040C032200F0A8
:104510000F0120F00F000CF00FF8002383F3118837
:10452000013C14F0FF04C8D122464FF40061174843
:104530000BF0E2FF00BF00BF00BF00BF00BF00BF25
:1045400000BF00BF00BF00BF00BF00BF00BF00BF73
:1045500000BF00BF00BF00BF00BF00BF00BF00BF63
:1045600000BF00BF302383F3118803220B210748CB
:104570000BF0E2FF84F31188FEF79CFFBDE8F041E9
:104580000BF074BF101E0108341E01080008004023
:104590007047000008B509F041FF124B4FF400616D
:1045A0009A6C114842F4C0629A649A6C9A6C42F414
:1045B00080429A649A6CDA6C42F00802DA64DA6C2F
:1045C0009A6C42F480529A649A6CDA6C42F010024F
:1045D000DA6440F28232DB6C0BF08EFFFFF7D8FF1B
:1045E00008BD00BF000C0140000800404FF0E02271
:1045F00038B51369012423F001031361224A234BC8
:104600005A6100220021930003F1604303F56143E6
:10461000D3F80001CDB2012D94BF002000F00100BD
:1046200008B1C3F8804101312029F1D10132082AB3
:10463000E8D1174C636843F000736360154B1A6848
:1046400002F009021A601A6842F46C3242F0040265
:104650001A6040F2B3321A620F4B43F001039847DD
:10466000236943F00403236130BF0C4B43F0010383
:1046700098474FF0E022236923F004032361136974
:1046800043F00103136138BDFFFF0700001800402D
:1046900000ED00E000000140B00C00207C0C002088
:1046A000FFF7A4BF0B8807B5A3F5FC43032B1FD866
:1046B000DFE803F002223D58374A01201378927850
:1046C000C3F3420302F007020DF107018DF8073032
:1046D000FEF71AFE9DF80720042A09D81523D340B7
:1046E000D90705D5FFF756F901221146FEF7CEFF8F
:1046F000002003B05DF804FB274A0120137892786C
:10470000C3F3420302F007020DF107018DF80730F1
:10471000FEF7FAFD9DF80720042AE9D81523D340B7
:10472000DA07E5D5FFF736F901220221DEE71A4A5A
:10473000012013789278C3F3420302F007020DF1CF
:1047400007018DF80730FEF7DFFD9DF80720042AEA
:10475000CED81523D340DB07CAD5FFF71BF90122BA
:104760000321C3E70C4A012013789278C3F3420374
:1047700002F007020DF107018DF80730FEF7C4FDC6
:104780009DF80730DA1E012A01D9002BB0D1FFF7BE
:1047900001F901220621A9E7B849002008B540F235
:1047A00082324FF400714FF080400BF0A5FEBDE85F
:1047B000084040F282324FF480614FF080400BF0AD
:1047C0009BBE000010B50A4C238803F00E0363F073
:1047D000FE032380A37823F00F0343F00103A370AB
:1047E000FEF74EFD2068BDE8104003F045B900BF5C
:1047F000B8490020002310B586B08DF80C30049322
:104800008DF8143055238DF80830052304AC8DF84D
:1048100009008DF80A108DF80B2019460F2000941E
:1048200002AA04F01FFA58B19DF8103033B9074BB3
:104830001B78DA0702D5064804F074FD06B010BDF7
:10484000024B1B78DB07F9D50248F5E7442100202D
:104850009C150108AD1501087FB5042200210DF15A
:104860000900FBF71FFF002204AB04928DF814200F
:104870000093BB2205238DF8082019460F2002AAB9
:1048800004F0F0F9074B1B7838B1DA0702D5064877
:1048900004F048FD07B05DF804FBDB07FAD50348D8
:1048A000F6E700BF44210020C2150108DB1501080E
:1048B00008B503F0DEF8044B186018B9BDE80840ED
:1048C000FFF780BF08BD00BFB849002010B5084CF5
:1048D00000224FF4007120460BF00EFE23699B0569
:1048E00002D40120FFF7DCF8BDE8104003F081B9E5
:1048F0000004004038B5C8250AF080F9044610B11C
:104900000124204638BD013D4FF47A70ADB20AF063
:104910009CFB002DF0D1034B1B699B05F0D40AF0E2
:1049200061F9EEE7000400403C4A10B513783C4CB6
:1049300043F001031370FFF7BBFFE378A52B06D10B
:104940000023E370206803F097F809F083F8012250
:1049500020214FF080400BF0CFFD07F0B9FB18B1DC
:104960004FF0804320229A6101224FF480714FF072
:1049700080400BF0C1FD07F0ABFB20B14FF080434E
:104980004FF480729A6120224FF4804125480BF049
:10499000B3FD20224FF4004122480BF0ADFD4FF44F
:1049A000003321480122836102210BF0A5FD002282
:1049B00080214FF080400BF09FFD20224FF40041FA
:1049C0004FF080400BF098FDFEF75CFE08F0E6FF2C
:1049D000164B186003F00EF920780009FEF708FC6A
:1049E00007F05EFB124BC0F307221870C0F30740BC
:1049F0005A70987003F0F6FD28B103F0EDFD10B980
:104A00000120FFF74DF8FFF77BFA0A4B02780A49BD
:104A10001A700F20BDE8104004F016B944210020A0
:104A2000B849002000080040000400403820002061
:104A3000B449002048400020095F00084FF40032CC
:104A4000014B9A61704700BF000400400222014BF5
:104A50009A617047000400404FF080434FF4001209
:104A60009A614FF080729A6108F046BF10B507F066
:104A70002FFB18B14FF0804320229A6107F028FBEA
:104A800020B14FF080434FF480729A61FEF782FFAD
:104A90000446FEF77FFF002201462046FEF7F6FDA2
:104AA00008F02BFF08F07AFFBDE81040FEF79EBC2F
:104AB00008B5FEF76FFF003818BF012008BD0000E1
:104AC00038B503F08FFD40BB164D174C2868C8B1B0
:104AD00008F0A8FF632815D97020FFF7C5FB552003
:104AE000FFF7C2FB5720FFF7BFFB0022217811F030
:104AF0000E0F0CBF01201046C1F34201FEF7C6FDA8
:104B000000232B60A27821780020BDE8384002F015
:104B10000702C1F34201FEF7BFBC03F05DFD0028B0
:104B2000D2D138BD38200020B8490020574B37B5C6
:104B30001880A0F5FC400C46032800F2A480DFE8B2
:104B400000F0023A5D80524A012013789278C3F354
:104B5000420302F007020DF107018DF80730FEF75E
:104B6000D3FB9DF80720042A22D81523D340D90768
:104B70001ED56579474C9DB1FEF70CFF012805D085
:104B8000FEF708FF00220121FEF780FD23785BB9C4
:104B900040F6B8303D4A404907F0F6FE207003E089
:104BA000207807F0FFFE257008F0F8FEFEF71EFCE7
:104BB000002003B030BD364A012013789278C3F349
:104BC000420302F007020DF107018DF80730FEF7EE
:104BD0009BFB9DF80720042AEAD81523D340DA0767
:104BE000E6D565792B4C002DDAD0FEF7D3FE0228EE
:104BF000CCD0FEF7CFFE00220221C5E7244A0120D7
:104C000013789278C3F3420302F007020DF1070113
:104C10008DF80730FEF778FB9DF80720042AC7D8E7
:104C20001523D340DB07C3D565791A4C002DB7D0C7
:104C3000FEF7B0FE0328A9D0FEF7ACFE0022032148
:104C4000A2E7134A012013789278C3F3420302F0DB
:104C500007020DF107018DF80730FEF755FB9DF8AF
:104C60000730DA1E012A01D9002BA1D16579094C40
:104C7000002D95D0FEF78EFE062887D0FEF78AFE1F
:104C80000022062180E7012093E700BF16200020C4
:104C9000B849002015200020A546000813B507F0EC
:104CA000A1F90128374C0CD107F0FAF9C0F307231A
:104CB00010F0FF008DF8053013D1DBB2C3B1032330
:104CC000237023780133DBB20B2B237020D1002318
:104CD000237007F023F923782B4AD05C07F07FF983
:104CE00022E0782810D005D8282809D0502809D0EB
:104CF0000923E5E7A02809D0C828F9D10823DFE770
:104D00000423DDE70523DBE70623D9E70723D7E7FD
:104D10000A2BDED107F0C4F9FF21C0F307420020BF
:104D200007F0BBF907F012F907F0BAF92378C0F3DE
:104D30000742092B24D8DFE803F01D2323050C0FBD
:104D40001215181BFF21002002B0BDE8104007F02B
:104D5000A4B9FF212820F7E7FF215020F4E7FF2125
:104D60007820F1E7FF21A020EEE7FF21C820EBE744
:104D70000021E8E7FF2002B0BDE8104007F040BA8C
:104D8000C820F8E714200020D80C0020FDF76ABDE9
:104D90002DE9F0473F4C86B0206808F043FEB0F59F
:104DA0007A7F2CD908F0FAFD3B4B20601B78DB079B
:104DB00025D503F017FC044603F00EFC374B0546DF
:104DC000D3F810A0FEF794FE0646FEF7DFFE344A45
:104DD0000746D2F81080D2F81090FEF7DBFDC9F339
:104DE000C0320392C8F380320490029221462A46D0
:104DF000CDE900672B48CAF3402304F093FA4FF043
:104E000080421369284803F08001C3F3C013037084
:104E10001369264803F40042C3F3C033037071B32F
:104E2000002A0CBF64246624214D286848BB08F082
:104E3000B5FD28602046FFF717FA5320FFF714FA54
:104E400003F0D0FB18B31B4C206808F0EBFDB0F565
:104E5000FA6F1CD908F0A2FD2060FFF751F8164D3B
:104E600003782B70FEF796FD0446FEF793FD01468E
:104E700020462A7806B0BDE8F047FFF7BBBC6524A2
:104E8000D2E708F0CFFDB0F57A7FD0D8D8E706B0EA
:104E9000BDE8F087102000204421002000040040DD
:104EA00000080040F61501083520002034200020BD
:104EB0000C200020082000204840002073B5154633
:104EC00006461C46019108F069FD084B0322186054
:104ED000074B64001E60074B01A91D60064B074885
:104EE0001C60FBF7ADFC02B070BD00BF28200020A5
:104EF0001C2000202420002020200020182000203A
:104F0000F7B5524B524D0E462F7814461A70FEF7E5
:104F100041FDC7F34207874213D0FEF73BFD2B78D4
:104F200000F0070060F343032B7003F00E032BB176
:104F300003289EBFAB7860F30203AB70286802F0D1
:104F40009BFD711E05297ED8DFE801F0031B2F436E
:104F5000576BFF236CB100228DF80630ADF80420AA
:104F60000123C8221120019903B0BDE8F040FFF7EA
:104F7000A5BF8DF806304FF4FA720123ADF8044056
:104F8000F0E7FF234CB100228DF80630ADF8042085
:104F90000123C82212200199E6E78DF806304FF46C
:104FA000FA720123ADF80440F4E7FF234CB100226C
:104FB0008DF80630ADF804200123C8221320019992
:104FC000D2E78DF806304FF4FA720123ADF80440B1
:104FD000F4E7FF234CB100228DF80630ADF8042031
:104FE0000123C82229200199BEE78DF806304FF42D
:104FF000FA720123ADF80440F4E7FF234CB100221C
:105000008DF80630ADF804200123C8222A2001992A
:10501000AAE78DF806304FF4FA720123ADF8044088
:10502000F4E7FF23ADF804303CB10023C8228DF82B
:10503000063001231420019996E701234FF4FA72F8
:105040008DF80640F6E703B0F0BD00BF2C2000202D
:10505000B849002010B5FEF74FFF0378022B0CD0A3
:10506000FEF798FC0446FEF795FC064B01461A78BD
:105070002046FFF745FF012010BD01F09EFC0020F7
:10508000FAE700BF2C20002070B5164C2068D0B184
:1050900008F0C8FC144B154D1B68984208D2144BFD
:1050A00018682B6813F0010313D11A46194614E04F
:1050B00008F074FC2B68206033B900232360FFF7ED
:1050C000C9FF0028EBD170BD013B2B60002BE6D15E
:1050D000F3E708498B780A784978BDE8704005F015
:1050E000F3BA00BF28200020242000202020002028
:1050F0001C20002018200020F7B50C4C1D462378FA
:1051000006461746019173B90123237008F046FC47
:105110006D006060032201A904F11100A760E56041
:105120002674FBF78DFB03B0F0BD00BF4C400020A0
:1051300010B5134C23780BB3606808F073FCA368B8
:10514000984210D308F02AFCE36860603BB9002362
:10515000237063600023207C1A4619460AE0013B55
:10516000E360002BF3D0E368207CDB07F2D5E37C1F
:10517000627CA17CBDE8104005F0A6BA10BD00BF5E
:105180004C400020254B13B51C78B4B1244B254965
:105190001A78254B1B785BB100230B60002A3AD0AC
:1051A0001A46FF213F2002B0BDE8104005F08CBA3E
:1051B0000B6082B3FF221946F4E7FEF7A1FE0378E5
:1051C0000F2B26D8FF238DF80640ADF80430FA22C5
:1051D00001233F200199FFF78FFFFEF791FE03782F
:1051E000CBB9104C236813B908F0D8FB20602068B5
:1051F00088B108F017FC4EF6602398420BD90023C3
:1052000001202360094B187002B0BDE81040FEF782
:10521000F7BC044B1C6002B010BD00BF352000205D
:105220002D20002004200020342000202E200020EB
:105230002DE9F34106461D46182000231746134A60
:10524000019100FB03F112F801808C18B8F1000FF6
:1052500017D10123535408F0A1FB6D0060600322B5
:1052600001A904F11100A760E5602674FBF7E8FAD4
:10527000FF2E0ABF064BC4F81480636102B0BDE87C
:10528000F0810133632BDCD1F8E700BF6C400020D4
:10529000155300081FB50024ADF800408DF80240FA
:1052A00000990123FA223620FFF7C2FFADF804402F
:1052B0008DF8064001990123FA224220FFF7B8FF3A
:1052C000ADF808408DF80A4002990123FA224320E4
:1052D000FFF7AEFF0123FA224120ADF80C408DF814
:1052E0000E40039904B0BDE81040FFF7A1BF41F2A2
:1052F000100307B5ADF8043010238DF80630FA22FC
:105300000323FF200199FFF793FF012003B05DF80D
:1053100004FB00001822124B82B002FB0030837C99
:105320006E2B0ED1427CC2B9C27CB2B9ADF804304A
:105330008DF806200123FA22FF20019902B0FFF721
:1053400077BF53B9437C6E2B07D1C37C2BB9ADF823
:1053500004306F238DF80630ECE702B0704700BFD1
:105360006C400020094A0023114610B5147C844289
:1053700006D1182253430022C818C260CA5410BD77
:105380000133632B02F11802F0D1F8E76C400020E2
:10539000F7B505460C4600F0FBFD002876D0A04B83
:1053A0001A783AB162792AB10022114610461A7071
:1053B00005F0F6F9FEF7A0FD0378022B03D108F003
:1053C000EDFAFEF713F845F223239D4207D047F686
:1053D00021039D4212D045F221239D4246D1677997
:1053E00067B9FDF71BFF48B18E4E337823B12146D4
:1053F00028463770FDF71AFF0123337021462846EF
:10540000FFF794FB0646002840D0452D5ED81D2DA1
:105410003DD91E3D272D3AD8DFE815F014023002A1
:10542000460268028602A002BA02D002E602FC022C
:1054300039003900390039003900120328033900D6
:105440003900390039003900390039003900390094
:1054500039003900E6000C0124013C0154016C01C3
:1054600084019C01B401CC01E401FC01FDF7D6FEEE
:105470000028C3D0A5F5A443203B1F2BBED96379D8
:10548000002BBBD021462846FDF7D0FE0026304633
:1054900003B0F0BDA5F5F045213D092DF7D801A3D6
:1054A00053F825F0475C00088F5400088F5400081B
:1054B0008F5400088F5400088F540008535B000875
:1054C000755B0008275B00083F5B0008B5F5F84FE7
:1054D00000F0F98240D847F62A039D42D7D847F614
:1054E00020039D42D6D8B5F5A44F00F0618316D8AD
:1054F000E32D00F0B583E72DC9D14B4D288801F08D
:105500000DFA022840F0C983484B1B78DB06BED554
:10551000FDF784FE0028BAD1E7206379B2E345F2B3
:1055200002239D4200F06C8347F213039D42AED1EB
:10553000FDF774FE0028A9D16379002BA7D04FF4A2
:10554000DC438DF80600ADF80430FA220123FF2079
:105550000199FFF76DFE9AE747F603439D4200F07D
:10556000D982A5F5FC452B1F9BB2072B8FD8053D93
:10557000062D00F2C382DFE815F09B038F02A00224
:105580000700160021002C006379E0202BB101F008
:1055900071FA1D2001F06EFA79E701F0B3FA1D20CF
:1055A00001F0B0FA73E76379E0201BB101F062FA11
:1055B0001B20EFE701F0A6FA1B20F1E76379E0205A
:1055C0001BB101F057FA0620E4E701F09BFA062030
:1055D000E6E76379E0201BB101F04CFA1920D9E726
:1055E00001F090FA1920DBE7114B9B78D9067FF583
:1055F0004EAF0D4D288801F091F9022805D163794D
:1056000053B9AF2001F068F840E7288801F086F927
:1056100003287FF43CAFF2E7AF2001F047F835E70D
:105620002F2000206740002090200020D449002037
:10563000B84900208F4B9B78DA067FF528AF8E4D56
:10564000288801F06BF9022803D1637943B9AA20B5
:10565000D8E7288801F062F903287FF418AFF4E74F
:10566000AA20DAE7834B9B78DB067FF510AF824DEB
:10567000288801F053F9022803D1637943B9A9209E
:10568000C0E7288801F04AF903287FF400AFF4E767
:10569000A920C2E7774B9B78DF067FF5F8AE764D01
:1056A000288801F03BF9022803D1637943B9A82087
:1056B000A8E7288801F032F903287FF4E8AEF4E780
:1056C000A820AAE76B4B9B78DD067FF5E0AE6A4D1C
:1056D000288801F023F9022803D1637943B9AD206A
:1056E00090E7288801F01AF903287FF4D0AEF4E798
:1056F000AD2092E75F4B9B78D8067FF5C8AE5E4D34
:10570000288801F00BF9022803D1637943B9AC2052
:1057100078E7288801F002F903287FF4B8AEF4E7AF
:10572000AC207AE7534B9B78D9067FF5B0AE524D4B
:10573000288801F0F3F8022803D1637943B9AE2039
:1057400060E7288801F0EAF803287FF4A0AEF4E7C8
:10575000AE2062E7474B9B78DA067FF598AE464D60
:10576000288801F0DBF8022803D1637943B9AB2024
:1057700048E7288801F0D2F803287FF488AEF4E7E0
:10578000AB204AE73B4B9B78DB067FF580AE3A4D7A
:10579000288801F0C3F8022803D1637943B9B12006
:1057A00030E7288801F0BAF803287FF470AEF4E7F8
:1057B000B12032E72F4B9B78DF067FF568AE2E4D88
:1057C000288801F0ABF8022803D1637943B9B520EA
:1057D00018E7288801F0A2F803287FF458AEF4E710
:1057E000B5201AE7234B9B78DD067FF550AE224D9E
:1057F000288801F093F8022803D1637943B9B220D5
:1058000000E7288801F08AF803287FF440AEF4E727
:10581000B22002E7174B9B78D8067FF538AE164DBD
:10582000288801F07BF8022803D1637943B9B420BA
:10583000E8E6288801F072F803287FF428AEF4E740
:10584000B420EAE60B4B9B78D9067FF520AE0A4DD3
:10585000288801F063F8022809D0288801F05EF852
:10586000032804D03A206379002B3CD035E0BE20D9
:105870006379F9E7B8490020902000209A4B9B7883
:10588000DA067FF504AE994D288801F047F8022822
:1058900007D0288801F042F8032802D03B20637922
:1058A000E2E7BD206379DFE78F4B9B78DB067FF56E
:1058B000EEAD8E4D288801F031F8022807D02888F7
:1058C00001F02CF8032802D03C206379CCE76379FF
:1058D000E3202BB101F0CEF82B2001F0CBF8D5E579
:1058E00001F010F92B2001F00DF9CFE57E4B9B78EC
:1058F000DF067FF5CCAD7D4D288801F00FF802283A
:1059000007D0288801F00AF8032802D03D206379E7
:10591000AAE76379E3201BB101F0ACF80820DCE7CB
:1059200001F0F0F80820DEE76F4B9B78DD067FF58D
:10593000AEAD6E4D288800F0F1FF022807D0288810
:1059400000F0ECFF032802D03E2063798CE76379F6
:10595000002B3FF49BAD06F02DFC97E5624B9B7846
:10596000D8067FF594AD614D288800F0D7FF022856
:1059700007D0288800F0D2FF032802D03F206379A7
:1059800072E76379002B3FF481AD06F0FFFB7DE504
:10599000554B9B78D9067FF57AAD544D288800F099
:1059A000BDFF022807D0288800F0B8FF032802D0E6
:1059B0004020637958E7AC20637955E74A4B9B78E0
:1059C000DA067FF564AD494D288800F0A7FF02286C
:1059D00007D0288800F0A2FF032802D04120637975
:1059E00042E7AE2063793FE73F4B9B78DB067FF5CC
:1059F0004EAD3E4D288800F091FF022807D0288840
:105A000000F08CFF032802D0422063792CE7AB2002
:105A1000637929E7344B9B78DF067FF538AD334D4A
:105A2000288800F07BFF022807D0288800F076FF46
:105A3000032802D04320637916E7A820637913E78F
:105A4000294B9B78DD067FF522AD284D288800F094
:105A500065FF022807D0288800F060FF032802D0E5
:105A60004420637900E7AA206379FDE61E4B9B780A
:105A7000D8067FF50CAD1D4D288800F04FFF022899
:105A800007D0288800F04AFF032802D04520637918
:105A9000EAE6A9206379E7E66379002B3FF4F6ACE8
:105AA000114A937883F01001C1F3001161F30413DC
:105AB0009370106801F0E0FFE8E462790C4B02B1EA
:105AC00001221A70E3E46379002B3FF4E0AC094B48
:105AD0001B78D90702D5084803F024FC01F0A3FF86
:105AE00007F0B8FFD3E400BFB849002090200020A1
:105AF0002D2000204421002039160108FDF78EFBDF
:105B000000287FF4C3AC6379002B3FF4BFACFFF7F0
:105B1000C5F8BBE463796C4C1BB107F03FFF206014
:105B2000B4E42360B2E46379002B3FF4B0AC06F038
:105B30006BFBD6287FF6ABACFFF7ACFBA7E4637931
:105B4000002B3FF4A4AC06F05FFB5F283FF69FAC50
:105B5000F2E76379002B3FF49AAC06F0DFF94FF0DF
:105B6000804320229A614FF480729A6106F04CFBC8
:105B70007728DFE76379002B3FF489AC06F0A8FAB9
:105B80001E2811D84FF080434FF400129A614FF055
:105B9000807200249A61002320461A461946013477
:105BA00004F092FD442CF6D106F02EFB1E28CDE722
:105BB0006379002B3FF46AAC00210E20FFF7D2FB83
:105BC0004FF6FF73414CADF804308DF80630FA22E1
:105BD00003230F200199FFF72BFB208800F09EFE86
:105BE000022806D1002000F0DCFD002001F0B0FA10
:105BF0004CE4208800F092FE03287FF447ACF1E7E4
:105C00006379002B3FF442AC00210F20FFF7AAFB81
:105C10004FF6FF732D4CADF804308DF80630FA22A4
:105C200003230E200199FFF703FB208800F076FE86
:105C300002283FF42BAC208800F070FE03283FF4CC
:105C400025AC0220CFE76379002B3FF420AC06F0AF
:105C5000C9F91D287FF41BAC1F2006F0C0F915E41C
:105C60001A4D288800F05AFE02280FD1184B1B78D5
:105C7000DA067FF50CACFDF7D1FA00287FF407AC0B
:105C8000E320637983B100F011FD00E4288800F07F
:105C900045FE03287FF4FBABE8E7288800F03EFED2
:105CA00003287FF4F4AB2FE400F016FDFFF7EFBB01
:105CB000084B094A1B7813F00E0318BF637903F0F1
:105CC00001031370FFF7E2BB30200020902000207A
:105CD000D4490020B849002044400020F8B50025F0
:105CE0002E461D4C237873B1606807F09BFEA368B5
:105CF000984212D307F052FEE36860604BB96369C3
:105D000026706660C3B90135632D04F11804E9D12A
:105D1000F8BD013BE360002BF1D0E368207C13F079
:105D2000010311D0FF28A77C617CE37C07D11A46D0
:105D3000384604F035FDE6E7E8B29847E3E70A465F
:105D4000394604F0C1FCDEE7FF281A4602D11946A5
:105D50001846EEE71946F4E76C40002010B586B00F
:105D600002F040FCE0B1042200210DF10900FAF735
:105D700099FC002204AB04928DF814200093DD22DC
:105D800005238DF8082019460F2002AA02F06AFFA9
:105D9000154B1B7808B3DA0702D5144803F0C2FA92
:105DA0000024134B1C7001F0BDFE04F0FDFB01F05C
:105DB00059FE104B188064F3C7101870188801F052
:105DC00054FEFFF794FA60B107F0E8FDFDF70EFB13
:105DD00006B0BDE81040FEF7A7BDDB07E0D50648DA
:105DE000DCE706B010BD00BF4421002048160108C2
:105DF000E80C0020D4490020581601083A4B37B56A
:105E00001D7895B1962300248DF80630ADF8044036
:105E1000019803F0F9FEC0F30742C1B2C0F30720B6
:105E200004F0BEFC204603B030BD304C206840B1C9
:105E300007F0F8FD40F6B833984202D9FFF78EFF1D
:105E4000256007F05FFB810705D5202302201A4655
:105E5000194604F039FC264C208800F05FFD02282A
:105E60000ED0208800F05AFD032809D0214B1B7862
:105E7000DA0605D5202301201A46194604F024FC31
:105E80001D4CFFF701F9237863B91C4D286807F012
:105E9000C9FDB0F5FA6F16D90123237007F07EFD16
:105EA000286010E0164B1B786BB9FDF7B7F938B9CD
:105EB000FFF73EF9FFF766F907F070FD0F4B18602A
:105EC0002378002BE1D0FFF709FF0E4B9B78DB0610
:105ED00005D5962320201A46194604F0F5FBFDF758
:105EE000D1F901209FE700BF2F20002030200020A3
:105EF00090200020D4490020E80C0020E40C002071
:105F000036200020B849002010B51C460B78084602
:105F1000BB2B0ED0DD2B09D0552B06D10022897862
:105F20004078FDF7B3FB0023237010BDFFF716FF89
:105F3000F9E7A522044BDA70186801F09DFDBDE871
:105F4000104007F087BD00BFB849002008B50D4BD1
:105F500000209A78197802F00702C1F34201FDF798
:105F60009BFA06F0B5F84FF0804328B120229A61E1
:105F70004FF480729A6108BD4FF400129A614FF09D
:105F80008072F7E7B84900200120FCF747B8704756
:105F90002DE9F743044602200D4601F0CBF838B155
:105FA0006B792BB18B2C00F0D0800122A34B1A709F
:105FB000E12C19D16A79A24B1A70A24B1B78002BE5
:105FC00000F05081FCF730F818B129462046FCF764
:105FD00065F8A4F5FC44403CA4B22D2C40F223818A
:105FE000012003B0BDE8F083E52C02D16A79964B1D
:105FF000E2E7A4F1E003072B02D86A79914BDBE7D3
:106000008B2C00F0A280A4F5FC43A3F17B0292B29A
:10601000082AD2D87C3B6C79072B00F2AD80DFE8F0
:1060200003F0AF394C5B6B7C3004844E874D4CB130
:1060300007F0B4FC002328600220337001F08EF8D2
:106040000020CEE7022001F095F8286807F0EAFC6E
:1060500033782C60002BF3D1B0F5FA7FF0D28B208F
:1060600000F0A8FD012005F0B7FF06F031F8FF2190
:106070000246AA2006F00EF8FBF7FCFF744B1C70DA
:10608000DEE7002CDCD002F0ADFA0028D8D0FEF715
:10609000E3FBD5E7002CD3D04AF2FF53ADF8043030
:1060A00000238DF80630FF200223FA220199FFF722
:1060B000BFF88B2000F07EFDC2E7002CC0D0FF208F
:1060C000A0238DF80600ADF80430FA2202230199CE
:1060D000FFF7AEF88A20EDE7002CB1D0FF204FF497
:1060E00048438DF80600ADF80430FA2202230199E6
:1060F000FFF79EF89120DDE7002CA1D046F6FF13B4
:10610000ADF80430B4238DF80630FF200223FA22C4
:106110000199FFF78DF89020CCE7002C90D04FF636
:10612000FF73ADF804308DF80630FA22022301998E
:10613000FF20FFF77DF8E22000F09CFC352000F006
:1061400039FDE22000F0DEFC7AE76B79002B3FF4AA
:1061500077AF8B2000F02EFD012005F03DFF05F00C
:10616000B7FFFF210246AA2005F094FFFBF782FF4C
:106170000022374B1A7063E7002C3FF461AFE8E769
:10618000002C3FD0022000F0D5FF044690B19020B3
:1061900000F010FDFBF758FF00222D4B01201A7074
:1061A00005F01AFF05F094FFFF210246552005F087
:1061B00071FF45E7274D2B88FBB107F027FC2B88A3
:1061C000C01A80B2B0F5967F17D82A202C8000F034
:1061D000F1FC902000F0EEFCFBF736FF1C4B012099
:1061E0001C7005F0F9FE05F073FFFF2102465520F3
:1061F00005F050FF184B0122BCE72C2000F03AFCC0
:10620000164BF8E7144B1A78002A7FF438AF134D79
:106210002B781BB12C2000F075FC2C7007F0F6FBDE
:106220000C4B18800CE70E4B185D00283FF4D8AEDD
:106230006B79002B86D000F01DFC01E74520002083
:10624000442000204220002043200020482000203D
:1062500018150020402000203F2000203E20002074
:10626000641E0108FBF7E0FE002800F06981DFF8FA
:10627000289299F80030002B00F06281874B1E783D
:10628000002E40F05D8195F80580854FB8F1000F34
:1062900000F0FC80E12000F035FC382C7ED8032C87
:1062A0000BD899F8003013B1E12000F0E3FB3E7009
:1062B000002E00F045817B4B9DE7231F342BF0D847
:1062C00001A252F823F000BF496400087D64000871
:1062D00075640008516400082564000855640008CE
:1062E0005964000831640008396400085D640008DE
:1062F0006164000865640008856400088164000822
:106300003D640008416400081D6400082964000819
:106310004D6400082D6400083564000879640008A5
:106320002164000871640008316400086D6400088D
:10633000E3630008ED630008F1630008F5630008FB
:10634000F963000801640008056400080964000896
:106350000D64000811640008A3620008A36200082D
:10636000A3620008A3620008A36200081564000885
:1063700019640008F5630008F96300084564000823
:10638000A3620008E963000869640008A3620008CA
:106390008964000865640008E3630008A4F5FC4311
:1063A000A3F1400292B22D2A3FF67BAF413B2B2B4B
:1063B00017D8DFE803F01B1D1F212527292B2D2FC0
:1063C0003147333537393B3D3F4143451F21494B29
:1063D0004D4F513D53555719595B5D5F616365677B
:1063E0006957314806F0B8FF46465AE72F48F9E7A3
:1063F0002F48F7E72F48F5E7202000F0DBFBF3E715
:106400002D48EFE72D48EDE72D48EBE72D48E9E76C
:106410002D48E7E72D48E5E72D48E3E72D48E1E77C
:106420002D48DFE72D48DDE72D48DBE72D48D9E78C
:106430002D48D7E72D48D5E72D48D3E72D48D1E79C
:106440002D48CFE72D48CDE72D48CBE72D48C9E7AC
:106450002D48C7E72D48C5E72D48C3E72D48C1E7BC
:106460002D48BFE72D48BDE72A20C6E72C48B9E7ED
:106470002C48B7E72C48B5E72C48B3E72C48B1E7E0
:106480002C48AFE72C48ADE72C48ABE73B78002B16
:1064900056D087F80080D3E5442000204320002018
:1064A0003D200020181500201F1401081D140108AC
:1064B00021140108231401082914010831140108CA
:1064C0003B14010843140108661C01084B14010821
:1064D000551401085D140108E8140108601401084E
:1064E00063140108671401086A1401086D14010897
:1064F000701401087314010876140108EE130108E2
:1065000079140108871401087C1401087F1401081C
:1065100083140108891401088C1401088F140108E0
:1065200092140108C91301089514010864140108A4
:10653000981401089B1401089E140108A114010875
:10654000FBF772FD28B3DFF8C09099F8003003B371
:106550002E4B1E78EEB995F805802D4FB8F1000F3F
:1065600043D0E52000F0CEFA47F665639C4233D075
:106570002AD8192C35D01B2C2ED0052C33D099F8C5
:10658000003013B1E52000F075FA3E70002E7FF464
:1065900092AE022000F0CEFD10B12C2C3FF450AD95
:1065A000022000F0C7FD28B1A4F5FC436E3B012B8F
:1065B0007FF616ADFBF738FDD8B92946204603B063
:1065C000BDE8F043FCF766B947F667639C4208D024
:1065D00047F668639C42D1E70E4806F0BDFE46468A
:1065E000CDE70D48F9E70D48F7E73B78002BD0D011
:1065F0004FE729462046FBF751FD29462046FCF788
:1066000031F80028D9D11BE5432000204420002088
:106610003C200020761401089B140108A1140108F5
:1066200003280DD80B290BD8082A09D86C2301EBB5
:10663000C10103FB0010034B024433F81200704702
:1066400001207047921E0108FFF7EABFA0F5807293
:10665000B2F5F85F03461FD213F4805F00F40071B7
:1066600003F48062C0F3002003F400630AD0000149
:1066700009B140F020000AB140F040006BB140F099
:106680008000704709B140F002000AB140F00400F8
:106690001BB140F0080070470020704710B50C4651
:1066A000FFF7D4FF2346BDE810401847A0F1E003F0
:1066B000072B10B5044600D940B920460449FFF71E
:1066C000EDFFE0B2BDE8104000F0D4B90149F6E7B3
:1066D000C56B0008ED6F000810B50446C0B200F0AD
:1066E00011FAA4F1E003072B00D92CB90349204685
:1066F000BDE81040FFF7D2BF0149F8E7D76B0008AB
:10670000FF6F00080120704708B5FFF7FBFF08BDC9
:10671000704708B5FFF7FCFF08BD000013B502ABDA
:1067200003E903000F4B1B78B3B99DF8053073B133
:106730006AB100F0ADFD04460146009800F076FD18
:106740002046009902B0BDE8104001F005BC009859
:1067500000F086FD0446F3E7009800F099FD0099EB
:10676000F0E700BF54200020034610B400885C8886
:106770000A4640EA0440998810BCFFF7CFBF10B525
:1067800004460121FFF7F0FF2146FFF7BDFF10BDD2
:1067900010B504460021FFF7E7FF2146FFF7B9FFD8
:1067A00010BD10B501248440E0B201F057F9A0B249
:1067B000BDE8104000F093BC0120704708B5FFF71A
:1067C000FBFF08BD10B5044600F03AFC2046FFF779
:1067D000F5FFBDE8104046F2A81008F036BC08B539
:1067E0000120FFF7EFFFBDE8084007F033B908B517
:1067F0000020FFF7E7FFBDE8084007F051B90000AF
:1068000038B501210546FFF7AFFF29460446FEF7DC
:10681000BFFDB8B32946204606F000FE90B32946D6
:10682000204606F0F7F868B32946204606F0CCF873
:1068300040B32946204605F057FD18B36B79DBB10C
:1068400047F603439C420BD8B4F5F84F14D3A4F594
:10685000F844013C022C13D8DFE804F02816260087
:1068600047F65B439C422AD047F65C439C4220D0CB
:1068700047F65A439C421FD02846FDF77BF902E0B9
:10688000FFF7ADFF002038BD0E490B78C3F30002BF
:1068900082F0010262F300030B70DB074CBF0A4871
:1068A0000A4802F03FFDEDE701F0BDF8FFF79FFF5A
:1068B000E8E701F0A5F8DFE701F0AEF8DCE701F06A
:1068C000AEF8D9E7442100206C1601087D160108B6
:1068D00008B5FEF7C1F805F0FBF900F069F8BDE86E
:1068E0000840012005F0B8BA08B500F066F80020AD
:1068F00005F0B2FABDE80840FEF7B8B80246030951
:1069000006BF1846134604209A081EBF13460230DD
:10691000C0B25B081CBF0130C0B27047030A0ABF97
:106920000346082000201A091EBF13460430C0B2D7
:106930009A081EBF13460230C0B25B081CBF01306C
:10694000C0B27047030943EA001040B28300C0F3AD
:10695000850000F0330023F0330303435BB258009B
:10696000C3F3460303F0550300F0AA001843704731
:10697000024608B5C0B2FFF7E5FF0146100AFFF76F
:10698000E1FF40EA012080B208BD01207047704756
:1069900038B50546FFF7F9FF044610B12846FFF762
:1069A000F6FF204638BD704708B5FFF7F1FF08BD78
:1069B00008B50020FFF7F8FF08BD08B506F08EFD0A
:1069C000FFF7F2FF08BD000010B506F087FD0C4B85
:1069D00004461A78824211D0187006F0DFFF094B86
:1069E0001860094B1B7803F00503052B03D12146E2
:1069F000064802F097FC2046FFF7D6FF10BD00BF07
:106A00004C20002050200020442100208F16010837
:106A10001FB56C4684E803009DF805300BB100F00B
:106A2000E3FE0023ADF80E3094E80300ADF80C103F
:106A3000C9B2029002AC29B994E8030000F02EFE1E
:106A400004B010BD2046FFF79AFE0028F4D1F7E706
:106A50000379012B02D1008800F03CBC704708B5D7
:106A600029B106F03BF9BDE8084006F015BA06F07A
:106A700087F9F8E710B50446002840D0031FDBB2C1
:106A8000A02B0ED806F012FE20B1204606F0B0FE74
:106A900000F042FF204606F091FEBDE8104000F0F5
:106AA0003BBF00F12003DBB2072B07D800F007043F
:106AB0000120A040C0B200F071FEEEE700F15B03E0
:106AC000DBB2022B05D8BDE81040243880B206F0B6
:106AD0008DBD00F15803DBB21A2B06D8BDE810407B
:106AE000074A32F8130006F09DBD3334E4B2122C8D
:106AF00005D806F0F3F8BDE8104006F0CDB910BD9A
:106B0000F221010808B50346A0B3021FD2B2A02AA1
:106B100005D806F06DFEBDE8084000F0FDBE00F1AE
:106B20002002D2B2072A07D800F0070301209840BC
:106B3000C0B200F03BFEEEE700F15B02D2B2022AE7
:106B400004D8BDE80840002006F050BD00F158020E
:106B5000D2B21A2A04D8BDE80840002006F062BD6F
:106B60003333DBB2122B05D806F00AF9BDE8084032
:106B700006F092B908BD000038B50C460546FFF78F
:106B800079FF94B140F2E73309494FF47A72A4FBDC
:106B90000141E01841F100010023F9F727FB08F05B
:106BA00054FA2846FFF7AEFF38BD0120F7E700BFD3
:106BB000A086010008B539280CBF50210021FFF73D
:106BC000DBFF08BD08B528B100F0E8FDBDE80840CE
:106BD00000F0A2BE08BD08B528B100F0E7FDBDE891
:106BE000084000F099BE08BD2DE9F843877980463A
:106BF0000C46457900F0C2FD3F09064608B32E4613
:106C0000FDB1C4F3072303F0F002402A0CD0E1B237
:106C100001F12002D2B2072A25D903F0E003202B8C
:106C200002D101291FD907B3A54B5E7816F00406DF
:106C300007D0022000F0A8FE00F0A0FD80F00106C1
:106C4000F6B2C4F303330B2B3DD8DFE813F010008A
:106C5000100054005400AE00C5003C003C00CA00C7
:106C60002D01420142010026EBE73E46E9E7C4F36D
:106C70000723C4F303270F2B88BF3F01E4B285B17C
:106C800057B104F12003DBB2072B384600D92CB9E9
:106C900000F084FD00F040FE20464CE000F094FD42
:106CA000F8E72046FFF72EFF6FB104F12003DBB2B7
:106CB000072B384600D914B900F078FD01E000F048
:106CC0008BFD00F029FE002E00F05B8100F04EFDF0
:106CD00010F0010040F0558188F8050000F040FDFB
:106CE00000F03CFA404600F063F900F039FDBDE8E1
:106CF000F84300F03FBAC4F3072303F0F003C4F3F2
:106D00000329202BE4B218BF4FEA09192CB1012C3A
:106D100034D0002D3CD0DFB1BEE7694B5B7858071B
:106D200014D45DB1B9F1000F04D0484600F036FD2F
:106D300000F0F2FD0020FFF79DFEC4E72846FFF7B4
:106D4000E1FEB9F1000FBED04846B5E755B11FB915
:106D50004846FFF737FFB6E7012FB4D1484600F0A9
:106D600063FDB0E7002FAED14846FFF734FF484639
:106D700000F068FD484600F043FDA4E715B1052F7B
:106D8000A1D8E5E7042F9ED84846FFF724FF9AE7ED
:106D9000002FF9D0392C0CBF4FF4FA50012008F025
:106DA00054F92046FFF7AEFE8DE714F4406FC4F3AC
:106DB000812307D0012B86D165B1C4F3090006F009
:106DC00031FC80E725B1C4F3090006F00FFC7AE737
:106DD0002846FAE72846F2E72946E0B2FFF73FFEE9
:106DE00071E714F4407F2CD1EDB9E10648BF0F25BF
:106DF000C4F342134FEA8303DBB244BF9D40ED432B
:106E000004F00F0202FA03F2C4F3812448BFADB2CA
:106E100092B2022C45EA02000DD0032C0ED0012CB8
:106E200006D000F067F906F059FBFFF7BDFD4AE711
:106E300000F058F9F7E700F065F9F4E700F04FF9D2
:106E4000F1E7C4F301221DB3D207ECD514F0100012
:106E500018BF0F20C4F342134FEA8303DBB21CBFF9
:106E60009840C04304F00F0202FA03F208BF034641
:106E7000C4F3812418BF83B292B2022C43EA020009
:106E80000CD0032C0DD0012C05D000F091F9CAE7ED
:106E9000012AC8D9DAE700F083F9C4E700F090F9D5
:106EA000C1E700F03BF9BEE7E7B2C4F303244DB1FC
:106EB000204600F053F93846FFF784FEB3E700BFE1
:106EC000D44900203846FFF786FE204600F052F9EC
:106ED000A9E75FFA84F9A9F1F003042B38D8DFE8B9
:106EE00003F003210D141D0035B1042F9BD8C4F30A
:106EF000042000F049F996E7052FF7E7C4F30420D2
:106F0000002DE3D100F02AF98DE725B1C4F3042068
:106F100000F01EF987E700F009F984E71A4B5B7867
:106F20005B0704D4C4F30420002DCFD0EAE72DB1D1
:106F30000321C4F3042000F005FD74E7012000F0F4
:106F400023FD012F7FF66FAF022000F01DFD6AE7E1
:106F50003DB11FB14846FFF78DFD64E7C4F304203F
:106F6000D0E75FB1B9F1390F0CBF4FF4FA500120EF
:106F700008F06BF84846FFF7C5FD54E7C4F304205A
:106F8000A4E7BDE8F88300BFD449002038B50188E4
:106F90000446407900F0AAF9054600F019F900F01E
:106FA0009DF829462046BDE83840FFF71DBE000089
:106FB000037910B50446B3B1FFF722FC68B900F0BD
:106FC000DDFB80B1637973B1074B5B785B070AD552
:106FD000BDE81040022000F0D7BC2046FFF7D6FFE6
:106FE0002046FFF7D5FB10BDD449002008B528B1D5
:106FF00000F0EAFBBDE8084000F08EBC08BD08B513
:1070000028B100F0E9FBBDE8084000F085BC08BDF0
:1070100008B5002006F0EAFA002006F003FB00F0B5
:10702000E3FB00F079FC05F0ABFFBDE8084005F09C
:1070300033BF08B506F0F6FBBDE80840FFF7E8BF30
:1070400008B500F0BBFBBDE80840FFF7F2BFC0F396
:107050000333062BC2B213D094BF0E33063303F0B2
:107060000F03012B10D8F02A10D004D8E72A8CBFC8
:10707000002001207047F42A14BF0020012070472F
:10708000E72A03D9F12AF7E700207047012070476B
:1070900008B50346007930B1188800F01BF9BDE847
:1070A0000840FFF7D4BF08BD82B002AB03E903007C
:1070B00002B0704782B002AB03E9030002B0704730
:1070C000704708B5FFF7FCFF08BD000008B5FFF7E3
:1070D000F8FF014B188008BD902000207047FFF793
:1070E000F5BF0000024B1B881843FFF7EFBF00BF3E
:1070F00090200020024B1B881840FFF7E7BF00BF1D
:1071000090200020024B1B885840FFF7DFBF00BFD4
:107110009020002008B5FEF73AFF08BD08B5FFF73C
:10712000F9FF014B188008BD8E2000200020FFF7DA
:10713000F5BF0000054B1B881BB9B0FA80F0400971
:10714000704743FA00F000F0010070478E200020E5
:10715000012303FA00F080B2FFF7E0BF012303FA36
:1071600000F0034B1B88184380B2FFF7D7BF00BF66
:107170008E2000200123034A8340108820EA030068
:10718000FFF7CCBF8E200020012303FA00F0034B51
:107190001B88584080B2FFF7C1BF00BF8E2000207F
:1071A000024B1B881843FFF7B9BF00BF8E20002099
:1071B000024B1B881840FFF7B1BF00BF8E20002094
:1071C000024B1B885840FFF7A9BF00BF8E2000204C
:1071D000704730B5012401F00703C90802EB8102B2
:1071E00000219C40E4B2013A12F8015F20FA01F359
:1071F00043F300036B40234001315D4004291570C7
:10720000F2D130BD002210B500F00704C00801EB38
:10721000800110468B5CE34003F001039340013290
:107220001843042AC0B2F5D110BD000017B40C46B3
:10723000C0F307210B29ADF804000CD89DF80430E9
:10724000082B08D8204603EBC103044A194403B0B5
:1072500010BCFFF7BEBF03B010BC70475520002024
:1072600082B0ADF80400C0F307200B280AD89DF8BF
:107270000430082B06D8054900EBC000184402B0C2
:10728000FFF7C0BF002002B0704700BF55200020AC
:1072900073B50F240D4BADF804001D880C4B1B88F3
:1072A0001D43ADB245FA04F3DB0705D4013CF9D226
:1072B0000026304602B070BDE6B23046019900F0BB
:1072C0005CFE80B20128F1D0F3E700BF8E200020E1
:1072D0009020002007B5ADF804000198FFF7D8FF13
:1072E000019903B05DF804EB00F047BE13B5104BF5
:1072F000ADF804101B782BB1019802B0BDE8104026
:10730000FFF7E8BF70B10198FFF7C2FF04460146DE
:107310000198FFF78BFF2046019902B0BDE81040AD
:1073200000F02BBE0198FFF79BFF0446F3E700BF78
:1073300054200020F8B50C4B0C4E1C780C4D3378C3
:10734000A34200D1F8BD05EBC40335F834005F88D3
:107350009A88D98840EA074042EA01410134FFF7A0
:10736000A9FE04F00704EAE7922000209320002001
:1073700094200020064B10B418885C889A88D9881D
:1073800040EA044042EA014110BCFFF793BE00BF4F
:10739000D42000201A4AF8B593790F2B0AD85379D4
:1073A00043B1184B18491B780D7816885788174C2D
:1073B000AB4200D1F8BD04EBC3010879D8B134F871
:1073C0003300B04217D14879A8B94888C01B80B2B1
:1073D000B0F5967F0FD20120937960F30713937174
:1073E0008B7960F3071306488B71FFF7E1FDBDE869
:1073F000F840FFF79FBF013303F00703D8E700BF52
:10740000D4200020922000209320002094200020EF
:10741000F0B50D4B0D4C1B7826780D4CB34201D1C5
:107420000020F0BD04EBC3056F788F4206D114F83D
:107430003370874202D16D79954203D1013303F055
:107440000703EBE70120ECE79220002093200020C7
:10745000942000202DE9F04385B06F4604468E4D00
:10746000014606223846F9F7EBF92B792078617846
:1074700094F80580B4F802902279CBB9002A00F084
:10748000CC80B8F1000F00F0FD802046FFF700FE31
:10749000002800F0F780082221462846F9F7D0F9A5
:1074A0002846FFF7D5FAFFF775FFFFF763FFB4E053
:1074B0006B886E79A9EB03039BB2002E00F0AF80BE
:1074C000B3F5967F80F09080002A00F0A680AB791B
:1074D0002F880F2B228857D8974212D1B8F1000F6E
:1074E0004DD1012262F30713AB71FFF743FF28462A
:1074F000FFF75EFDAB79A3710027384605B0BDE804
:10750000F083B8F1000F3AD14246FFF781FF0746FA
:1075100050B12846FFF74CFD082200212846F9F714
:10752000C1F8FFF727FFE7E70098FFF7D3FEC0F3A6
:107530000332032AC3B208D8012A10D910F4706F9D
:1075400012D0A2790F2A0FD8D7E7063202F00F0225
:10755000012A0ED92046FFF72BFD3746CDE710F460
:10756000706F01D0002BC8D02033DBB2072BC4D9F9
:10757000F0E7EF2BC1D90F33DBB2022BF7E7AB7982
:1075800043F00103AB71B7E797420CD1B8F1000F9C
:1075900009D12046A371FFF70BFD0822214628469A
:1075A000F9F74EF981E72046FFF772FD002869D010
:1075B000B8F1000F66D0AB791F2B0FD92A8802A82B
:1075C000ADF808202A79ADF80A908DF80C20002239
:1075D0008DF80E308DF80D20FFF7EAFC08222146C9
:1075E0002D48F9F72DF95EE7AB790F2B04D897E812
:1075F0000300FFF759FD8CE77AB129882288914270
:10760000D1D1B8F1000FCED12046A371FFF7D0FC45
:10761000082241462846F9F745F801276DE7B3F5FA
:10762000967F33D2002AF8D0B8F1000F2AD02A88EA
:1076300023889A421DD1AB79DA0714D40F2B12D9C3
:10764000A37103F0F003F02B06D0A379C3F3031268
:10765000013262F30713A3712046FFF7A9FC082249
:1076600021460D489CE7082221460B48F9F7E8F827
:10767000D3E72046FFF70CFD0028AFD1AB7943F0EC
:107680000103AB712046FFF793FCC6E797E80300C0
:10769000FFF70AFD40E700BFD4200020F0B585B019
:1076A0006C4684E803002046FFF7D4FE284F0646C8
:1076B000284D68B19DF804301BB194E80300FFF732
:1076C000F9FC254C28783B78834226D105B0F0BDE3
:1076D00002AB94E8030083E803009DF804103878B7
:1076E0002A780029EDD0441C04F0070494420AD003
:1076F0001946194B082203EBC000F9F7A1F83C70BA
:10770000FFF718FEDDE7FFF79BFC08223146134820
:107710003E702E70F8F7C6FFD3E704EBC000FFF70A
:1077200099FE0028D2D02B7834F8330004EBC30341
:107730005E889A88D98840EA064042EA0141FFF70C
:10774000B9FC2B78013303F007032B70BAE700BFB5
:10775000932000209220002094200020D42000209C
:10776000014B1878C008704704210020024B18789C
:1077700000F00700704700BF04210020034B187879
:1077800010F0070018BF0120704700BF042100203F
:10779000014B1878704700BF30210020024B1A7847
:1077A00010431870704700BF30210020024A137840
:1077B00023EA000313707047302100200022014BA0
:1077C0001A70704730210020024B1A78104318704D
:1077D000704700BF2F210020024A137823EA0003DC
:1077E000137070472F2100200022014B1A70704740
:1077F0002F210020704708B5FFF7FCFF08BD0000EF
:1078000008B5054A1378034204D023EA000010703B
:10781000FFF7F1FF08BD00BF05210020704708B544
:10782000FFF7FCFF08BD000010B505490B7830EAF2
:10783000030403D003430B70FFF7F1FF10BD00BF3B
:107840000621002008B5054A1378034204D023EA34
:1078500000001070FFF7E3FF08BD00BF0621002005
:1078600008B5044B1A781AB100201870FFF7D7FF3B
:1078700008BD00BF0621002010B5084B1C78084B3E
:107880001B781C43074B1B782BB11C4305F0E6FE0D
:1078900008B1FFF7E5FF204610BD00BF30210020F2
:1078A0002F2100200621002038B50B4C2568FFF75A
:1078B000E3FF28702468082220460849F9F768F891
:1078C00048B1214608220548F8F7BAFF2046BDE82E
:1078D000384005F01BBE38BD280E0020FC200020DB
:1078E00038B50B4C2568FFF7C7FF68702468202265
:1078F00020460849F9F74CF848B1214620220548AE
:10790000F8F79EFF2046BDE8384005F031BE38BD8F
:10791000240E0020DC200020054B1B7833B1054BE2
:1079200093F90030002B01DAFFF7DABFFFF7BCBF95
:10793000540F0020D4490020704708B5FFF7FCFF22
:1079400008BD0000094A10B5527852070AD5084C04
:1079500041EAC0012170FFF701FC2078C008FFF761
:10796000ECFF10BDBDE81040FFF7F8BBD449002084
:1079700004210020002008B5024B1870FFF7DDFF3E
:1079800008BD00BF0421002008B50A4A137823EA85
:107990000000107042070CD198420AD0064B5B7869
:1079A0005B0706D5C008FFF7E5FBBDE80840FFF719
:1079B000E1BF08BD04210020D44900200D4A10B5C4
:1079C00053780446C3F38001814212D060F38203EE
:1079D0005370108800F049F80220FFF7D5FF064BDE
:1079E0001B78DB0705D52146BDE81040034801F0B0
:1079F00099BC10BDD4490020442100209F160108E5
:107A0000044B5878C0F3800080F0010000F00100C2
:107A1000FFF7D4BFD44900200120FFF7CFBF0020DB
:107A2000FFF7CCBF704708B5002001F01CFDBDE892
:107A300008404FF6FF71002001F0F7BC08B50020A8
:107A400001F08CFC4FF6E563C31A5842584108BD5B
:107A5000022001F074BC032001F071BC0146032038
:107A600001F0D5BC042001F079BC0146042001F0EE
:107A7000DCBC0F2001F081BC01460F2001F0E3BC0B
:107A800008B50020FFF7F8FFFFF7CCFF08BD01465F
:107A90000E2001F0BCBC000007B5002001F0E3FCA3
:107AA0004FF6E561002001F0C0FC0021022001F04A
:107AB000AEFC01211A4B0320198001F0A8FC4FF401
:107AC000A051042001F0B1FC0021062001F09FFC30
:107AD0000021072001F09BFC0021082001F0B3FCED
:107AE0000021232001F093FC00210C2001F08FFCE9
:107AF00000210D2001F08BFC002300226846CDE917
:107B000000231721082201F068FC00211F2001F04A
:107B10009AFCFBF7B5FBFFF7B3FF03B05DF804FB7E
:107B200090200020FFF7B8BF73B505F06FFF0B4D35
:107B300004462B8883420ED00026ADF8006005F085
:107B400065FFADF80460ADF8020002AB13E9030075
:107B5000FEF75EFF2C8002B070BD00BF3221002016
:107B6000014B186800F01EBB40210020014B186833
:107B7000704700BF3C21002008B500F003FB024B1A
:107B80001860024B186008BD402100203C210020F5
:107B9000014B1868704700BF3821002008B500F07D
:107BA000F1FA024B1860024B186008BD402100201A
:107BB00038210020014B1868704700BF3421002095
:107BC000074B91421860074B196038BF1146064BAE
:107BD0001A60064B81422CBF19601860704700BFC5
:107BE0003C210020382100203421002040210020A9
:107BF00070477047704701207047000008B505487E
:107C000000F0E0FA01F02DFCFFF7F2FFFCF75EFE5A
:107C100008BD00BFE5E3000800F0E4BC08B5FBF7D1
:107C2000E3FEFDF7B5F808BD08B5FFF707FF08B993
:107C3000FFF778FFFFF70CFF074B1870FFF712FFF5
:107C4000064B1880FFF707FFFFF749FA044B188827
:107C5000BDE80840FFF75EBA44210020D449002067
:107C60008E20002008B505F097FE00F077FA00F0AE
:107C7000BFFC04F0D3FB00F0D7FBFFF7D5FFFEF706
:107C800092FE04F0B7F804F0DDFD064B1A7842F0DE
:107C900080021A701888FFF7E8FE00F0C1FCFCF7BC
:107CA00043FE08BDD44900202DE9F04F85B0FFF711
:107CB000A2FF88B9FFF738FF00F094FC04F008F841
:107CC00004F036FC08B1FFF769FF05F081F905B053
:107CD000BDE8F04FFEF778BEDFF8C08000F0FAFB99
:107CE00046460024E0B236F8025B00F07BFA0B2C2B
:107CF00050D0854204F10104F4D0294B1B789B0736
:107D000001D500F075FAFFF787FF002701905FFAB1
:107D100087F9484600F066FA38F8026B0546B0422B
:107D200032D000244FF0010A4640B6B216EA0A0FDC
:107D300020D0019B15EA0A0F14BF4FF0010B4FF042
:107D4000000B93B18DF808408DF8099005F05EFEA8
:107D50004FF00103ADF80A008DF80C308DF80DB02E
:107D600002AB93E80300FEF753FE5A46214648460D
:107D700002F0D0FD0134E4B24FEA4A03092C1FFAA5
:107D800083FAD3D128F8025C01370C2FBFD1FFF75B
:107D9000F3FE91E78542B0D18CE700BFBC490020DB
:107DA0004421002038B500F0F3F8B0F5A44F0446A4
:107DB00043D2B0F5A04F80F0AE80DF2816D8CC2893
:107DC00000F28C80A7280AD8A42879D8012804D0EA
:107DD000031F9BB2A12B28BF0024204638BDA0F171
:107DE000A8039BB21A2B71D90024F6E7B0F5804F97
:107DF00019D2B0F5005F80F09D80E728EDD9A0F59D
:107E000080739BB2B3F5F85FEED2C0F3072000F0A9
:107E100043F90546E0B200F0BBF82D0205F4F85531
:107E200040EA050450E0C0B200F0B2F804F4706417
:107E3000204340F4204084B2CFE7B0F5A54F22D2D2
:107E400045F25F23984253D845F23F2398420FD81A
:107E500045F21F23984244D8012300F00304C0F3E5
:107E60008502A34043EA421343F40D439CB2B4E7B6
:107E7000012300F00304C0F38202A34043EA42134B
:107E800043F40C43F2E745F2BF2398420AD845F287
:107E90009F23984200F01F0035D84AF2F40343EACA
:107EA00000249AE7A0F5A543403B9BB21F2B9BD82B
:107EB000040204F4F85444F4204444F0F0048CE741
:107EC000A0F1240444F48044A4B286E7214B583442
:107ED000E4B233F8144044F488447EE740F4A0440C
:107EE000F2E74AF2F10300F01F0443EA042474E7C6
:107EF000012300F00304C0F38202A34043EA4213CB
:107F000043F40A43B2E700F0C7F8040204F4F8545B
:107F100044F4005461E700F01F0000F0BDF8C30610
:107F2000C4F3431448BF0001240200B2044344F4E4
:107F30001044C9E7C0F3042000F0AEF80546E0B2F3
:107F400000F026F82D0205F4F855054345F40055D8
:107F5000ACB242E72822010882B0ADF80410C1F3A8
:107F600007210B2906D89DF80420082A02D802B060
:107F7000FEF76ABB002002B0704707B5ADF80410E9
:107F80000199FFF7E9FF03B05DF804EBFFF70ABFC3
:107F9000E7284FD8DF2807D8312864D00ED8292801
:107FA00057D02A2866D07047A0F1E003072B41D8AC
:107FB000DFE803F01540232831403C41392804D044
:107FC000822802D035283FD07047324B1A7892076A
:107FD0001FD15B7813F0080F18BF292070472D4A76
:107FE0001378D9074DD4527812F0010F22D013F034
:107FF000100F14BF0020E3207047264B1B7813F0AE
:10800000040FF3E7234A137859073CD45278D20778
:10801000EDD5E02070471F4B5A7891070AD51B78A1
:1080200013F0100F14BF0020E7207047194B1B7886
:108030001A07F5D47047174A1378190725D45278D0
:108040009107EDD5E4207047124B1B7813F0200FF9
:10805000C2E7104B1A78920619D45B7813F0080F18
:1080600018BF392070470B4B1B7813F0400F18BF17
:108070002A207047074B1B7813F0400F18BF3120A0
:10808000704739207047E2207047E620704735205E
:10809000D0E700BFD449002010B52F4C21784B0702
:1080A00013D500F01402A2F1040C00F01803DCF167
:1080B000000242EB0C02A3F1080CDCF1000343EBDD
:1080C0000C039A4218BF80F00C000B0713D500F088
:1080D0001402A2F1140C00F01803DCF1000242EBD0
:1080E0000C02A3F1180CDCF1000343EB0C039A42E1
:1080F00018BF80F00C006478E30713D500F011027C
:1081000002F1FF3C00F01803DCF1000242EB0C022C
:10811000A3F1080CDCF1000343EB0C039A4218BFF7
:1081200080F00900A30711D500F0110200F0180338
:10813000A2F111046242A3F1180C6241DCF10003C8
:1081400043EB0C039A4218BF80F00900CB0648BFEE
:1081500000F0E70010BD00BFD44900200022014B11
:108160001A607047D849002010B5044600F03AFA6A
:1081700020B905F013FC024B241A1C6010BD00BF8F
:10818000D849002008B500F02DFA18B1BDE8084024
:1081900005F004BC05F002FC014B1B68184408BD47
:1081A000D849002010B5044600F01CFA20B1204642
:1081B000BDE8104005F036BCFFF7E4FF001B10BD22
:1081C00000207047014B1860704700BF2C0E002044
:1081D000014B1B68184700BF2C0E002008B5FDF7A7
:1081E000D3FE08BD014B33F810007047F64900205C
:1081F0002DE9F0410F4801F095F800240E4DDFF80D
:108200003C800F4F0F4E2146404601F08BF8384618
:1082100001F088F835F8020BFEF7AAFB014630465C
:1082200001F080F80134084801F07CF80C2CEAD108
:10823000BDE8F081B4160108F6490020CB1601080C
:10824000D0160108D3160108461601084FF4346011
:1082500006F032BD00BF00BF00BF00BF00BF00BFBF
:1082600000BF00BF00BF00BF00BF00BF00BF00BF16
:1082700000BF00BF00BF00BF00BF00BF00BF00BF06
:1082800000BF00BF704708B5FFF7E0FF08BD7047AB
:1082900008B5FFF7FCFF08BD7FB500F0A3F91E4D40
:1082A00004461E4A60B30023107801A905EB400084
:1082B00001930293039300F0C7F9194E80B1194B53
:1082C0000C22187801A905EB4000F8F761FB0123A7
:1082D000337060B90024FCF759FD204604B070BD2E
:1082E0003378002BF6D001900290039030700D4B44
:1082F0000C22187801A905EB4000F8F7A1FAEAE78B
:10830000084B1178187805EB410105EB400000F0AF
:1083100011FAFFF7BDFFE0E7F64900200E4A002002
:1083200045210020DC49002008B5302383F3118863
:10833000012100F00F039940202220F00F0008F0E7
:10834000DBF8002383F3118808BD000038B5092449
:108350000B4D55F8040B421C01D0FFF7E5FF013C23
:1083600014F0FF04F5D10624064D55F8040B431C08
:1083700001D0FFF7D9FF013C14F0FF04F5D138BD5F
:10838000300E0020540E00202DE9F843DFF89080D5
:10839000054658F821300E465C1C17463ED0302268
:1083A00082F31188012223F00F0903F00F0302FA70
:1083B00003F421464846240408F09EF8C9F8184002
:1083C000002484F31188FFF745FF6FEA070EDFF8FA
:1083D00054C0A91E0A355CF8042B31F8023F501C2A
:1083E00019D022F00F00006902F00F0220FA02F209
:1083F000D20710D401243B438D420B80EBD158F8B7
:108400002600431C01D0FFF78FFF21463046BDE810
:10841000F843FFF738BF03EA0E03EDE7BDE8F88342
:10842000300E0020540E0020F0B5DFF888C091B067
:108430009CF80030F3B9204C01AD0FCC0FC594E887
:10844000030085E803001D4E01AF0FCF0FC695E86E
:108450000300083407AD86E803000FCC0FC50FCC2E
:108460000FC52668164C2E6007AD0FCD0FC40FCD7B
:108470000FC426609CF80030124A002B0CBF062364
:1084800000231370104AC3F106031370FFF75EFF59
:10849000182200210D48F8F705F9182200210C4890
:1084A000F8F700F9062000F04FF811B0BDE8F040F1
:1084B000FFF794BE6C0E002080120108540E0020BD
:1084C000300E00200E4A0020DC490020F649002032
:1084D000DE49002030B587B0182200216846F8F741
:1084E000E1F8002501242246E9B268460135FFF78C
:1084F0004BFF6400092DA4B2F5D1182269460F483C
:10850000F8F746FA002814BF0124002404D01822EA
:1085100069460A48F8F794F9094B0A49187806227F
:10852000234601EB4001054800F010F80446FFF730
:10853000B3FE2043C0B207B030BD00BFDE4900200B
:108540000E4A0020F6490020704700002DE9F8434C
:1085500007460E4615461C46DFF850804BB10123F6
:1085600088F8003005F01AFA114B18600020BDE8B9
:10857000F88398F80090B9F1000FF7D00C4B186809
:1085800005F050FA0028F1D06D002A4639463046F1
:10859000F8F7FEF928B12A4639463046F8F750F97F
:1085A0004C460023204688F80030E0E74C210020AC
:1085B0004821002010B5074C00224FF400712046DE
:1085C00007F09AFF4FF4165006F076FB2069C0F3CF
:1085D000402010BD00040040014B5878704700BF98
:1085E00050210020014B1878704700BF5021002017
:1085F00010B5FCF77FF9084C2070FFF7DBFF6070C7
:10860000FFF7EAFF054B1870FFF7ECFF18B1BDE864
:10861000104000F05BB810BD502100206C0E00200F
:1086200008B5FFF7DFFF18B9BDE8084000F050B803
:1086300008BD0000034B187809288CBF00200120DA
:10864000704700BF52210020F8B51B4C0546277823
:108650000E46092F13D83146284600F069F8F0B9C4
:108660002378FF2B14D105F0D1F9144B1880144B4B
:108670001B78DA070AD5134800F054FE06E00F4BCA
:10868000188805F0C8F9B0F5FA7FE4D20020F8BDEB
:108690000133DBB2092B2370E5D80120F7E7092F5E
:1086A00006D9074B1B78DB0702D5074800F03AFED6
:1086B00000232370F1E700BF522100204E2100204B
:1086C00044210020D91601080F17010805F056BAF9
:1086D00005F040BAF8B504461E461546BDF81870B8
:1086E00062B10C206043104B1A5C03445B880F4856
:1086F000AA4228BF2A461844F8F7A2F8204605F0F7
:108700003FFA054670B16FB10C230749304603FBB1
:1087100004110A79CB880549BA4228BF3A46194460
:10872000F8F78EF82846F8BD700E0020542100207E
:1087300000F0DAB900F02ABA054B1A68054B92F836
:108740003E1083F8901092F83F2083F8AC207047D9
:1087500060220108700E002003F0BEBEF7B505468A
:1087600008680C4617461E4605F05CF9632800D8D9
:108770005FB1002331462846BDF820200093FFF763
:10878000A9FF18B105F00AF92060012003B0F0BD7F
:108790002DE9F0411446069F05460E463A46194615
:1087A0002046F8F7F5F8021E23463146284606977C
:1087B00018BF0122BDE8F041FFF7D0BF7FB5FFF73A
:1087C000D5F90390FFF7E4F90490FFF7F3F90C22D1
:1087D000064B05901B680092054930336A440A2015
:1087E000FFF7D6FF07B05DF804FB00BF6022010869
:1087F0000422002007B50C21054B02461B6800919E
:108800000E3304490220FFF7C3FF03B05DF804FBF9
:1088100060220108E821002037B502240D4B072013
:108820001D680D4B298D1A8800948A1A18BF0122E1
:108830000A49FFF793FF50B1094B698D1A88082048
:108840008A1A18BF012207490094FFF787FF03B077
:1088500030BD00BF602201088E200020FC210020D6
:1088600090200020F82100201FB504F037FE0122DF
:10887000074B8DF80F001B68009206492C330DF151
:108880000F020920FFF784FF05B05DF804FB00BF6D
:108890006022010800220020114B70B51C680321E2
:1088A00004F13D0003F0CFFF94F83C30834215D132
:1088B00094F93D200F2A11DC0C210A4B01FB0233F5
:1088C0009D685DB1AC4694F83F2094F83E0004F1F9
:1088D000600304F14001BDE87040604770BD00BF17
:1088E00060220108700E00202DE9F04390461D46DD
:1088F0000022012385B000930E46DDE90C97114656
:108900000DF10F03FFF7E6FE044650B3D8F8000060
:1089100005F088F863281CD90022BBB211460093E9
:1089200030462B46FFF7D6FE39460446484603F04C
:108930008AFF9DF80F30834214BF002404F0010425
:108940001CB105F02BF8C8F80000204605B0BDE8C2
:10895000F0833946484603F076FF9DF80F30834296
:10896000DAD13A4649462846F7F76AFFEDE70000B4
:108970001E4B2DE9F0411E68082386B006F11B0846
:108980000193042103201A4ACDF8008004ABFFF7BD
:10899000ABFF054620B1174FB27E3B789A4215D106
:1089A000284606B0BDE8F0819DF80F109DF80E0036
:1089B00003F07AFD044650B9002305201A461946F3
:1089C0000093FFF787FE2040C5B20BE0002440462D
:1089D0000DF10F020DF10E0103F04CFD0028E3D163
:1089E000002CE9D1B37E3B70DAE700BF60220108BA
:1089F000F0210020EC21002070B50C260E4B86B033
:108A00001B680D4602330093012100200B4A01969A
:108A10000DEB0603FFF768FF044628B1324608480D
:108A20000DEB0601F7F70CFF0C2228460449F7F777
:108A300007FF204606B070BD60220108E421002037
:108A4000D82100202DE9F84F06460F4615469846D6
:108A5000FFF7F0FD002814BF4FF00A094FF001099D
:108A60004FF0010A39463046C0470446A8B90AF11A
:108A7000010ACA4509DC0AFB0AFB4FF47070013495
:108A800006F01AF9A345F8D1ECE7054B1B78DB0794
:108A900003D52946034800F045FC2046BDE8F88F81
:108AA000442100202217010830B50E4D85B02868FA
:108AB00004F0B8FF632812D9FFF764FB00230230EB
:108AC000039004220620009303A9FFF703FE044647
:108AD00010B104F063FF2860204605B030BD0124CA
:108AE000FAE700BFF421002070B51A4B1A4A044679
:108AF0000D46FFF7A7FF50B329462046174B184AEB
:108B0000FFF7A0FF18B329462046164B164AFFF779
:108B100099FFE0B129462046144B154AFFF792FF12
:108B2000A8B129462046134B134AFFF78BFF70B1BB
:108B300029462046114B124AFFF784FF38B12946D7
:108B40002046BDE870400F4B0F4AFFF77BBF002067
:108B500070BD00BFF989000838170108F5870008C3
:108B6000451701087189000853170108A98A0008F0
:108B70005B17010819880008661701086988000852
:108B800072170108BD8700087C17010870B50E46F2
:108B9000054607F025FA284B0C221C683146A31C19
:108BA0001846F7F74DFE0C2103F04DFE264606F859
:108BB0000E0B07F01BFA07F013FA0C223146284679
:108BC00004F11B05F7F73CFE07F010FA07F008FA6E
:108BD000284603F079FC0821284603F034FEA076ED
:108BE00007F004FA07F0FCF9144B606A1A68904227
:108BF00002D01860FFF7B8FA07F0F8F907F0F0F9BB
:108C0000228D0F4B1A80628D0E4B1A8007F0EEF901
:108C100007F0E6F994F82C0004F05AFC07F0E6F9A6
:108C200007F0DEF904F1300007C8FEF7C9FFBDE820
:108C3000704007F0DBB900BF60220108D42100209A
:108C40008E200020902000200E2808DD0C22044BEE
:108C500002FB00304023438060238160C380704763
:108C6000700E0020F0B587B00E4617461D468DF8F1
:108C70000F00FFF7DFFC10B9002007B0F0BD9DF931
:108C80000F300E2BF8DD202EF6D8202DF4D800243E
:108C900003210DF115008DF815308DF814408DF875
:108CA00016608DF8175003F0CEFD154B8DF81400AB
:108CB00083F8906083F8AC50042223460B20009484
:108CC00005A9FFF707FD0028D6D0234632463946CE
:108CD0000C200094FFF7FEFC0028CDD02346012293
:108CE0000D2000940DF10F01FFF7F4FC0028C3D014
:108CF000224621460C9B00950E20FFF7EBFCBCE7BB
:108D0000700E0020FEF7D0BF08B504F009FE05F094
:108D100093FBFEF773FF05F091FBFEF7A3FF05F051
:108D2000A7FB05F0ABFBFFF7EDFF05F0A9FB05F096
:108D30006BFB03F03FFEFEF771FFF2E70346DA68D4
:108D40000846511C10B4D96019698A4207D21C68C0
:108D50001CB15968234610BC18479B68985410BC36
:108D600070472DE9F047DDF820A005461AF0030F03
:108D70000F4614461E46D0F80C8010D03C44BC422E
:108D80000FD11AF0020F16D1BDE8F0872021284636
:108D9000FFF7D4FF09F10109B145F7D3EEE791469A
:108DA000FAE7284614F8011DFFF7C8FFE7E720217E
:108DB0002846FFF7C3FFEB68A3EB0803B342F6D3E3
:108DC000E2E700002DE9F04F0D468BB01E46DDE9CD
:108DD00014839446169C02A9FDB9270518D43022A5
:108DE00001258DF8082024F01004A2076FD404F0A8
:108DF000010243B1002A6AD0BCF1000F02D114F085
:108E00000C0F00D0013B002A61D02A46302728E011
:108E1000102EEAD124F01004E7E714F0200F14BF5D
:108E20004FF0410E4FF0610E2A4689460025AEF103
:108E30000A0EB2FBF6FA06FB1A2B5FFA8BF7BBF1B0
:108E4000090F94BF30377744FFB2964205F1010510
:108E500009F8017BC9D8202DC7D05246E9E75754FD
:108E60000132934201D9202AF9D1302701E0575429
:108E70000132904501D9202AF9D1082E03D195421B
:108E800038BF24F0100442F210073C423CD02705C2
:108E90001FD4F2B1904501D093421AD1954201D22C
:108EA000013A16D02B4FF740FF0724D595424DD2FB
:108EB000102E02F1FF3212D1A70632D4202A13D18C
:108EC00020220094FFF74DFF0BB0BDE8F08F2A463B
:108ED000CBE7102EF0D0022E0DD1202AF0D002F1D7
:108EE000280562266D4403E0782602F128056D44CA
:108EF00005F8206C0132202AE2D0302602F1280544
:108F00006D4405F8206C0132202AD9D0BCF1000F45
:108F10000ED02D2602F128056D4405F8206C013293
:108F2000CFE7202ACCD002F1280558266D44DFE790
:108F3000660704D502F128052B266D44EDE72507C9
:108F4000BFD502F1280520266D44E6E7102EC4D1D6
:108F5000B2E700BF04000100FFF73AB92DE9F04F76
:108F600007460E46154687B0317881B93B6853B93C
:108F70003A6942B1B96831B1FB68934228BF02F146
:108F8000FF330022CA54F86807B0BDE8F08F2529E6
:108F900006F1010603D03846FFF7D0FEE4E70024CF
:108FA00006E02D2B1BD0302B25D144F001041646B2
:108FB000324612F8013B2B2B14D0F2D8202B14D0C0
:108FC000232B15D02A2B39D155F8048B1646B8F12E
:108FD000000FBCBF44F00204C8F100081FE044F0D9
:108FE0000204E4E744F00404E1E744F00804DEE7A7
:108FF00044F01004DBE7A3F130010929E2D84FF077
:10900000000805E00A21164601FB0833A3F13008E9
:10901000324612F8013BA3F130010929F2D9337825
:109020002E2B41D17278731CA2F13001092944F42E
:10903000006430D84FF0000A0A2607E04FF000081D
:10904000EDE70B4606FB0A22A2F1300A194611F899
:10905000012BA2F130000928F3D91E46334613F83C
:10906000012B6C2A2AD022D8682A2ED06A2A36D020
:1090700016F8011B78298ED8632933D8622900F0AD
:109080003281632900F0A080252984D0582982D11B
:1090900044F020046EE02A2A05D155F8043B02363C
:1090A00023EAE37ADAE71E464FF0000AD6E7742A8D
:1090B00001D07A2ADCD144F400740BE072786C2A77
:1090C000F9D144F4C0640236D2E77278682A03D03A
:1090D00044F080041E46CBE744F0C004F3E744F4B8
:1090E0008064F7E70122A1F16403DBB29A40804B70
:1090F0001A4013D1732900F0908070297FF44BAF90
:1091000055F8041B44F4005444F00104002940F0D5
:10911000E0800A2305227749009487E0642901D082
:10912000692921D144F480440A2324F01004220543
:1091300048BF24F00104600404F4806226D5002AAC
:109140007FF412AFA10517D5296800294FEAD17223
:109150000294CDF80480CDF800A0B8BF494238464B
:10916000FFF730FE0435FFE66F2900F0BE80DBD943
:109170007829D9D11023DAE7620602D595F90010D3
:10918000E3E72006E0D5B5F90010DEE7002A7FF41A
:10919000EBAEA10524F00C0006D50290CDF80480BA
:1091A000CDF800A02968DAE7620607D52978002201
:1091B0000290CDF80480CDF800A0D0E7296814F023
:1091C000800F18BF89B2F2E714F0020423D04FF0E9
:1091D0000109384615F8041BFFF7B0FD002C3FF4D9
:1091E000C3AEC145BFF4C0AE20213846FFF7A6FD8F
:1091F00009F10109F5E720213846FFF79FFD09F144
:109200000109C845F7D8B8F1000F08F1010908BFF6
:109210004FF00209DDE7A146F1E755F804BBBBF1C9
:10922000000F07D143460622334900943846FFF722
:1092300098FD99E6BAF1000F14BF52466FF0004254
:10924000D9465A4499F8001009B14A450DD114F491
:109250000063A9EB0B09049302D0D14528BFD14686
:1092600014F0020415D14A4609E009F10109E9E7C1
:10927000202138460592FFF761FD059A01324245EB
:10928000F6D3A8EB0902C84538BF002209F101094D
:1092900091440BF1FF3204E038460592FFF74EFD92
:1092A000059A12F8011F39B1049B002BF4D0AAEBE8
:1092B00002001BEB000FEFD1002C3FF455AEC84568
:1092C0007FF652AE20213846FFF738FD09F101093B
:1092D000F5E70A233846019302941023CDF800A045
:1092E000FFF770FD40E6022321E708231FE700BFD8
:1092F000210812008C170108851701087FB5084B5B
:109300000A46019300230293039304936FF00043F2
:10931000014601A80593FFF721FE07B05DF804FBA5
:10932000598F00080FB407B504A951F8040B019137
:10933000FFF7E4FF03B05DF804EB04B070470023CF
:1093400007B5014601220DF107008DF8073000F046
:109350008CF89DF8070003B05DF804FB002307B507
:10936000014602220DF10600ADF8063000F07DF84E
:10937000BDF8060003B05DF804FB07B50422002326
:1093800001460DEB0200019300F06FF8019803B065
:109390005DF804FB07B501228DF8071001460DF1B9
:1093A000070000F067F803B05DF804FB07B5022280
:1093B000ADF8061001460DF1060000F05BF803B0B1
:1093C0005DF804FB07B50422019101460DEB020094
:1093D00000F050F803B05DF804FBF8B505461446FC
:1093E000D31D23F0070300AFADEB030D68460E4617
:1093F00000F03BF8224669462846F7F7C9FA20B143
:1094000022463146284600F035F8BD46F8BD38B54D
:109410000C460546FFF793FFA04205D0214628469B
:10942000BDE83840FFF7B6BF38BD38B50C46054635
:10943000FFF794FFA04205D021462846BDE83840FA
:10944000FFF7B4BF38BD38B50C460546FFF795FFAA
:10945000A04205D021462846BDE83840FFF7B2BFFC
:1094600038BD00F015B900F039B80B460146184672
:1094700000F04EB80B460146184600F09DB80000BB
:1094800008B5064B4FF4805218460021F7F70AF949
:1094900041F2080200F580531A6008BD082200203E
:1094A00010B5054C23792BB900F06BF908B10120F8
:1094B000207110BD0220FCE70832002010B5064CD8
:1094C000237933B100F067F910B100230120237133
:1094D00010BD0220FCE700BF0832002038B5FFF7BE
:1094E000DFFF044618B9FFF7E9FF204638BD00F05A
:1094F0004AF90546FFF7C4FF012C06D1FFF7DEFF4E
:1095000000280CBF002505F001052C46EDE7000002
:1095100008B5034608469918B1F5805F05D8044997
:109520001944F7F78DF9012008BD0020FCE700BFC2
:10953000082200200000000038B500F024F904469D
:1095400010B3FFF7ADFF4FF400720546124900203B
:1095500000F03EF9044678B10DA3D3E900234FF49F
:1095600080510D4802F020FF02460B464FF4805018
:1095700000F060F94400E4B2012D01D1FFF79EFF35
:1095800041F20802054B1A60204638BDAFF3008057
:1095900025232284E49CF2CB0822002008320020FC
:1095A000044B1B68B3F5005F01D3FFF7C5BF012073
:1095B000704700BF083200202DE9F04F8318B3F543
:1095C000805F04460E46154685B01ED82F4F00EB2F
:1095D000070841463046F7F7DBF9002845D02A4610
:1095E00031464046F7F72CF9FFF75AFF834650B152
:1095F0004FF000084FF0000907F5805755B9FFF705
:10960000CFFF034637E0FFF759FF0023184605B0A8
:10961000BDE8F08F052DAA4628BF4FF0050AC4F318
:10962000024343EACA03CDE9028952468DF8083065
:109630003146230A0DF10B008DF809308DF80A40F0
:10964000F7F7FEF8DDE90223386800F0F3F888B197
:109650003B6808333B60FFF7A3FF0128034606D1B0
:10966000A5EB0A0554445644C8E70123CEE710F0A1
:10967000FD0F00D00023BBF1010FC7D10193FFF70D
:109680001DFF0028C1D0019BC0E700BF08220020B9
:109690007FB5FFF7F5FE00F06FF828B9FFF7F0FE91
:1096A0000024204604B070BD4FF400720020304901
:1096B00000F073F82E4D002843D02BA3D3E90023EC
:1096C0004FF48051284602F06FFE06460C464FF4D8
:1096D000805002A900F079F8DDE902239C4208BF1E
:1096E000964201D0FFF7CCFE41F2080469462046BD
:1096F00000F06BF848B3DDE9003253EA02011ED0F6
:1097000013F0C00FCDE9023204F10804D9B21BD125
:1097100003F47F40C3F3074318430B0403F4E0232F
:109720001843CA0800EBD101B1F5805F0CD80DF1E8
:109730000B012844F7F784F8B4F5005FD6D1012077
:1097400003E0FFF79DFEA9E700200A4B1C6038B933
:10975000FFF7F2FE04460028A3D1FFF791FEA0E731
:10976000FFF71EFFF6E700BF25232284E49CF2CB1F
:10977000082200200832002008B500F0FEF8012081
:1097800008BD0120704708B5002000F0F9F8B0FAD4
:1097900080F0400908BD0120704738B5D5002A4641
:1097A0000C4600F037F918B921462544A94203D1E7
:1097B000B0FA80F0400938BDD1E90023D243DB4341
:1097C00041F8082B41F8043CF0E70122FFF7E5BF20
:1097D0002DE9F0470646894615460027C0B0202DE2
:1097E000AA4628BF4FF0200A4FEACA0809EBC70172
:1097F00042466846F7F724F80024694654450DD1DF
:1098000042466946304600F031F988B92D1B46447E
:109810002744E4D1012040B0BDE8F087D1E900231E
:10982000D243DB4341F8082B41F8043C0134E5E71F
:109830000020F0E707B5CDE9002369460122FFF7D4
:10984000C7FF03B05DF804FB00220823114601485E
:1098500004F0CEBA0C080040F7B51F464BBA090C0D
:10986000064615468DF80400ADF806308DF8051053
:10987000FFF7EAFF58B9144B1B78DB0702D51348F2
:10988000FFF750FD4FF0FF34204603B0F0BD042138
:109890000DEB010004F010FB044648B945B1022E5F
:1098A00009D0032E0CD12846B9B204F00FFB0446B0
:1098B00004F016FBE8E72846B9B204F0FDFAF6E733
:1098C0004FF0FF34F4E700BF442100209217010855
:1098D00008B5FFF7B9FF48B9084B1B78DB0702D57D
:1098E0000748FFF71FFD4FF0FF3008BD062004F0CA
:1098F000BFFA04F0F5FA0020F7E700BF442100208A
:10990000BD17010810B5FFF79FFF50B90D4B1B782D
:10991000DB0702D50C48FFF705FD4FF0FF3420466A
:1099200010BD052004F0A4FA04F0B4FA044604F0D3
:10993000D7FA002CF3DB14F0010F0CBF00246FF0FA
:109940000304ECE744210020EC17010810B504469D
:1099500004F024F84FF47A7303FB040404F01EF8B7
:10996000A04204D2FFF7CEFF031DF7D010BD6FF069
:109970000100FBE70120FFF7E9BF04F0FFB9000099
:1099800038B500F58033B3F5002F054601D283B218
:109990005BB11B4B1B78D80703D529461948FFF745
:1099A000C1FC4FF0FF34204638BDFFF7E3FF04460B
:1099B00028B1134B1B78DB07F5D5134808E0FFF7F8
:1099C00087FF044638B10E4B1B78D907EBD50F48FB
:1099D000FFF7A8FCE7E7034602462946D820FFF731
:1099E0003BFF044628B1064B1B78DA07DBD5084855
:1099F000EEE7FFF7BFFF04460028D4D0D9E700BF49
:109A0000442100201E180108521801088518010879
:109A1000B6180108F8B507460D461646FFF7AAFF27
:109A2000044668B10E4B1B78DA0702D50D48FFF7E4
:109A300079FC324600212846F6F734FE2046F8BD70
:109A400033462A4639460320FFF706FF044600281E
:109A5000F4D0034B1B78DB07EBD50348E7E700BFE7
:109A600044210020E6180108181901082DE9F041E9
:109A7000074688461646BEB9FFF77CFF0446E8B99C
:109A8000FFF7E2FE00283FD1224C2378DA0708D501
:109A90002148FFF747FC2378DB0702D51F48FFF773
:109AA00041FC4FF0FF341AE0FDB2C5F58075B542B8
:109AB00028BF3546FFF75EFF044628B1154B1B78DB
:109AC000D9070CD5164808E0FFF702FF044648B155
:109AD000104B1B78DD0702D51248FFF723FC204608
:109AE000BDE8F0812B46424639460220FFF7B4FE1E
:109AF000044628B1074B1B78D807F0D50A48ECE795
:109B0000A8442F44761BB6E7042004F0B1F904F012
:109B1000E7F9E4E744210020DA1901080A1A0108EC
:109B20004619010879190108AA19010830B510F47D
:109B30007F4F85B00190C0F30725C0F307420DD1D8
:109B400009B1304B9A5C13461146002063F30700BD
:109B500061F30F2062F3174005B030BD9DF804405B
:109B6000002937D0274B995C0620FF2360435A1BFE
:109B7000B0FBF3F06FF05403434303EB440303EBF8
:109B80004303DBB203FB05F4C3F1FF036B43241271
:109B90001B12C4F1FF04C3F1FF034A434C434B4380
:109BA000C2F30722C4F30724C3F30723C9B206286C
:109BB00024D801A555F820F04B9B0008D99B00083C
:109BC000DF9B0008E99B0008F39B0008FD9B000851
:109BD0004B9B00081146C7E70B462146B5E71846E0
:109BE0000B4611460246B0E70B4611461A4623467D
:109BF000ABE7184613460A460146A6E71346224637
:109C0000A3E700BF7C220108012184B004B0FFF764
:109C10008DBF012830B501D8C0B230BDB0F5F75FB7
:109C200088BFFF224FF001049EBF42090832D2B222
:109C3000A3185910C3F34705C3F34F035B439BB20B
:109C4000984206D2013DEAB29442F1D9013CE0B219
:109C5000E3E7FF2902D00135ECB2F5E70846DCE77F
:109C6000074B188800EB402200EB820000F55850AB
:109C7000193080B2188000EB1020C0B2704700BFCE
:109C8000360F002010F0400216BFC3430346DBB27C
:109C900010B503F00F0102B10131094CC3F30113F8
:109CA00004EB4302527814F813304A4303EB2213B7
:109CB000DBB2020644BF5B42DBB283F0800010BD22
:109CC00064220108144B84B003EB4103E4210190AA
:109CD00093F86C30C0F307204B43C2EB13231C33C3
:109CE000002BB8BF5B42A0EBC3031BB223EAE373B4
:109CF000434300201B128DF80530019BDAB262F35A
:109D00000700C3F3072262F30F20C3F3074363F393
:109D1000174004B0704700BFE90C0020144B84B01A
:109D200003EB4103E421019093F86C30C0F307404A
:109D30004B43C2EB13231C33002BB8BF5B42A0EB99
:109D4000C3031BB223EAE373434300201B128DF8C5
:109D50000630019BDAB262F30700C3F3072262F315
:109D60000F20C3F3074363F3174004B0704700BFED
:109D7000E90C002084B0019000208DF80420019BA4
:109D8000DAB262F30700C3F3072262F30F20C3F3D2
:109D9000074363F3174004B07047000084B001909C
:109DA00000200B4B03EB410393F86C309B1A8DF8AA
:109DB0000430019BDAB262F30700C3F3072262F3B7
:109DC0000F20C3F3074363F3174004B0704700BF8D
:109DD000E90C002084B0019000200B4B03EB410301
:109DE00093F86D309B1A8DF80430019BDAB262F360
:109DF0000700C3F3072262F30F20C3F3074363F3A3
:109E0000174004B0704700BFE90C002030B5134B79
:109E100085B03431019003EB4104657903EB4103D4
:109E2000A5F1200464B21B79002CBCBFC5F120054C
:109E30006CB29A1A2244C0B210448DF8040000207B
:109E4000019BDAB262F30700C3F3072262F30F202B
:109E5000C3F3074363F3174005B030BDE90C00209E
:109E600084B0019000209DF8102003EB430302EB27
:109E700053038DF80430019BDAB262F30700C3F399
:109E8000072262F30F20C3F3074363F3174004B0C4
:109E900070471FB592B2019048B2002802FB02F24F
:109EA000BCBF494248B2C0F1380000FB002080B27C
:109EB0001C46FFF7AEFE00EB4000044400208DF886
:109EC0000440019BDAB262F30700C3F3072262F396
:109ED0000F20C3F3074363F3174004B010BD000025
:109EE00084B0019003F13400104B03EB4003587928
:109EF0001B792038703B4B4302FB003200209DF859
:109F00000430002AB8BF7F3203EBE2138DF804302F
:109F1000019BDAB262F30700C3F3072262F30F205A
:109F2000C3F3074363F3174004B07047E90C002004
:109F300084B0019003F13400104B03EB40035879D7
:109F40001B792038703B4B4302FB003200209DF808
:109F50000430002AB8BF3F3203EBA2138DF804305F
:109F6000019BDAB262F30700C3F3072262F30F200A
:109F7000C3F3074363F3174004B07047E90C0020B4
:109F80001FB5164C3433019004EB430463792479F4
:109F9000203B5343A4F1700252B2002ABCBFC4F16B
:109FA000700462B2C2F1380201FB023111EB4101CF
:109FB00048BF7F31C0B200EBE1108DF804000020F3
:109FC000019BDAB262F30700C3F3072262F30F20AA
:109FD000C3F3074363F3174004B010BDE90C00203E
:109FE00030B50D4685B00190C4B21046FFF74AFE69
:109FF000124901EB450191F86C30C218D2B2A2F1BE
:10A0000080035BB2002BBCBFC2F1800253B20C22B2
:10A0100000205B00DBB2534304EB13248DF80440B3
:10A02000019BDAB262F30700C3F3072262F30F2049
:10A03000C3F3074363F3174005B030BDE90C0020BC
:10A04000114B84B0019003EB410393F86C10C0B244
:10A050008B1A5BB2002BBCBF521A53B21822DBB270
:10A06000534300EB13208DF804000020019BDAB26B
:10A0700062F30700C3F3072262F30F20C3F3074321
:10A0800063F3174004B07047E90C0020C94384B063
:10A090000190C9B2C0F307404143002009128DF876
:10A0A0000610019BDAB262F30700C3F3072262F3E2
:10A0B0000F20C3F3074363F3174004B07047C9434D
:10A0C00084B0C1F385010190014400208DF8041093
:10A0D000019BDAB262F30700C3F3072262F30F2099
:10A0E000C3F3074363F3174004B0704784B003EB36
:10A0F0008302BDF81030019013449BB2FF2B28BFA0
:10A10000FF23DB43C0F30740DBB20344FF2B28BF30
:10A11000FF2300208DF80630019BDAB262F30700BE
:10A12000C3F3072262F30F20C3F3074363F317401F
:10A1300004B0704700291FB5B8BF4942002AB8BF14
:10A14000524209B2090112B2FF294FEA0212A8BF16
:10A15000FF21FF2AA8BFFF22BDF8184009B22344FF
:10A1600012B29BB29142D4BF5B189B189BB2FF2BDB
:10A1700028BFFF23DB430190DBB2C0F30740034459
:10A18000FF2B28BFFF2300208DF80630019BDAB299
:10A1900062F30700C3F3072262F30F20C3F3074300
:10A1A00063F3174004B010BD1FB5482B0190C0F3F6
:10A1B000074030D8BDF81840E31A9BB2FF2B28BFE8
:10A1C000FF23083189B2102905D902F1080189B2AB
:10A1D000112928BFFF23DB43DBB21844002AB8BF94
:10A1E0000332FF2828BFFF208DF8060000200B490E
:10A1F000497801EBA2028DF80420019BDAB262F3E8
:10A200000700C3F3072262F30F20C3F3074363F38E
:10A21000174004B010BDFF23D3E700BF104A002051
:10A2200084B0BDF81020C0F30741D31A9BB2FF2BB6
:10A2300028BFFF23DBB2DA43D2B21144FF2928BF83
:10A24000FF210190034400208DF804308DF80610A2
:10A25000019BDAB262F30700C3F3072262F30F2017
:10A26000C3F3074363F3174004B0704784B0BDF8ED
:10A2700010200190D31A9BB2FF2B28BFFF23DB4392
:10A28000C0F30740DBB20344FF2B28BFFF230020AD
:10A290008DF80630019BDAB262F30700C3F30722A0
:10A2A00062F30F20C3F3074363F3174004B0704712
:10A2B000024B1A7810431870704700BF1A33002001
:10A2C000012310B5044C0822172104482370FFF71E
:10A2D000CCF80023237010BD1A330020104A002050
:10A2E00010B5044610B9C90FC80110BD80EAE0726C
:10A2F000A2EBE07212B2002901EB02030CDB891A17
:10A30000490191FBF3F1C1F120014BB2D8B2002C0D
:10A31000BCBF4042C0B2E8E75B01521A93FBF2F3C4
:10A32000C3F160035BB2F1E730B5C0F3072585B038
:10A33000EB1A01901046DCB2FFF7D2FFC0EB80139E
:10A3400000EB830004440020E4B26C4324128DF837
:10A350000540019BDAB262F30700C3F3072262F300
:10A360000F20C3F3074363F3174005B030BD30B58A
:10A37000C0F3074585B0EB1A01901046DCB2FFF739
:10A38000AFFFC0EB801300EB830004440020E4B275
:10A390006C4324128DF80640019BDAB262F3070089
:10A3A000C3F3072262F30F20C3F3074363F317409D
:10A3B00005B030BD30B585B0C0F3072501909DF8DC
:10A3C00020001C1A1046FFF78BFF2C44E4B2241A1D
:10A3D0000020E4B26C4324128DF80540019BDAB2F0
:10A3E00062F30700C3F3072262F30F20C3F30743AE
:10A3F00063F3174005B030BD30B585B0C0F30745F5
:10A4000001909DF820001C1A1046FFF769FF2C44AC
:10A41000E4B2241A0020E4B26C4324128DF8064002
:10A42000019BDAB262F30700C3F3072262F30F2045
:10A43000C3F3074363F3174005B030BD1FB5019068
:10A4400010461C46FFF74CFF031900208DF804301E
:10A45000019BDAB262F30700C3F3072262F30F2015
:10A46000C3F3074363F3174004B010BD1FB5019059
:10A470009DF818001C1A1046FFF732FFE4B2241AA8
:10A4800000208DF80440019BDAB262F30700C3F3A9
:10A49000072262F30F20C3F3074363F3174004B0AE
:10A4A00010BD0000082208B517210348FEF795FFEC
:10A4B0000022024B1A7008BD104A00201A330020F7
:10A4C00084B004B0FFF7A0BB2DE9F74FDFF8D0A0B0
:10A4D00000EBC0080AEB08035B5C0746FF2B0E4647
:10A4E0002BD000252F4A90444FF0000B05EBC504FC
:10A4F00003F134090AEB04010AEB4909144411F889
:10A5000001EBBEF1FF0F0ED0E8B2874218D15FFA1F
:10A510008BF0864214D118F806002030FF2828BF9F
:10A52000FF2008F806000BF1010BBBF1090F04F145
:10A530000104E4D101350C2DD6D103B0BDE8F08F74
:10A540000EF1340E0AEB4E0E9EF804C099F804008A
:10A550009EF805E0A0EB0C0099F805C00191ACEB6A
:10A560000E0C1FFA8CFC0CFB0CFC00FB00C080B234
:10A570000093FFF74EFB2828009B0199094AD2D887
:10A58000C0F1280080B2102828BF102094F800C025
:10A59000C0B26044FF2828BFFF202070C3E700BF7F
:10A5A000E90C0020493300200B4B10B51B78DB076A
:10A5B00002D50A48FEF7B6FE094C35232046032291
:10A5C00000F8013B0749F6F73BF94FF68773A38084
:10A5D000BDE81040FFF766BF442100203C1A010887
:10A5E000104A0020BC12010838B51F4C2378D80748
:10A5F00039D51E48FEF796FE2378D90733D51C4D72
:10A600001C48297801F00301FEF78CFE2378DA0755
:10A6100029D5297818488908FEF784FE2378DB07B6
:10A6200021D569781548FEF77DFE2378D8071AD51D
:10A63000A9781348FEF776FE2378D90713D5E97871
:10A640001048FEF76FFE2378DA070CD529790E48FB
:10A65000FEF768FE2378DB0705D569790B48BDE86E
:10A660003840FEF75FBE38BD44210020601A010863
:10A67000104A00207A1A0108991A0108B61A01082E
:10A68000D41A0108F21A0108101B01082E1B010838
:10A690000020704770B504460E461546FFF7F8FFD8
:10A6A000054B04EBC40423449B5DFF2B1EBF2B54BE
:10A6B0000130C0B270BD00BFE90C0020014BDB6867
:10A6C000184700BF6C22010810B4024C6468A4460D
:10A6D00010BC60476C22010837B5194B044603448F
:10A6E00093F8F430194229D0164B9A7859788DF89E
:10A6F0000120DA788DF80220FFF7B2FA4FF4B47235
:10A7000001F1B403B3FBF2F502FB15335B1A48BF4A
:10A7100003339B1000F0030003FB00118DF80010C1
:10A720000098FFF7CDFEC0F30743C2B2C0F3072184
:10A73000204603B0BDE83040FFF7C6BF03B030BDD0
:10A74000E90C0020104A002013B5134B04460344C3
:10A7500093F8F43019421CD0FFF782FA8DF800000C
:10A76000FFF77EFA40F357037F338DF801300B4B30
:10A77000DB788DF802300098FFF7A2FEC0F30743A4
:10A78000C2B2C0F30721204602B0BDE81040FFF777
:10A790009BBF02B010BD00BFE90C0020104A002092
:10A7A000014B9B68184700BF6C2201082DE9F04F50
:10A7B000524B87B0DC78524E04EB44034FEAA30BB4
:10A7C0009B080293FF23B3FBF4F3019383785BB1FF
:10A7D000002211461046FFF7E3FF6C220021494892
:10A7E000F5F760FF002333700025474FDFF814A111
:10A7F0003B7801333B70D0464FF0000932785FFA66
:10A8000089F31A4363D10393F5F7AAFE3F4B9842AD
:10A81000039B5CDC8AF800402946184604AAFFF72F
:10A8200039FF98B198F80020029B9DF810009A42D9
:10A830005CD9A2EB0B030BFB03F3A4EB0B0293FB22
:10A84000F2F32246DBB21946FFF73EFF09F1010998
:10A85000B9F10C0F08F10908D0D10135EDB2092D7D
:10A860000AF1010AC7D13B78019A934204BF002341
:10A870003B7033780133DBB21C2B3DD9002333709E
:10A88000234E0B233546671E3046294609220B2BE3
:10A8900004D190F800C0644508BF077011F809CCD6
:10A8A000013AA44524BF01F8097C0C7012F0FF02A4
:10A8B00001F1010100F10100E9D1013B13F0FF03B7
:10A8C000A5F10905E0D1002007B0BDE8F08F98F8A8
:10A8D0000020002AA0D094429ED939780198814264
:10A8E00004BF02F1FF3288F8002095E76243B2FB13
:10A8F000FBF20023D2B2A6E73370E4E7104A00204F
:10A9000019330020493300201833002054555505D1
:10A91000AC3300202DE9F04F85B007468846154638
:10A92000FDF760FE814600284DD0002D4ED04146F7
:10A93000384602AAFFF7AEFE0446334E337823446E
:10A94000082B22DDC4F1080A611C52463144701CF8
:10A95000F5F776FF04F109015246314406F109008A
:10A96000F5F76EFF06EB44014FEA4A02193106F192
:10A970001900F5F765FF04F111015246314406F163
:10A980001100F5F75DFF86F800A0002211469646FB
:10A9900002AB96F800B0DFF870C00193D0B200EBC4
:10A9A0000B038442DBB213D811B1174B5C441C700B
:10A9B0004DB1164B1B7803F0FC037C2B03D14146B1
:10A9C0003846FFF781FD05B0BDE8F08F2C46B4E7AF
:10A9D00001990F4E11F801AB0CEB030001910AF144
:10A9E000340106EB41010E790C3349790CEB43033A
:10A9F00041724670494680F811A083F801E083F85F
:10AA000002E00132CAE700BF1B330020104A0020D9
:10AA1000E90C00200120704708B5FFF7FBFF08BDD7
:10AA2000C0EBC00043000020DBB203F10E02D2B243
:10AA3000442A63F30700134628BF442382B063F31C
:10AA40000F2002B0704700002DE9F04F074689B093
:10AA500000780291FFF7E4FFDFF8B8802E4BC4B214
:10AA60001D8898F80430C0F3072B5B085D432B4B1F
:10AA7000C5F3072503EB440603F1F409E3B29B4554
:10AA800007D8BBF1430F8CBF0020012009B0BDE8FF
:10AA9000F08F19F804207B781A4238D096F86C10A1
:10AAA00096F86D2070391FFA81FA0AFB0AF0203AF5
:10AAB00092B202FB020080B20392FFF7AAF800955F
:10AAC000034698F801C098F8020098F803E0039A4A
:10AAD0004CEA002012B20FFA8AF1DDF808C040EA11
:10AAE0000E40E047C0F307238DF81C00C0F3074079
:10AAF0008DF81D308DF81E000798FFF7E1FCC0F3BC
:10AB00000743C2B2C0F307212046FFF7DDFD02363E
:10AB10000134B3E7104A0020184A0020E90C002055
:10AB20000149FFF791BF00BFB5A300080149FFF736
:10AB30008BBF00BFF9A300080149FFF785BF00BF25
:10AB4000619E00080149FFF77FBF00BF6DA40008A8
:10AB50002DE9F04F074685B00078FFF761FF8A4680
:10AB6000DFF89480254B98F804501B886D085D43EE
:10AB7000234BC4B2C0F3072BC5F3072503EB4406F0
:10AB800003F1F409E3B29B4507D8BBF1430F8CBF37
:10AB90000020012005B0BDE8F08F19F804207B7873
:10ABA0001A4226D098F8023098F8010098F803C0AD
:10ABB00096F86D2096F86C1040EA0320203A703920
:10ABC0002B4640EA0C40D047C0F307238DF80C0019
:10ABD000C0F307408DF80D308DF80E000398FFF795
:10ABE0006FFCC0F30743C2B2C0F307212046FFF752
:10ABF0006BFD02360134C5E7104A0020184A0020D8
:10AC0000E90C00200149FFF7A3BF00BF29A30008FA
:10AC10000149FFF79DBF00BF6FA300080149FFF77F
:10AC200097BF00BF939E00080149FFF791BF00BF87
:10AC30003DA400082DE9FF4706460078FFF7F0FE27
:10AC400088461F4F1F4A3B7915889B0803FB055513
:10AC5000DFF874A0C0F30729C5F30725C4B2E1B239
:10AC6000894507D8B9F1430F8CBF0020012004B0FB
:10AC7000BDE8F0871AF8042073781A421DD0BA781C
:10AC80007B78F87843EA022343EA00402A46C0472B
:10AC9000C0F307238DF80C00C0F307408DF80D308A
:10ACA0008DF80E000398FFF70BFCC0F30743C2B208
:10ACB000C0F307212046FFF707FD0134CFE700BFAF
:10ACC000104A0020184A0020DD0D00200149FFF73E
:10ACD000B1BF00BFC59C00080149FFF7ABBF00BF73
:10ACE0001D9D00080149FFF7A5BF00BF759D000825
:10ACF0000149FFF79FBF00BF9D9D00080149FFF775
:10AD000099BF00BFD59D00080149FFF793BF00BF61
:10AD10000D9E00080149FFF78DBF00BFE19F0008AD
:10AD20000149FFF787BF00BF41A000082DE9F04FA0
:10AD3000804689B00078FFF773FEDFF8A490294BB6
:10AD400099F804401B88A4085C43C4F30724C6B2E6
:10AD5000C0F3072504F14000C0B28A46FEF792FF17
:10AD6000803843B220460393FEF78CFFDFF878B0BB
:10AD7000A0F180077FB2F3B29D4206D8432D8CBF6D
:10AD80000020012009B0BDE8F08F1BF8061098F8EC
:10AD90000120114222D0009499F8022099F8010074
:10ADA00099F803C040EA022003993A4640EA0C4071
:10ADB000D047C0F307238DF81C00C0F307408DF87F
:10ADC0001D308DF81E000798FFF77AFBC0F307438C
:10ADD000C2B2C0F307213046FFF776FC0136CAE75E
:10ADE000104A0020184A0020DD0D00200149FFF71D
:10ADF0009DBF00BFE19E00080149FFF797BF00BF5C
:10AE0000319F00080149FFF791BF00BF819F0008F3
:10AE10002DE9F04F324D074685B00078FFF700FE70
:10AE20002B794FF6FF760133FF2B28BFFF2388468F
:10AE3000B6FBF3F6DFF8ACB0DFF8ACA0C0F307293F
:10AE4000C4B2E1B2894507D8B9F1430F8CBF0020E5
:10AE5000012005B0BDE8F08F1BF804207B781A4272
:10AE60002CD09AF800302148013B5BB21A0627D556
:10AE7000324629796B780131FF2928BFFF215143E0
:10AE8000AA78E87843EA0223C1F30F2143EA00409D
:10AE9000C047C0F307238DF80C00C0F307408DF8BE
:10AEA0000D308DF80E000398FFF70AFBC0F307433F
:10AEB000C2B2C0F307212046FFF706FC0134C0E709
:10AEC000C25C8A420AD103F10C020AEB420292F8F8
:10AED00001C092784CEA0222B242CAD3013BC5E7D4
:10AEE000104A0020DD0D00201C4A00202D4A0020C1
:10AEF0000149FFF78DBF00BF8DA000080149FFF792
:10AF000087BF00BFBFA000082DE9F04F82468DB07B
:10AF100008780492FFF784FD8B46404BC4B21B783F
:10AF2000C0F3072903933E4B03EB4406F433059328
:10AF3000E3B2994507D8B9F1430F8CBF0020012037
:10AF40000DB0BDE8F08F059B1A5D9BF801301A42E9
:10AF50001ED057460025032232490AA8F5F770FC97
:10AF60002E4B0AEB0308039AFBB29A4213D82E4BDE
:10AF7000DB786B431B128DF82A300A98FFF7A0FA92
:10AF8000C0F30743C2B2C0F307212046FFF79CFB82
:10AF900001340236CCE718F8013F96F86C1096F8A9
:10AFA0006D20C91A98F8083089B2D21A92B202FB01
:10AFB00002F001FB010080B207920691FEF729FE24
:10AFC000194B07F10C0E93F804C0144B0CF1010C53
:10AFD000BCF1FF0F28BF4FF0FF0C03EB4E0E9EF8A5
:10AFE00001309EF802E0079A43EA0E2303FB0CFCB3
:10AFF0000699CCF30F238DF82A500093049D034645
:10B0000012B20A9809B2A847C0F307238DF82800A6
:10B010008DF82930C0F307450137A4E71C4A00200A
:10B02000E90C0020114A0020104A0020044B014680
:10B030001B78044A013B23EAE373D8B2FFF764BFED
:10B040001C4A0020EDA000080146024A0020FFF73C
:10B050005BBF00BFEDA00008044B01461B78044A0B
:10B06000013B23EAE373D8B2FFF74EBF1C4A00202E
:10B0700035A100080146024A0020FFF745BF00BF86
:10B0800035A10008044B01461B78044A013B23EA22
:10B09000E373D8B2FFF738BF1C4A0020A9A100080B
:10B0A0000146024A0020FFF72FBF00BFA9A10008F8
:10B0B000044B01461B78044A013B23EAE373D8B2F0
:10B0C000FFF722BF1C4A002021A200080146024AC5
:10B0D0000020FFF719BF00BF21A20008044B014662
:10B0E0001B78044A013B23EAE373D8B2FFF70CBF95
:10B0F0001C4A00206DA200080146024A0020FFF70A
:10B1000003BF00BF6DA20008F7B506460078FFF741
:10B1100087FC184AC5B253789178C0F30724D078D9
:10B1200043EA012343EA0040FFF7CAF9C0F30723CB
:10B130008DF80530104FC0F307438DF804008DF8EB
:10B140000630EBB29C4205D8432C8CBF0020012076
:10B1500003B0F0BD7A5D73781A4208D028469DF896
:10B1600006309DF804209DF80510FFF7ADFA013573
:10B17000E7E700BF104A0020DD0D00202DE9FF4168
:10B1800006460078FFF74CFCDFF89C80032208F1AC
:10B190000101C4B2C0F3072501A8F5F751FB0198DE
:10B1A00098F80170FFF78CF9C0F307238DF8093088
:10B1B00098F804308DF808001F448DF80470C0F32F
:10B1C00007408DF80A000198FFF77AF9C0F30723CA
:10B1D0008DF80D30154FC0F307438DF80C008DF836
:10B1E0000E30E3B29D4206D8432D8CBF00200120D3
:10B1F00004B0BDE8F0813B5D7278134211D0DB07EB
:10B20000204643BF9DF80E309DF80C209DF80D1090
:10B210009DF80A305CBF9DF808209DF80910FFF7E3
:10B2200053FA0134DDE700BF104A0020DD0D002095
:10B230002DE9FF4706460078FFF7F2FBDFF86C8048
:10B240000322C4B2C0F3072508F1010102A8F5F7F3
:10B25000F7FADFF85C9098F80470A9F1870ABF0844
:10B26000E3B29D4206D8432D8CBF0020012004B0DC
:10B27000BDE8F08719F8042073781A4213D01AF841
:10B28000142098F80130120902FB07338DF80830BA
:10B290000298FFF715F9C0F30743C2B2C0F30721C4
:10B2A0002046FFF711FA0134DAE700BF104A002008
:10B2B000DD0D00202DE9FF4706460078FFF7B0FBC3
:10B2C000DFF86C800322C4B2C0F3072508F1010146
:10B2D00002A8F5F7B5FADFF85C9098F80470A9F1C8
:10B2E000880ABF08E3B29D4206D8432D8CBF0020D8
:10B2F000012004B0BDE8F08719F8042073781A42E1
:10B3000013D01AF8142098F801307A4303EB521343
:10B310008DF808300298FFF7D3F8C0F30743C2B2A4
:10B32000C0F307212046FFF7CFF90134DAE700BF69
:10B33000104A0020DD0D00202DE9FF41064600786F
:10B34000FFF76EFBDFF89480032208F10101C5B21C
:10B35000C0F3072402A8F5F773FA214B98F803709D
:10B36000188898F80430DB085843C0F30720FEF72C
:10B3700089FCA0F180035BB2002BBCBFC0F1800050
:10B3800043B25B00DBB27B431B128DF80A3002989C
:10B39000FFF796F8134FC0F307238DF80C00C0F3A6
:10B3A00007408DF80D308DF80E00EBB29C4206D8A8
:10B3B000432C8CBF0020012004B0BDE8F0817A5DF1
:10B3C00073781A4208D028469DF80E309DF80C205C
:10B3D0009DF80D10FFF778F90135E6E7104A0020D7
:10B3E000184A0020DD0D002073B505460078FFF7F0
:10B3F00017FBAB78C6B2C0F3072423BB134B144A28
:10B400001B7912881033FF2B28BFFF2353430A22D6
:10B41000C3F30F23B3FBF2F102FB11339BB23BB931
:10B42000FEF71EFC4423584369780012FFF754F9D5
:10B43000432C8CBF0020012002B070BD30466978DB
:10B44000FFF74AF90136B442F8DCF1E7104A002070
:10B45000184A002073B505460078FFF7E1FAAB788B
:10B46000C6B2C0F307242BBB144B154A1B791288B4
:10B470001033FF2B28BFFF2353430522C3F30F23B1
:10B48000B3FBF2F202EB82029B1A9BB23BB9FEF7CE
:10B49000E7FB4423584369780012FFF755F9432C22
:10B4A0008CBF0020012002B070BD30466978FFF7E4
:10B4B0004BF90136B442F8DCF1E700BF104A002036
:10B4C000184A00202DE9FF4106460078FFF7A8FA48
:10B4D000DFF89880032208F10101C5B2C0F3072408
:10B4E00002A8F5F7ADF9224B98F80170188898F882
:10B4F0000430DB085843C0F30720FEF7C3FB0C22DF
:10B50000A0F180035BB2002BBCBFC0F1800043B24E
:10B510005B00DBB2534307EB13278DF808700298EA
:10B52000FEF772FB134FC0F307238DF80C00C0F336
:10B5300007408DF80D308DF80E00EBB29C4206D816
:10B54000432C8CBF0020012004B0BDE8F0817A5D5F
:10B5500073781A4208D028469DF80E309DF80C20CA
:10B560009DF80D10FFF7B0F80135E6E7104A00200E
:10B57000184A0020DD0D00202DE9F04F074687B066
:10B580000078FFF74DFAC3B20193BB78C0F30724EC
:10B590004BB1002211461046FFF702F96C22002140
:10B5A0003B48F5F77FF83B7883B30026B0464FF071
:10B5B000090B384B06EB030A354B06EB03091AF867
:10B5C000013B019A93420CD3A3420AD2314A13445D
:10B5D00093F8F4207B781A4227D108F101085FFA2A
:10B5E00088F80BF1FF3313F0FF0B09F10109E6D1E5
:10B5F000632E04D0B8F10D0F06F10906D7D9432CFC
:10B600008CBF0020012007B0BDE8F08F224D2888B4
:10B6100002F001FA18288CBF012200221F4B1A7079
:10B62000C3D902F0F3F92880BFE799F800501C4A0B
:10B63000A5F1550323EAE373C3F1AA038DF8103093
:10B640009378D2788DF8113005F1AA03FF2B28BF2B
:10B65000FF2303EB43030233DBB253431B128DF88A
:10B6600012300498FEF72CFFC0F30743C2B2C0F3B8
:10B6700007211AF8010CFFF727F8084B1B78002B5D
:10B68000ABD0013D25EAE57589F80050A5E700BF7C
:10B6900049330020E90C0020B6330020B5330020E8
:10B6A000104A002013B50078FFF7BAF9C0F3072459
:10B6B0002146C0B2F7F72EFD432C8CBF002001209D
:10B6C00002B010BD2DE9F04F954B8FB01B78954E11
:10B6D0008342029046D1944A3378127803F00303F0
:10B6E0009B1A18BF0123914D6A78AB7073799A4207
:10B6F00005D00022114610466B70FFF751F8029AF0
:10B700002D2A38D8DFE812F0300039004D00510002
:10B71000550059005D006100650069006D00710011
:10B72000750079007D008100850089008D00910001
:10B73000950099009D00A100A500A900AD00B100F1
:10B74000B5001C01CA018102850289028D029102A5
:10B75000AC02B002B402B802BC02C002C402C80209
:10B76000CC02D0020123BEE7AB7823B10022114600
:10B770001046FFF715F8002002E06C48FFF7C4FC04
:10B780006A4B1A7801321A7040B90221684A9B78D4
:10B7900011701BB9029B0BB9032313700FB0BDE8E6
:10B7A000F08F6248FFF7EAFCEAE76048FFF740FDE8
:10B7B000E6E75E48FFF77EFDE2E75C48FFF7BCFD89
:10B7C000DEE75A48FFF782FADAE75848FFF784FACB
:10B7D000D6E75648FFF716FAD2E75448FFF718FAAB
:10B7E000CEE75248FFF79CF9CAE75048FFF79EF9A9
:10B7F000C6E74E48FFF776FAC2E74C48FFF778FAFB
:10B80000BEE74A48FFF77AFABAE74848FFF77CFAFA
:10B81000B6E74648FFF790F9B2E74448FFF7FEF96C
:10B82000AEE74248FFF700FAAAE74048FFF78AF977
:10B83000A6E73E48FFF7DAFAA2E73C48FFF7DCFA52
:10B840009EE73A48FFF7DEFA9AE73848FFF7CCFD63
:10B8500096E73648FFF7FEFD92E73448FFF732FEE1
:10B860008EE73248FFF756FA8AE73048FFF758FA72
:10B8700086E72878FFF7D4F8DFF8B8802E4FD8F89D
:10B8800000203B68C0F307249A4237D9FEF7E8F955
:10B8900044235843294B4FEA202903EB202393F8F4
:10B8A000F4206B781A4229D0FEF7DAF982072AD5FC
:10B8B0000023ADF830308DF832300C98FEF700FEE2
:10B8C000C0F30721C0F30743C2B28DF834008DF8EE
:10B8D00035108DF836304846DBB2C9B2FEF7F4FEBB
:10B8E00033794FF4FA721033FF2B28BFFF231B0963
:10B8F000B2FBF3F3D8F8002013443B60432C8CBF19
:10B90000002001203CE7FEF7ABF98DF83000FEF790
:10B91000A7F940F357007F30F3788DF83100CAE77C
:10B92000340F0020104A0020350F0020310F002076
:10B93000300F0020184A002014330020E90C0020AA
:10B94000DFF8F092DFF8F0A2D9F80020DAF8003042
:10B950009A423FF610AFAB78B84FB3B10022002443
:10B9600011461046FEF71CFFB846A346FEF778F9CD
:10B97000830742D588F800B088F801B088F802B093
:10B980000134442C08F10308F0D12878FFF748F877
:10B99000ADF83000C0F30724C0B200EB4008DFF878
:10B9A000A0B2B844C3B29C4247D8432CA6D9A549FB
:10B9B00004EB4402033AC81EF4F7C4FEFEF750F944
:10B9C00004F1FF3810F0020F4FEA480548D0002379
:10B9D00045447A197B5553709370337940F6B832E9
:10B9E0001033FF2B28BFFF231B09B2FBF3F3DAF858
:10B9F00000201344C9F8003080E7FEF731F98DF8D4
:10BA00003400FEF72DF9F37840F357007F3004EB54
:10BA100044028DF836308DF83500BB180D9803922E
:10BA20000193FEF7F1F8039A019BB854C0F3072283
:10BA3000C0F307405A709870A2E71BF800206B789B
:10BA40001A4209D098F8023098F8002098F80110AE
:10BA50000190FEF739FE019808F103080130A1E7D3
:10BA6000FEF7FEF88DF83400FEF7FAF8F37840F3AD
:10BA700057007F308DF836308DF835000D98FEF781
:10BA8000C3F84544785507EB0508C0F30723C0F316
:10BA9000074088F8013088F802009EE7AB7823B1B0
:10BAA000002211461046FEF77BFE2878FEF7B8FF0D
:10BAB000C0F307230893604BADF830001A68624B5F
:10BAC0001B689A4240F29880B2787378F07843EA23
:10BAD000022343EA0040FEF7F3FC5C4DC0F307226B
:10BAE000A946C0F307438DF835208DF83630C1B232
:10BAF000D2B2DBB2564FDFF85CA18DF8340003916F
:10BB000004920593AB46B84600260935CDF818B027
:10BB1000079518F8014B002C71D0039B059C049AE3
:10BB20000193069B13F8010B069309EB000393F8AE
:10BB3000F4109AF80130194205D023460199099270
:10BB4000FEF7C2FD099A079B13F8010D079309EB55
:10BB5000000393F8F4109AF80130194203D02346F9
:10BB60000199FEF7B1FD013698F80030F6B2032EC8
:10BB700008F8013CCDD1FC78002C43D0059C039EF5
:10BB8000DDF810809BF8030009EB000393F8F42024
:10BB90009AF801301A4204D0234642463146FEF755
:10BBA00093FD9BF8050009EB000393F8F4209AF845
:10BBB00001301A4204D0234642463146FEF784FD46
:10BBC000FEF74EF810F0030F0CBF01230023FB70AB
:10BBD000214B04379D4295D1204B40F6B8321B795A
:10BBE0001033FF2B28BFFF231B09B2FBF3F3124ACC
:10BBF00012681344144A1360089B432B7FE62246C5
:10BC000001948EE72646A046BCE71248FFF7B4FC35
:10BC1000B6E51048FEF7CAFDB2E50E48FFF768F931
:10BC2000AEE50C48FFF76AF9AAE50A48FFF7FEF906
:10BC3000A6E500BF10330020184A0020443200203F
:10BC4000DD0D00204732002040320020E90C0020AA
:10BC500010320020310F0020550D0020104A002026
:10BC60001348FFF7F1F98BE51148FFF7F5F987E580
:10BC70000F48FFF7FFF983E50D48FFF703FA7FE56B
:10BC80000B48FFF70DFA7BE50948FFF711FA77E556
:10BC90000748FFF71BFA73E50548FFF71FFA6FE542
:10BCA0000348FFF729FA6BE50148FFF7FBFC67E55E
:10BCB000310F002007B500780138C0B2FEF7B0FEA2
:10BCC000C0F30721C0B2FAF799F803B05DF804FB9E
:10BCD0002DE9F0413C4C3D4E2068FCF763FA0546E7
:10BCE000FCF750FA2060002496F800E0A446714664
:10BCF000C5F57F47FF37E3B29E4514D8BCF1000F6E
:10BD000000D03170324B1B782BBB324B1B7813F0B9
:10BD1000030500D09D08304C2378032B29D8DFE899
:10BD200003F01C2A394504F10C0206EB4202537859
:10BD300092F80280013443EA08239F4229BF5B192D
:10BD400001F1FF315370C3F307233ABF4FF0010CE9
:10BD5000C9B29370CFE70025DDE700221F4B1B49D6
:10BD60001A701F4B292218601E48F4F769FD012341
:10BD70002370BDE8F0812846FFF7A4FC002DF8D021
:10BD80002378022B01D1FEF747FEBDE8F0411348AE
:10BD9000FFF790BF144B154A1D700E4B1B78C3F371
:10BDA00001031370FEF78AFC0323E1E7104B1B78B5
:10BDB0000BB1FEF777FB0A4B1868FCF7F3F90F2875
:10BDC000D7D90023D4E700BF443300201B33002021
:10BDD00048330020104A0020300F0020310F00208F
:10BDE000184A00201C4A0020340F0020350F002084
:10BDF0001A33002010B50024114B1B6898471148D6
:10BE00001022FF2100F8194BF4F74CFC0E481022C9
:10BE1000FF2100F8194BF4F745FCFEF751FA0B4BE4
:10BE20001B78032B08D80A4B1B78DB0702D509487F
:10BE3000FDF778FAFEF7B8FBBDE81040FEF7D4BB7B
:10BE40006C2201081C4A00201B330020104A0020ED
:10BE5000442100204C1B010870B504460A4E88B1ED
:10BE600035787DB92846FFF72DFC084B084A1D7030
:10BE7000084B1B78C3F301031370FEF71FFC03226A
:10BE8000054B1A70347070BD48330020340F002009
:10BE9000350F0020104A0020300F0020002210B57E
:10BEA0000D4904460B7883F001030B700B4B1A709D
:10BEB000FEF7FEF90A4B1B78DB070CD50A78094B15
:10BEC00009490A48002C18BF1946BDE8104002F085
:10BED0000302FDF727BA10BD104A0020300F0020E2
:10BEE00044210020A31B0108A11B0108AA1B010873
:10BEF0000120FFF7D3BF0000064A137813F00303B5
:10BF000004BF05490B700121137861F3010313701D
:10BF1000704700BF104A0020300F002008B5FFF71F
:10BF2000EBFFBDE808400120FEF7C2B9054B1A78C7
:10BF300092071EBF0021044A11701A7822F00302F2
:10BF40001A707047104A0020300F002008B5FFF724
:10BF5000EDFFBDE808400120FEF7AAB9024B1878B2
:10BF600000F00300704700BF104A002010B5144CC9
:10BF70002278920723D0F0B12D281ED800F03F037D
:10BF80002278084663F38702227000220D4B1A7054
:10BF9000FEF78EF90C4B1B78DB0710D522780B4887
:10BFA0000B4B920800290CBF01461946BDE8104012
:10BFB0000848FDF7B7B90123E2E72D23E0E710BDFC
:10BFC000104A0020300F002044210020A11B01084E
:10BFD000A31B0108E11B01080021FFF7C7BF0121D6
:10BFE000FFF7C4BF014B187880087047104A002043
:10BFF000054B01461B789B0801332E2B34BF184696
:10C000000120FFF7B3BF00BF104A00200120FFF757
:10C01000EFBF0000064B01461B78C3F38503013BCD
:10C0200013F0FF0314BF18462D20FFF79FBF00BF7A
:10C03000104A00200120FFF7EDBF000037B5104C7B
:10C040001D4623789B0718D0962A28BF9622607039
:10C050002846A170E270FEF72BF90A4B1B78DB072C
:10C060000BD5E378084809490093002D08BF014625
:10C07000A37862780648FDF755F903B030BD00BFDC
:10C08000104A002044210020A11B0108A31B010825
:10C09000FB1B01080023FFF7D1BF0123FFF7CEBF31
:10C0A00007B50322094901A8F4F7CAFB00209DF84F
:10C0B000043063F307009DF8053063F30F209DF80B
:10C0C000063063F3174003B05DF804FB114A00200B
:10C0D000014BD878704700BF104A0020034903463F
:10C0E0004878CA7808308978FFF7A8BF104A00203E
:10C0F0000120FFF7F3BF0000054910B44C78034658
:10C10000083CCA78A0B2897810BCFFF797BF00BF7F
:10C11000104A00200120FFF7EFBF000010B4064CCA
:10C120000346A178E2781031FF2928BFFF2160780B
:10C13000C9B210BCFFF782BF104A00200120FFF7F0
:10C14000EDBF000010B4064C0346A178E278103928
:10C1500021EAE1716078C9B210BCFFF76FBF00BF80
:10C16000104A00200120FFF7EDBF000010B4064C7C
:10C170000346E278A1781E32FF2A28BFFF226078AA
:10C18000D2B210BCFFF75ABF104A00200120FFF7BF
:10C19000EDBF000010B4064C0346E278A1781E3AC9
:10C1A00022EAE2726078D2B210BCFFF747BF00BF4C
:10C1B000104A00200120FFF7EDBF000010B50B4C26
:10C1C00020710846FEF774F8094B1B78DB070BD586
:10C1D0000848094B227900290CBF01461946BDE8E1
:10C1E00010400648FDF79EB810BD00BF104A002061
:10C1F00044210020A11B0108A31B01081E1C0108EB
:10C200000121FFF7DBBF0000014B1879704700BF29
:10C21000104A0020044B01461B792833FF2B28BF0E
:10C22000FF23D8B2FFF7CABF104A00200120FFF752
:10C23000F1BF0000044B01461B79283B23EAE3735E
:10C24000D8B2FFF7BBBF00BF104A00200120FFF7A4
:10C25000F1BF0000F0B50C4D00EB4007EE1996F869
:10C2600001C044008C4505D1EF5D974202D1B678FC
:10C270009E4207D001272044044E2C18377061706D
:10C280002A54A370F0BD00BF454A0020B8330020F7
:10C2900070B5134605460E46002420463246294610
:10C2A0000134FFF7D7FF442CF7D170BD08B500F07B
:10C2B00053FA0022014B1A7008BD00BFB8330020AA
:10C2C00010B5054C23782BB14421044800F060FAE6
:10C2D0000023237010BD00BFB8330020454A002062
:10C2E00000B110470847000038B54D790446002DCD
:10C2F00043D1FBF74DFAA4F5F043203B00F02200B8
:10C30000142B3AD8DFE803F00B0F14171A1D202363
:10C3100026292C2F3335370D0D0D0D0D0D00FFF790
:10C32000E7FD284638BD164A1649FFF7D9FFF8E75A
:10C33000144A1349F9E7144A1449F6E7134A124913
:10C34000F3E7134A1349F0E7124A1149EDE7124A9D
:10C350001249EAE7114A1049E7E7114A1149E4E7AF
:10C36000104A0F49E1E70120FFF739FED9E7052020
:10C37000FAE70D20F8E71220F6E70125D1E700BF24
:10C3800035C000080DC0000815C10008F1C0000844
:10C3900065C100083DC10008B5C100088DC1000895
:10C3A0004DC200082DC200082DE9F0414FF0120CDB
:10C3B00046180546194610460027B54201D3BDE888
:10C3C000F08115F8013B83EA0002A2FB0C830CFB11
:10C3D00001334801540114EB080440EAD26043EBF6
:10C3E00000034FEAC218A4184FEAC11041EB03033F
:10C3F0004FEA022E40EA526014EB08044FEA012192
:10C4000043EB000341EA126114EB0E0443EB01031A
:10C410000EEB03013819D0E7FCF7E4B808B50822A1
:10C4200000210348F4F73EF9BDE8084000F008B9E0
:10C43000BA3300208378C078013303F003031B1A5A
:10C4400058425841704710B50446FFF7F3FF78B9DA
:10C45000A37801F07F01E01841EAC21202710120C5
:10C46000013303F00303A37023780133237010BD5D
:10C470000020FCE710B5C37884789C4211D00344B7
:10C480001B79C3F3C014C3F306030B701470C37895
:10C49000013303F00303C370437801334370012079
:10C4A00010BD0020FCE700000A4601460148FFF7E6
:10C4B000CABF00BFBA3300200A4601460148FFF751
:10C4C000D9BF00BFBA33002008B508220149F4F7EC
:10C4D000B7F908BDBA3300200122014B1A7070472A
:10C4E000B93300200120704738B50D46FFF7FAFF39
:10C4F000044620B10A2125B1A920FAF73DFB2046C8
:10C5000038BDAA20F9E737B500250DF107010DF177
:10C510000600FFF7D1FF044610B9284603B030BD2E
:10C520009DF807109DF80600FFF7DEFF2546ECE7B3
:10C5300010B5FFF771FF044610B1FFF7E4FF0446A2
:10C540000A4B1A7832B100221A70094B9A78DA70C5
:10C550001A785A7000F0D2F8FFF75EFF18B1FFF7B3
:10C56000D2FF0443E4B2204610BD00BFB93300201F
:10C57000BA3300204FF4165002F09EBB69B1084B4D
:10C5800053F82000431C0AD0012100F00F032022A1
:10C59000994020F00F0003F0AFBF024BF0E7704767
:10C5A000C8330020CC33002079B1094B53F8203038
:10C5B0005A1C1FBF23F00F02106903F00F03D8406D
:10C5C00014BF00F0010000207047024BEEE700BFEF
:10C5D000C8330020CC330020704700002DE9F04123
:10C5E0000025154F3B78ECB2A3420CD8FFF7C2FFF1
:10C5F0000026DFF848803B78F5B2AB420DD8FFF754
:10C60000EBFFBDE8F08100212046FFF7B7FF0121D5
:10C610002046FFF7B3FF0135E4E700212846FFF786
:10C62000C3FF012104462846FFF7BEFF44EA400449
:10C6300008F805400136DEE7C3330020C53300208B
:10C6400000210A4A13780A4B19701378094983F0BC
:10C6500001030B701178127832B92BB1064B074ADF
:10C660001A60074B013A1A60FFF7B8BF6C0E002042
:10C67000C2330020C3330020CC3300200704004025
:10C68000C833002070B541EA4203184A0446115CE1
:10C69000DBB201F00300834226D043EA8103DBB220
:10C6A0001355134A134E1578134A03F00F03D35C46
:10C6B000325D254413445BB2032BEDB2335503DDE9
:10C6C00000212846FFF7F0FE3357033303DA012138
:10C6D0002846FFF7E9FE33575A4202F0030203F0FF
:10C6E000030358BF5342335570BD00BFC53300200C
:10C6F000C2330020C43300207C230108F8B5002594
:10C700000A4F3B78ECB2A34200D8F8BD0021204686
:10C71000FFF74AFF012106462046FFF745FF314655
:10C7200002462046FFF7AEFF0135EAE7C33300209B
:10C73000C1F10301490040FA01F3022213F0010F95
:10C7400014BF0E2308238A4002421ABFA3F120001F
:10C75000C0B243F08000704710B50A4C40F282220C
:10C760004FF40041084803F0C7FE204603F04CF99F
:10C770002046064903F0D2F82046BDE8104003F0F9
:10C78000E9B800BF044F0020000400408C230108DA
:10C790002DE9F04F05460E4600244FF00C08274FB8
:10C7A00085B0E3B2B34208D34FF46971234A2448F9
:10C7B00005B0BDE8F04F03F0E8B84FF0000A03EB16
:10C7C00043016A1808FB03F9695C02915178927879
:10C7D0000391019209F1030202EB070B5146029803
:10C7E000FFF7A6FF0AF1010ABAF1040F0BF8010FD7
:10C7F000F4D14FF0000B09F1070207EB020A59468A
:10C800000398FFF795FF0BF1010BBBF1040F0AF83A
:10C81000010FF4D14FF0000B09F10B0307EB030AF2
:10C8200059460198FFF784FF0BF1010BBBF1040F90
:10C830000AF8010FF4D10134B3E700BFD033002070
:10C84000044F0020704702460144FF2010B58A4281
:10C8500000D110BD082412F8013B584043B2002B10
:10C86000BABF5B0083F031034300013CD8B2F5D17D
:10C87000EDE700002DE9F8439046994610B90020F5
:10C88000BDE8F8830029FAD0002AF8D0002BF6D0B2
:10C89000054600232F783FBB164E3278541CE4B275
:10C8A0003470BCB100234FEA031C10F80CC0A4453F
:10C8B00010D001338B42F6D107B1347033782B702E
:10C8C00001F06CF8089B40446860C5F80890307827
:10C8D000EB60D5E7631C94424FF00107DBB201D156
:10C8E0003370CCE71C46DCE701338B4205F11005C1
:10C8F000D0D1C4E7F8370020034610B510468BB1FD
:10C9000091B14AB100221C78844206D10022012054
:10C910001A705A609A60DA6010BD0132914203F1D8
:10C920001003F0D10020F7E70846F5E72DE9F041C4
:10C93000154604460E4601F031F82B680746C31A27
:10C94000002B03DD28600025B54201D1BDE8F08150
:10C9500094F80080B8F1000F0DD06068C31B002B65
:10C9600009DCA368E16898472378434503D128B1DF
:10C9700063680344636001351034E5E7207060604C
:10C98000A060E060F7E7000007B50B4600920821C1
:10C9900002460348FFF76EFF03B05DF804FB00BFDB
:10C9A00074370020024608210148FFF7A5BF00BFE9
:10C9B000743700200821024A0248FFF7B7BF00BFC2
:10C9C000F43700207437002047F61643984210B51C
:10C9D0000C461BD1FAF7DCFE62790D4B72B100F008
:10C9E000AA00002813BF01220022292035201A7036
:10C9F00000F0E4FEFAF790FF002010BD1B78002B3A
:10CA00000CBF2920352000F0F3FEF3E70120F4E706
:10CA1000F937002038B505464879002800F0DC8059
:10CA2000A5F5E045ABB2222B00F2BB80FBF71AF86C
:10CA30006A4C013D2080212D12D8DFE805F04DBD64
:10CA4000551B1F59235D692FB5336D3771973B75A2
:10CA50009F417B8327612B65477F8EA9B31651C504
:10CA6000237843F00103237095E0637843F00803D3
:10CA7000637090E0237843F00203F4E7237843F0F7
:10CA80000403F0E7237843F00803ECE7637843F00E
:10CA90000103EDE7637843F00203E9E7237843F00D
:10CAA0001003E0E7237843F02003DCE7237843F02A
:10CAB0004003D8E7FAF7C4FA237843F08003D2E7BB
:10CAC000237823F00C0343F00C03CCE7637823F0C6
:10CAD000030343F00303CBE7237823F00103C2E70A
:10CAE000637823F00803C3E7237823F00203BAE74F
:10CAF000237823F00403B6E7237823F00803B2E792
:10CB0000637823F00103B3E7637823F00203AFE710
:10CB1000237823F01003A6E7237823F02003A2E76D
:10CB2000237823F040039EE7FAF78AFA237823F06C
:10CB3000800398E7237823F00C0394E7637823F0CD
:10CB4000030395E72378C3F3800282F00102D2B297
:10CB500062F3820362F3C30385E76378DA4302F08A
:10CB6000010262F3000362F3410381E72378C3F318
:10CB7000801282F0010262F3861374E7FAF760FA1A
:10CB80002378C3F3C01282F0010262F3C7136AE78D
:10CB90000120FAF77CFF2088FAF767FFFAF750FACE
:10CBA000002038BD0020F4E72378C3F3001282F0A0
:10CBB000010262F3041356E72378C3F3000282F004
:10CBC000010262F300034EE76378C3F3C00282F010
:10CBD000010262F3C3034BE70120E2E7D4490020DE
:10CBE00000EB4003C3EB031300EB830083B200B2FE
:10CBF000002807DA803800B2002800DAFF3040F35E
:10CC00000720704703F18000F9E70000164B1B78FE
:10CC1000D90707D5154B187840007F281FD800B3D7
:10CC2000C0B270479A0703D5104B18788000F4E71C
:10CC30005B0703D50D4B1878C000EEE70C4B1B7853
:10CC40005BB10C4A0949127808789342F4D25843F0
:10CC5000C000B0FBF2F080B2DFE70820E0E77F2001
:10CC600070470120704700BF003800203D0F0020B2
:10CC7000FF3700203C0F0020144B1B78D90705D547
:10CC8000134B18788008F0B1C0B270479A0703D5EB
:10CC90000F4B18784008F6E75B0705D50C4B187862
:10CCA0007F28F0D97F2070470A4B1B784BB10A4A86
:10CCB00007491278087893423CBF5843B0FBF2F022
:10CCC000EEE70120E0E70120704700BF00380020B8
:10CCD000390F0020FE370020380F002008B5A0F1E2
:10CCE000CD03122B10D8DFE803F00A1013192E2EF3
:10CCF0002E2E2E2E2E2E1C21252B363C4100FFF7EA
:10CD000085FF40421C4BD87008BDFFF77FFFF9E755
:10CD1000FFF77CFF4042184B9870F5E7FFF776FF6E
:10CD2000F9E7FFF7A9FF144B1871EDE7FFF7A4FF30
:10CD30004042F8E7FFF7A0FF40420F4B5871E3E78E
:10CD4000FFF79AFFF9E701230B4AD1385178834066
:10CD50000B435370D8E7094A137843F0010313706B
:10CD6000D2E7064A137843F00203F8E7034A137840
:10CD700043F00403F3E700BF01380020003800202F
:10CD800030B5414BCD2893F9035093F9024093F904
:10CD9000041093F9052012D1002D01DA0022DA7077
:10CDA000D9789A780A4351B20AB9384A11701A7977
:10CDB0005B7913435AB20BB9354B1A7030BDCE288C
:10CDC00002D1002DEADCEBE7CF2804D1002CE7DA12
:10CDD00000229A70E4E7D02802D1002CF8DCDFE7CB
:10CDE000D92804D10029DBDD00221A71D8E7DA281E
:10CDF00002D10029D4DAF7E7DB2804D1002ACFDA00
:10CE000000225A71CCE7DC2802D1002AF8DCC7E7FF
:10CE1000D1380E28C4D801A252F820F059CE00080B
:10CE200059CE000859CE000859CE000859CE000846
:10CE300059CE000859CE000859CE0008A1CD0008EF
:10CE4000A1CD0008A1CD0008A1CD000867CE000843
:10CE500073CE00087DCE000801215A78814022EA75
:10CE600001025A709CE70B490A7822F001020A700D
:10CE700096E708490A7822F00202F8E705490A789D
:10CE800022F00402F3E700BF01380020FF37002042
:10CE9000FE370020003800202A4B10B51B782A4CA2
:10CEA00013F0080F39D02948FCF73CFA617828487C
:10CEB000FCF738FA2748FCF735FA94F902102648AF
:10CEC000FCF730FA2548FCF72DFA94F903102248B4
:10CED000FCF728FA2148FCF725FA94F904101E48BB
:10CEE000FCF720FA1D48FCF71DFA94F905101A48C2
:10CEF000FCF718FA1A48FCF715FA1A4B1A48197871
:10CF0000FCF710FA1948FCF70DFA194B1648197876
:10CF1000FCF708FA1748FCF705FA00F077FDA3784C
:10CF2000E278134318BF144B627918BF1880237935
:10CF3000BDE8104013431CBF104B1880024800F09E
:10CF40004BBB00BF44210020013800203D1C0108DC
:10CF5000CB160108601C0108621C0108FF140108BF
:10CF6000651C0108FF370020681C01081D1401081A
:10CF7000003800206B1C0108FC370020FA37002025
:10CF8000062208B500210548F3F78CFB0023044A6C
:10CF90001370044A1370044A137008BD013800204E
:10CFA000FF370020FE3700200038002090F90230C3
:10CFB0005BB990F9033043B990F904302BB990F97B
:10CFC0000500003818BF012070470120704700009D
:10CFD00037B5584C062221466846F3F731FC00234A
:10CFE0009DF80320A370E370237163719DF80230F4
:10CFF00013430AD0504B188800F00DFD4F490B78B1
:10D000003BB34F4A127890422CDC9DF804309DF8D7
:10D01000052013430BD04B4B188800F0FCFC4A4909
:10D020000B78002B4DD0494A1278904252DC694669
:10D03000404800F013FC18B93E48FFF7B7FF08B1AD
:10D04000FFF72AFF062269463A48F3F7F9FB03B0D7
:10D0500030BD0A253E4A12786A439042D5DD01333D
:10D060000B7001E0FF2BFAD19DF902503DB1FFF7A3
:10D07000CDFD002DD4BFFF2301235843A0709DF99F
:10D0800003503DB1FFF7C2FD002DD4BFFF230123A4
:10D090005843E07094F902000028B6D094F90320B8
:10D0A000002AB2D0FFF79CFD002808BF0120A07025
:10D0B0001046FFF795FD08B1E070A6E70123E37085
:10D0C000A3E70A25234A12786A439042AFDD013371
:10D0D0000B7001E0FF2BFAD19DF904503DB1FFF731
:10D0E000CBFD002DD4BFFF230123584320719DF9B0
:10D0F00005503DB1FFF7C0FD002DD4BFFF23012334
:10D100005843607194F90400002890D094F90520E8
:10D11000002A8CD0FFF764FD002808BF0120207191
:10D120001046FFF75DFD08B1607180E70123637170
:10D130007DE700BF01380020FC370020FF370020CA
:10D140003E0F0020FA370020FE3700203A0F002063
:10D150003F0F00203B0F00204B4B4C4A2DE9F04184
:10D1600013F80080C308D55C494A00F00700D65C7C
:10D17000484A0541D75C0641074115F001050C46B8
:10D1800006F0010607F0010711D0E120F9F772FC63
:10D19000002C6AD040484FF47A72A4FB00030021AF
:10D1A000002300F2E730F3F721F801F04EFF8EB1D3
:10D1B000E620F9F75FFC002C59D037484FF47A721B
:10D1C000A4FB00030021002300F2E730F3F70EF880
:10D1D00001F03BFF21464046F9F7CEFC002C48D039
:10D1E0002D484FF47A72A4FB00030021002300F2C3
:10D1F000E730F2F7FBFF01F028FF86B1E620F9F7F0
:10D2000081FCC4B324484FF47A72A4FB00030021CC
:10D21000002300F2E730F2F7E9FF01F016FF85B1D5
:10D22000E120F9F76FFC44B31B484FF47A72A4FB7A
:10D2300000030021002300F2E730F2F7D7FF01F0EE
:10D2400004FFF7B12C20F9F7B5FCC4B1124B4FF431
:10D250007A72A4FB03030021002300F2E730F2F707
:10D26000C5FFBDE8F04101F0F0BE01209DE70120BF
:10D27000AEE70120BFE70120CFE70120DFE7012073
:10D28000EFE7BDE8F08100BFA023010840240108BA
:10D290003024010820240108A0860100F8B50446C6
:10D2A0002B480D46A1FB00034FF47A7200230021A6
:10D2B00000F2E730F2F79AFF07462078002846D0C0
:10D2C000012840D16378013B032B03D8DFE803F04A
:10D2D000090F14190134A5B3384601F0B6FE013424
:10D2E000EBE7A078A61CF9F765FC3446F3E7A078D5
:10D2F000A61CF9F7BFFBF8E7A078A61CF9F702FC1B
:10D30000F3E700260A2014F8023F124AD15C11F01C
:10D3100004010ED19EB140F2E730DFF834C04FF483
:10D320007A720023C6FB0C01F2F760FF01F08DFE5C
:10D33000D1E7303B00FB063614F8013FE6E7012059
:10D34000F4E70120C9E72946FFF706FFC7E7F8BD64
:10D35000A0860100C11201080021FFF79FBF000055
:10D36000F8B5144642791D469DF81870294B92B1C4
:10D370001C7000F04BFB284B188004F12003DBB23B
:10D38000072B45D8012004F00704A040C0B2BDE837
:10D39000F840F9F717BC1E78A6422FD11E4B18880B
:10D3A00000F039FBB0F5967F28D2AE4205F120049B
:10D3B00015D006F12003DBB2072B06D8012006F0BA
:10D3C0000706B040C0B2F9F706FCE3B2072B06D857
:10D3D000012005F007039840C0B2F9F7F3FB384687
:10D3E000E4B2F9F7E7FB072C12D8012005F0070596
:10D3F000A840C0B2BDE8F840F9F7EDBB04F1200346
:10D40000DBB2072B04D8012004F00704A040F0E7AA
:10D41000F8BD00BF0A380020083800200346A3F5F5
:10D42000F843183B07B50846062B3BD8DFE803F066
:10D43000171E0410252C330026230093E12347F602
:10D440001A411A46FFF78CFF002003B05DF804FB79
:10D4500027230093E52347F61B411A46F2E72623CC
:10D46000E022009347F61841E123EBE72723E4226B
:10D47000009347F61941E523E4E72623E2220093CF
:10D4800047F61C41E123DDE72723E622009347F618
:10D490001D41E523D6E72823E522009347F61E41E8
:10D4A0000123CFE74B7913B10022024B1A70012000
:10D4B000CBE700BF0A380020014B1860704700BF5F
:10D4C00010380020014B1868704700BF103800204A
:10D4D000014B1870704700BF0B38002010B5FBF7E8
:10D4E00081F810B9054B187810BD054B1868002855
:10D4F000FAD0BDE810400368184700BF0B38002081
:10D500001038002008B5FFF7E9FF08BDF8B5134B48
:10D5100004461B6803B3124E5B689847337858077C
:10D520001AD5D90703D521780E48FBF7FBFE0E4F1D
:10D53000A51C08343378DA0703D538462978FBF779
:10D54000F1FE0135A542F5D13378DB0704D5BDE8FE
:10D55000F8400648FBF7E6BEF8BD00BF10380020D3
:10D56000442100206E1C0108871C01084616010892
:10D57000F8B5144B04461B6813B30622124E027012
:10D580009B689847337858071AD5D90703D561782F
:10D590000E48FBF7C7FE0E4FA51C20343378DA0780
:10D5A00003D538462978FBF7BDFE0135A542F5D1F4
:10D5B0003378DB0704D5BDE8F8400648FBF7B2BE78
:10D5C000F8BD00BF10380020442100208D1C010848
:10D5D000871C010846160108034A12681AB1022185
:10D5E0000170D36818477047103800200B4B07B5FF
:10D5F0001A8882420ED01880094B1B6853B103224F
:10D600008DF80500000A8DF806001B698DF80420CE
:10D6100001A8984703B05DF804FB00BF0E38002056
:10D62000103800200B4B07B51A8882420FD01880A3
:10D63000094B1B685BB104228DF80500000A8DF8C8
:10D6400006001B698DF804200DEB0200984703B01B
:10D650005DF804FB0C3800201038002010B50F4B8B
:10D660000F4A1B6812780233B2B10E4A92F90020B9
:10D67000002A11DA1E240C4B1B68023319460020C5
:10D6800011F8012B0AB10130C0B2621A1A4402F03B
:10D69000FF02002AF4D110BD0624EFE7280E002077
:10D6A000540F0020D4490020240E002030B3144B26
:10D6B0001B78B3B1134B93F90030002B11DAEF282C
:10D6C0004FEAD00217D8104B00F007001B68134434
:10D6D0009A78012303FA00F0024214BF1846002092
:10D6E00070470A4B1B685A1C073312F8011F81420E
:10D6F00003D09A42F9D1002070470120704700BF43
:10D70000540F0020D4490020240E0020280E0020B1
:10D7100000224FF0FF3330B5441C14F8015F8D42F6
:10D720000BD0B3F1FF3F01D105B953B20132062A44
:10D73000F3D15A1C01D01844817030BD002210B5BD
:10D74000431C073013F8014F8C4208BF1A70834204
:10D75000F8D110BDEF294FEAD10209D810440122B7
:10D7600001F0070302FA03F38278134383707047D2
:10D77000034B1B78DB0702D50248FBF7D3BD70478C
:10D7800044210020A21C0108EF294FEAD10209D848
:10D790001044012201F007039A40837823EA020330
:10D7A00083707047034B1B78DB0702D50248FBF7F9
:10D7B000B9BD704744210020C01C0108084B014638
:10D7C0001B7843B1074B93F90030002B03DA064B6B
:10D7D0001868FFF7BFBF054B1868FFF799BF00BF78
:10D7E000540F0020D4490020240E0020280E0020D1
:10D7F000084B01461B7843B1074B93F90030002BCF
:10D8000003DA064B1868FFF7BFBF054B1868FFF730
:10D8100095BF00BF540F0020D4490020240E0020E3
:10D82000280E0020094B1B785BB1094B93F900309F
:10D83000002B06DA1E22074B186800210230F2F78F
:10D8400031BF054B06221868F7E700BF540F0020D0
:10D85000D4490020240E0020280E002042784B7866
:10D860009A421DD190F902301BB191F902209A42DF
:10D8700016D190F903301BB191F903209A420FD1D0
:10D8800090F905301BB191F905209A4208D190F921
:10D89000040030B191F90430181A18BF0120704704
:10D8A00001207047704708B5FFF7FCFF08BD000076
:10D8B00008B50130024BC0B21870FFF7F4FF08BD85
:10D8C00014380020032008B5024B1870FFF7EBFF57
:10D8D00008BD00BF14380020FFF7EABF012008B5DB
:10D8E000024B1870FFF7DFFF08BD00BF143800209F
:10D8F000FFF7F4BF704770477047704710B5FFF7E8
:10D90000F9FF0024FAF7E6FDFFF7F5FFE0B2FAF7BA
:10D9100069FC18B901340C2CF8D110BD0120FCE7CA
:10D9200008B501F003FDBDE8084001F09FB908B556
:10D93000F8F7CEFFBDE8084040F2A46001F085BBD7
:10D9400008B5F9F73BFFF9F74FFFFFF76BFFFFF75C
:10D9500017FB0020FFF74AFE0020FFF763FEBDE83B
:10D960000840F8F7C1BF0000302383F31188064B4D
:10D97000DA69064B1A600023054A1360054A1360F2
:10D9800083F31188704700BF304B002020380020FF
:10D990001C38002018380020FFF7E6BF302370B590
:10D9A00083F31188124B13481349DC6903680A6832
:10D9B000E41AA242114A0AD9A3F58333E03B03607B
:10D9C00010680F4B04F583340344E03413600C609B
:10D9D0001668002181F311884FF47A7509480023F5
:10D9E000E4FB0501084AF2F701FC304470BD00BFBA
:10D9F000304B0020203800201C3800201838002030
:10DA000088598F029F860100A086010008B5FFF7A4
:10DA1000C5FF80B208BD10B50446FFF7BFFF001B6D
:10DA200080B210BD10B50446FFF7B8FF001B10BD53
:10DA3000BFF34F8F0549064BCA6802F4E0621343F7
:10DA4000CB60BFF34F8F00BFFDE700BF00ED00E0EC
:10DA50000400FA0508B5024A024B1A60FFF7E8FF16
:10DA6000EFBEADDEFC6F00200A4A08B552F8041C78
:10DA7000094B99420CD1002342F8043C83F31488EB
:10DA8000064B1A6882F3088862B65B689847FEE71F
:10DA900008BD00BF00700020EFBEADDE00E0FF1F3C
:10DAA00008B5FFF7C5FF000083B5284D284E0023B9
:10DAB00001210DF107008DF8073000F027F998B12A
:10DAC0009DF807300F2B0FD802F08AFA9DF8074017
:10DAD000012184F010030DF107008DF8073000F0EC
:10DAE000F1F820B902F082FA00F0C2F8DEE70C2368
:10DAF0006343E95CEA1861B90C236343E81887685B
:10DB00007FB90C2303FB0454217999B902F06EFA12
:10DB1000CDE753883068184400F0E6F80028EBD1D0
:10DB2000E0E7EA5C3168C38840880B440144104652
:10DB3000B847E6E7E3883068184400F0C3F80446C5
:10DB400002F054FA002CB2D1CEE700BF700E0020D4
:10DB50006022010807B500F0F1F80023FF220093CE
:10DB60004FF49A61034B044801F03CFA03B05DF8AE
:10DB700004FB00BFA9DA00082838002000F0EEB846
:10DB800073B5044600F074F8E0B20F288DF8060073
:10DB90000AD92F4B1B78DC0702D52E48FBF7C2FBB6
:10DBA0000024204602B070BD02F01AFA01210DF1E6
:10DBB00006009DF8066000F085F850B9244B1B78EC
:10DBC000D80702D52448FBF7ADFB002402F00EFA7B
:10DBD000E7E7FF2301210DF107008DF8073000F082
:10DBE00083F8044638B19DF806309DF8072083F08D
:10DBF00010039A4205D0164B1B78D907E5D5174874
:10DC0000E1E70C237343164DE95CEA1861B15388D0
:10DC1000144A1068184400F055F828B90C4B1B78CA
:10DC2000DA07D2D51048CEE70C2303FB0655297935
:10DC30000029CBD00B4AEB881068184400F054F848
:10DC40000028C3D1024B1B78DB07BED50748BAE7D3
:10DC500044210020DE1C0108FD1C01081E1D0108D6
:10DC6000700E002060220108411D01085F1D01089F
:10DC700073B5302484F31188114E002533685B6935
:10DC8000003B18BF01238DF8073085F311889DF8FC
:10DC900007300BB902B070BD84F3118830680C30C6
:10DCA00001F0B9FC85F311889DF8073084F31188E1
:10DCB00033685B69003B18BF01238DF80730E4E748
:10DCC000400F002070B50646064B0C4618680A4601
:10DCD00003683146DD694FF4FA63A847031B5842D5
:10DCE000584170BD400F002070B50646064B0C46EB
:10DCF00018680A46036831461D6A4FF4FA63A8475C
:10DD0000031B5842584170BD400F002038B5064BE8
:10DD10000C461B681A6895680A4601461846A847CB
:10DD2000031B5842584138BD400F002008B5F6F794
:10DD300035FD08BD08B5F6F731FD08BD10B5054C39
:10DD40002046FFF7F7FF20680349BDE8104001F0C7
:10DD5000A5BD00BF400F0020440F002010B5054CAA
:10DD60002046FFF7E3FF20680349BDE8104001F0BB
:10DD700095BD00BF400F0020440F0020184B10B588
:10DD80001C785CBB012208211A701648224602F05A
:10DD9000B3FB22462021134802F0AEFB224610219D
:10DDA000104802F0A9FB4FF47A7001F04EF941F6E9
:10DDB000822208210B4802F09FFB40F282222021A0
:10DDC000084802F099FB40F282221021054802F037
:10DDD00093FB054801F0B0FD044B1C7010BD00BF63
:10DDE000F83C002000040040D04E0020103D0020F0
:10DDF000F8B505461A481C46174601F005FE194BB2
:10DE0000187850BB6A1C20D0FCB1174EA400348295
:10DE1000032F05D8DFE807F0021A1D1F0022F26069
:10DE2000012405F00F01224625F00F00B16004FA2D
:10DE300001F11C70706002F05FFB0B49084801F0B3
:10DE40006DFD074801F086FD2046F8BD4FF48002C5
:10DE5000E5E78022E3E7054AE1E70020F5E700BFB8
:10DE6000D04E0020103D0020FC3C002080004000EF
:10DE70001FB501218DF807000DF10F0304480DF1C6
:10DE8000070201F08EFD9DF80F0005B05DF804FB60
:10DE9000D04E0020002307B5012106480DF10702EE
:10DEA0008DF8073001F09FFD9DF8070003B05DF885
:10DEB00004FB00BFD04E002008B50246024801F026
:10DEC00081FD002008BD00BFD04E002008B50246ED
:10DED000024801F088FD002008BD00BFD04E0020A0
:10DEE00010B5084C23783BB1074801F041FD0648C6
:10DEF00001F022FD002323700348BDE8104001F02B
:10DF000086BD00BF103D0020D04E00200E4B10B546
:10DF10001A78BAB901220D4C1A70206040F2823290
:10DF20004FF480610A4802F0E7FA4FF400610848B4
:10DF300040F2823202F0E0FA2146BDE81040054886
:10DF400001F0ACBC10BD00BF113D00204C0F002003
:10DF500000080040184C00204FF0FF3108B502487F
:10DF600001F07DFBC0B208BD244C00200A464FF0F2
:10DF7000FF330146014801F017BC00BF484C0020A8
:10DF800008B5034801F0AFFC80F00100C0B208BD45
:10DF9000184C002070B590F84420044602F07F032E
:10DFA000212B4BD112F0800F90F845301BD0022B63
:10DFB00015D0032B05D0012B15D1BDE8704000F022
:10DFC00097BC90F8483090F8491053EA012335D1B6
:10DFD000304A82630122E2632364012070BDBDE800
:10DFE000704000F0B1BD0A2B1FD00B2B0ED0092BB7
:10DFF00024D194F8483094F8491043EA0123012BC6
:10E000001CD8254B0222A363244BE4E794F8492053
:10E0100094F8483053EA022302BF94F846201D4B7F
:10E020001A700022A2630023D5E794F847201C4B06
:10E0300020461A70BDE8704000F0AEBD02F09F02AD
:10E04000812A16D194F84530062B12D194F8492034
:10E05000616894F848304D6843EA0223204694F8FA
:10E06000472094F84610A84760B143680268A3634C
:10E07000D9E703250B4ED6F89C302BB9013D06F1AC
:10E08000A806F8D10020A9E7204698470028F5D037
:10E09000A3E700BF540F00201C3D0020EDE0000866
:10E0A000203D00206C0F0020F8B50F4C00222346C5
:10E0B00043F8042F90F84B7090F8496090F8465060
:10E0C00090F84A2090F8481090F8470042EA07225A
:10E0D00041EA062145EA002000F0D4F9206060689A
:10E0E000002818BF2046F8BD143D002090F84A20B3
:10E0F00090F84B00084942EA0022022A0B7807D127
:10E10000012B01D0062B05D14A78044B1A707047B9
:10E11000024A1370704700BF1C3D00201F3D0020C5
:10E1200010B5064A064C117824784B1C03F00F03F7
:10E130009C421EBF034C1370605410BD214B002045
:10E14000224B0020114B0020084608B505292FD886
:10E15000DFE801F01D2E031D1D2F302383F31188EE
:10E160001C4800F069FA1C4800F066FA1B4800F0F1
:10E1700063FA002383F31188194B1B7813B1052030
:10E18000FFF7CEFF0220BDE80840FFF7C9BFFFF749
:10E19000C7FF302383F311880E4800F036FA0E488B
:10E1A00000F033FA0D4800F030FA002383F31188B1
:10E1B00008BD302383F31188064800F03AFA064878
:10E1C00000F037FA054800F034FA002383F3118891
:10E1D0000520D8E76C0F002014100020BC10002090
:10E1E0001E3D0020102208B500210448F2F75AFA1B
:10E1F0000023034A1370034A137008BD114B00201B
:10E20000214B0020224B0020F8B5284D284C00223D
:10E210002E782378B3422FD102B12370F8BD23703A
:10E22000244B1870244B93F84F10081E18BF012080
:10E23000FFF748FBEBE7002223701E4B1A70FFF735
:10E240007FFB1D4B93F84F10081E18BF0120FFF7EE
:10E2500043FBDCE72370184B93F84F10081E18BFE0
:10E260000120FFF725FBD2E7002123700846F8E7DD
:10E270002370FFF733FBCAE7194601220F48013329
:10E28000415C03F00F0310460529C3D801A757F8D6
:10E2900021F000BF71E2000815E2000855E2000815
:10E2A00069E200081FE2000837E20008214B002065
:10E2B000224B00201E3D0020384F0020114B002033
:10E2C00070B50546144C204600F050F904F1A8063C
:10E2D000204600F067F9304600F048F904F5A874CC
:10E2E000304600F05FF9204600F040F9204600F08B
:10E2F00059F9284601F0CAFF284601F0ACFB41F26B
:10E30000883000F0A2FE2846044901F091FB28461F
:10E31000BDE8704001F098BF6C0F00205024010848
:10E32000F8B50446184D01F0B1FF204601F093FB0B
:10E3300005F1A807284600F045F905F5A876384606
:10E3400000F040F9304600F03DF941F2883000F02D
:10E350007CFE284600F00AF9284600F023F93846EA
:10E3600000F004F9384600F01DF9304600F0FEF8E0
:10E37000304600F017F92046044901F059FB2046C9
:10E38000BDE8F84001F060BF6C0F00205024010888
:10E39000014B1878704700BF1F3D002037B50023A0
:10E3A000A825054C009305FB004042F2107300F0D5
:10E3B000BFF903B030BD00BF6C0F0020014608223A
:10E3C0000120FFF7EBBF014620220020FFF7E6BF48
:10E3D000014606220020FFF7E1BF0146032200208C
:10E3E000FFF7DCBF1FB501228DF80F0042F210735A
:10E3F00000920DF10F01034800F09AF940B205B008
:10E400005DF804FBBC1000200121014800F0DEB9DA
:10E41000BC100020FFF728BB7047704708B5FFF716
:10E42000F9FF01F085FDFFF7F7FF08BD08B501F022
:10E430009BFDFFF7F2FF08BDFFF75ABA08B5FFF7DB
:10E44000D1FE0748FFF73CFF064B074A41F28830F0
:10E450001A6000F0FAFDBDE808400448FAF762BF10
:10E46000384F0020243D0020580F00207F1D010858
:10E47000014B1868FFF720B8243D0020FFF7C4BE09
:10E4800000F0E8BA020A032A0FD007D8012A23D0E5
:10E49000022A07D15420124A1A607047212A0DD04F
:10E4A000222A12D000200246F6E7C0B20228F9D88C
:10E4B0000C4A0D4952F82020405CEDE70229F1D8C2
:10E4C0000A4A092052F82120E6E70229EAD8084A38
:10E4D000084852F82120EFE71220074ADCE700BF86
:10E4E000C8240108802401087C2401087024010844
:10E4F00064240108602401081C25010813B5446B3D
:10E50000D4F888201378042B13D1012394F88C10AD
:10E5100012898B4013420CD1204601A900F056FF0E
:10E52000024630B1019B94F88C10D4F8880001F0B9
:10E530000BFB02B010BD10B5026F04461378042B1C
:10E5400013D1012390F8741052898B4013420CD1DF
:10E5500000F0FFFE024640B1E36994F87410206FAA
:10E56000043BBDE8104001F0DDBA10BD1FB500F15D
:10E570005C03C36490F8843013B100F17003036549
:10E58000074B01210193D0F89030D0F898200093E8
:10E590000290D0F8943000F0F6FE05B05DF804FB70
:10E5A000FDE40008302383F31188D0F8883090F818
:10E5B0008C2003EB82039861002380F8A03083F362
:10E5C0001188704710B53023044683F3118890F802
:10E5D0008C20D0F88830053203EB820300225A6089
:10E5E00001236FF00101037200F06FFD204600F07F
:10E5F000E1FED4F8A43013B1DA681868904700F04F
:10E6000067FC002383F3118810BD012310B5044675
:10E6100003726FF0010100F058FD204600F0CAFEC1
:10E62000D4F8A43023B1BDE81040DA681868104768
:10E6300010BD00230372704710B5044690F88C108B
:10E6400000F13802D0F8880001F02EFA204600F0E0
:10E65000B1FE0023237210BD00EB8103F7B59C6966
:10E6600005460E4684B3302383F3118800232269C4
:10E6700084F8A03063699A4201D1E368B3B905EB2D
:10E680008603DB685B691B6883B1D4F8A43053B19F
:10E6900001A9204600F09AFED4F8A43001469F68F4
:10E6A000019A1868B847204600F09EFE204601A94E
:10E6B00000F08CFE024648B1019B3146284601F02D
:10E6C00043FA002383F3118803B0F0BD05EB860302
:10E6D000DB681A68022AF4D15A691268002AF0D05D
:10E6E0001B8A013B1340ECD105F14402E5E701F13F
:10E6F000090210B550F82240CCB1302282F31188C3
:10E7000000EB8103DB689B695B6853B1236F94F86E
:10E710007420204603EB8203DB689B69596800F094
:10E7200022FE2046FFF707FF002383F3118810BD68
:10E730002DE9F8431D4604460F46164630239DF842
:10E74000208083F31188D0F8883000201B78042BB8
:10E7500003D080F31188BDE8F88394F8A03023B18A
:10E7600001354FF0FF3518BF002580F311882B4687
:10E7700032463946204600F092FE86421DD93023AB
:10E7800083F3118894F8A0304FF00009002808BFE7
:10E7900043F0010384F8A03001236FF001012372DC
:10E7A000204600F092FC204600F004FE84F8089019
:10E7B00000F08EFB89F31188D9E7B8F1000F01D082
:10E7C0000120C8E7204600F0ADFEF9E738B5044661
:10E7D00021B92046BDE8384000F0A4BE836A002B72
:10E7E000F7D0C56AED1A002DF3DD00222046114650
:10E7F00000F035FE013DF6E7302383F3118802690E
:10E8000043699A4210D1C36883B10123D0F88820AC
:10E8100090F88C1012898B4013420CBF012000200D
:10E82000002383F3118870470020F9E71846F7E7C3
:10E83000006810B440B1054C8264E469083040F8C7
:10E84000044C10BCF1F7FCBF10BC7047304B0020EB
:10E850000168134631B18A6C03F108009A640831EB
:10E86000F1F7EEBF704710B50446006840B1826C06
:10E8700000210830F1F716FF002223681A605A6061
:10E8800010BD000010B40C78082C0BD850F82400F0
:10E8900040B1054C8264E469083040F8044C10BC77
:10E8A000F1F7CEBF10BC7047304B0020082913464B
:10E8B00009D850F8211031B18A6C03F108009A642C
:10E8C0000831F1F7BDBF704770B50026051F00F194
:10E8D000200455F8040F38B1826C00210830F1F79C
:10E8E000E1FE2B681E605E60A542F2D170BD0000A3
:10E8F00038B590F848300446022B1CD890F84610E2
:10E90000082918D80D4AD25C022A14D8A8200C4B2A
:10E9100000FB0233D3F8A40060B10A4D43682A46D5
:10E920000068984705F10803A363AB6C0120E3631B
:10E930000023236438BD0020FCE700BFAC13002097
:10E940006C0F0020C83E0020036843B1910019609D
:10E9500003490B78002A18BF43F001030B7070477E
:10E96000143F0020006810B10068C0F387007047B2
:10E97000036870B50BB9002070BD302383F3118894
:10E98000036800211C685B6881F31188002CF2D0B9
:10E990004FF47A76074A0848D569084AED1AE5FB2C
:10E9A00006010023F1F722FC84428CBF00200120E5
:10E9B000E2E700BF304B00209F860100A0860100E7
:10E9C0004B1E072B0BD850F8213043B19100196032
:10E9D00003490B78002A18BF43F001030B707047FE
:10E9E000143F0020082906D850F8210020B1006803
:10E9F000C0F387007047002070470000082970B5F9
:10EA000001D9002070BD50F82130002BF9D03023FF
:10EA100083F3118850F8213000211C685B6881F372
:10EA20001188002CEDD04FF47A76074A0748D56953
:10EA3000074AED1AE5FB06010023F1F7D7FB8442F4
:10EA40008CBF00200120DDE7304B00209F860100B5
:10EA5000A08601002DE9F84F384B1B78002B40D0E1
:10EA600000254FF030082E46A946354FD7F8A44070
:10EA7000002C2FD0002D36D14FF0010A88F31188D9
:10EA80005FFA8AFB5946636920689847002818BFD7
:10EA900046F0010689F311882948FFF7ADFEA0B1C1
:10EAA0005946A3692068984778B188F31188254AA8
:10EAB000594663682068984789F31188214B0020E4
:10EAC0009A6C03F10801FFF769FC0AF1010ABAF137
:10EAD000090FD3D10135032D07F1A807C6D1174B74
:10EAE0001E70BDE8F88F88F31188002163692068E3
:10EAF0009847834689F311883846FFF77DFE20B199
:10EB00000021A3692068984728B9BBF1000F18BFFE
:10EB100046F00106DEE788F31188DFF828A000211F
:10EB2000524663682068984789F31188DAF84820CC
:10EB30000AF10801E8B2FFF731FCE6E7143F0020D4
:10EB40006C0F00207C3E002010B590F84830044641
:10EB5000022B19D890F84610082915D80B4AD25C18
:10EB6000022A11D8A8200A4B00FB0233D3F8A400D4
:10EB700048B1436900689847064B1870A3630120A9
:10EB80000023E063236410BD0020FCE7AC130020E9
:10EB90006C0F0020783E002010B590F848300446F5
:10EBA000022B19D890F84610082915D80B4AD25CC8
:10EBB000022A11D8A8200A4B00FB0233D3F8A40084
:10EBC00048B1036994F84720006898470023012062
:10EBD000A363E363236410BD0020FCE7AC130020B3
:10EBE0006C0F002010B5044C204601F04FFB20466E
:10EBF000BDE8104000F02FBF384F0020024B1878BE
:10EC0000031F584258417047384F002070477047E3
:10EC1000FEE7000070B50825134C606823680146C4
:10EC2000A268043B8A4219D8D31C1B1AC11E23F0C8
:10EC30000303914288BF00231844E368C11EDA1C15
:10EC4000121A22F00302994288BF00220021F1F734
:10EC500029FD013D04F11004DFD170BD53F8046FAC
:10EC600041F8046BDEE700BF4026010838B50123F8
:10EC70000025074C2370656000F02CFB0549064811
:10EC800000F034F90223237085F3118838BD00BFEA
:10EC9000284B0020C0260108304B002072B603220A
:10ECA000024BD865024B1A70FEE700BF304B0020C4
:10ECB000284B002000F03CB8034A516853685B1AA7
:10ECC0009842FBD8704700BF001000E010B50A4C16
:10ECD00023699A6891420CD85A6881600360426047
:10ECE00010609A685860521A9A604FF0FF33A3611F
:10ECF00010BD1B68891AECE7304B0020036100232C
:10ED000010B410BCC2604361FFF7E0BF03688168C4
:10ED10009A680A449A60426813605A6000234FF070
:10ED2000FF320360014B9A61704700BF304B0020F7
:10ED300070B5124D2A46EB690133EB6152F8103F72
:10ED4000934206D030269A68013A9A602C69A368EB
:10ED500003B170BD226861680A605160236083F36B
:10ED600011882046E3682169984786F31188616914
:10ED70000029EBD02046FFF7A9FFE7E7304B002042
:10ED800000238268037503691B6899689142FBD26E
:10ED90005A680360426010605860704700238268C0
:10EDA000037503691B6899689142FBD85A68036030
:10EDB000426010605860704708B50846302383F3FE
:10EDC00011880A7D0023052A06D8DFE802F00B052A
:10EDD0000503120E826913604FF0FF338361FFF762
:10EDE000CFFF002383F3118808BD82699368013344
:10EDF00093604268036813605A60EDE7FFF7C0BF95
:10EE0000054BD96808751868026853601A600122BA
:10EE10000275D860F1F7D4B9304B002030B50C4BF7
:10EE20000446DD684B1C87B00FD02B466846094A64
:10EE3000FFF764FF2046FFF7E3FF009B13B168462E
:10EE4000FFF764FFA86907B030BDFFF7D9FFF9E706
:10EE5000304B0020B9ED000838B50C4D8161EB68EE
:10EE600081689A680446914203D8BDE83840FFF7AC
:10EE700087BF1846FFF792FF012323750146EC6018
:10EE80002046BDE83840F1F79BB900BF304B002069
:10EE9000044B1A68DB6890689B68984294BF002016
:10EEA00001207047304B0020084B10B51C68D86813
:10EEB000226853601A6001222275DC60FFF76EFF42
:10EEC00001462046BDE81040F1F77AB9304B0020EA
:10EED000044B1A68DB6892689B689A4201D9FFF775
:10EEE000E3BF7047304B002030BFFDE770B5002511
:10EEF00004461A4B86B0856201630E46586000F0E6
:10EF0000A3F904F11003236163614FF0FF33A361A0
:10EF1000134BE561D9692B460A462046C4E908230C
:10EF200004F1340180230F4A24606460A560E56227
:10EF3000E56500F01DF801230B4AE06003750092BF
:10EF4000726868460192B268CDE90223074BCDE9A9
:10EF5000043500F03FF806B070BD00BF284B00201C
:10EF6000304B0020931D0108981D0108E9EE0008B0
:10EF700002228B604B62002308618A8208460B6282
:10EF8000CB6170478368C168A3F14C0243F81C2C25
:10EF9000026943F84C2C42690C4843F8482C0C4A4F
:10EFA00043F8180C43F82C2C022203F8142C0022EE
:10EFB00043F8201C03F8132C43F8041C43F8082CD6
:10EFC00043F80C2CA3F12800704700BF304B002001
:10EFD000D101000808B5FFF7D5FFBDE80840FFF7ED
:10EFE0000DBF000038B5302484F311882839441847
:10EFF00044F8243C049B002544F8203C0A4BA4F12F
:10F00000240144F8043C0223A382084BE16020461B
:10F010002946A260236162622562E561FFF71CFF59
:10F0200085F31188204638BDD1010008304B0020FF
:10F03000024BDB6898610F20FFF7E2BE304B0020E7
:10F04000302383F31188FFF7F3BF08B5014630235F
:10F0500083F311880820FFF7E1FE002383F3118872
:10F0600008BD0000054BDB6821B1036098610320F7
:10F07000FFF7D4BE4FF0FF30704700BF304B002089
:10F080000346006820B100221A608161FFF7B6BE16
:10F0900070470000064BDB6839B1426818605A605F
:10F0A000136043600420FFF7B9BE4FF0FF30704794
:10F0B000304B002003460068834205D002681A6086
:10F0C00053608161FFF79ABE704738B504460D461C
:10F0D0002068844200D138BD036823605C6085618C
:10F0E000FFF78CFEF4E7034610B51B68984203D087
:10F0F0009C688A689442F8D25A680B604A60116032
:10F10000596010BD002300604060836070470000BC
:10F1100038B58168164B0446DD6891B92B6A856065
:10F12000C360286238BD8B600B7D7BB1062B14D188
:10F130000B684A68886913605A60FFF7D4FF8B69CF
:10F140009968AB688A689A42EDD306E04A680B6812
:10F15000084613605A60FFF751FE20462946FFF724
:10F16000C2FFAC610620BDE83840FFF749BE00BFD2
:10F17000304B002008B5302383F31188FFF7C8FF18
:10F18000002383F3118808BD154A0346D16810B5E2
:10F19000302282F31188C26800680A6298421BD04C
:10F1A000486A82B98860186802681A605360026A07
:10F1B0009860DA600362FFF721FEFFF789FE002303
:10F1C00083F3118810BD1468A24203D0A468A04242
:10F1D00038BF2046D268E4E700238360EFE700BF32
:10F1E000304B0020C3691943037DC1610A2B03D151
:10F1F0008369194205D170470B2B06D183698B4374
:10F2000003D100238361FFF7F9BD704770B506464F
:10F210000D460468B44200D170BDE3682B43E3603F
:10F2200015B123691D4203D0A1686068FFF7DAFFBA
:10F230002468EFE7EFF30983203383F30988002381
:10F2400083F3118870470000302080F3118862B684
:10F250000C4B0D4AD96821F4E0610904090C0A43FA
:10F26000DA60D3F8FC20094942F08072C3F8FC2030
:10F270000A6842F001020A602022DA7783F822004D
:10F28000704700BF00ED00E00003FA05001000E049
:10F29000302310B583F311880B4B5B6813F40063C4
:10F2A0000FD0EFF309844FF08073203CE36184F3C7
:10F2B0000988FFF7EDFD10B1044BA36110BD044BAD
:10F2C000FBE783F31188F9E700ED00E0E3010008B4
:10F2D000E6010008024B034A1A60034A5A6070476D
:10F2E000904B0020904F002000700020094B30B55B
:10F2F0001C684D1E224449422A440A405968104461
:10F30000884204D8A04202D31860104630BD0022C3
:10F31000FBE700BF904B002008B5302383F3118832
:10F32000FFF7E4FF002383F3118808BD08B500F060
:10F33000D5FE01F0D3F800F08FFA00F0E3FA00F008
:10F3400069FBFFF773F8BDE8084000F000B801F072
:10F350002DB903694269934201D1C2680AB9181DE7
:10F3600070470020704703691960C26800210132AC
:10F37000C260C269134482690361934224BF436A35
:10F380000361FFF797BE10B5029C04330172C3619D
:10F3900003FB042100238362C362039B00600363B9
:10F3A000049B4060C4604261026181610462426208
:10F3B000436310BD026A6FF00101C260426A42619C
:10F3C000026100228262C262FFF77FBE034640698B
:10F3D0001A69824201D1DB681BB950F8043B0B600B
:10F3E000704700231846FAE7C368C2690133C36057
:10F3F00043690021134482694361934224BF436AF5
:10F400004361FFF757BE38B504460D46E3683BB18C
:10F41000236900201A1DA262E2691344E36207E037
:10F42000237A33B929462046FFF734FE0028EDDA67
:10F4300038BD6FF00100FBE703691960C268013A4B
:10F44000C260C269134482690361934224BF436A64
:10F45000036100238362036B03B11847704770B5E3
:10F4600030230D460446114683F31188866A2EB96F
:10F47000FFF7C9FF10B186F3118870BDA36A1D7034
:10F48000A36AE26A01339342A36204D3E16920468E
:10F490000439FFF7D1FF002080F31188EDE72DE953
:10F4A000F84F04460F4691469A464FF0300888F3CD
:10F4B00011880026B346A56A4DB951462046FFF78C
:10F4C000A2FF20B185F311883046BDE8F88FA06A0D
:10F4D000E56AA9EB06032D1A9D4228BF1D46402D63
:10F4E00017D939464022F1F7ABF9A36A40374033C8
:10F4F0004036E26AA3629A4204D8E16920460439A0
:10F50000FFF79AFF8BF311884E45DDD288F31188FF
:10F51000D1E739462A46F1F793F9A36A2F442B44E1
:10F520002E44E6E7302208B582F31188816A29B1BA
:10F5300003690439C91A01D0FFF77EFF002383F362
:10F54000118808BDF8B5154682680B46AA42816944
:10F55000066938BF8568761AB54204460BD22A463A
:10F560001846F1F76DF9A2692A44A36828465B1B87
:10F57000A261A360F8BD0CD918463246F1F760F9D4
:10F58000AF1B3A46E1683044F1F75AF9E368DA19FB
:10F59000EBE72A461846F1F753F9E268E5E72DE96B
:10F5A000F0410446154683682769934238BF856851
:10F5B00040690E463F1ABD420BD22A46F1F740F988
:10F5C00062692A44A36828465B1B6261A360BDE8A8
:10F5D000F0810DD93A46A5EB0708F1F731F942461B
:10F5E000E068F119F1F72CF9E36803EB0802E9E7A9
:10F5F0002A46F1F725F9E268E4E710B50024C36173
:10F60000029BC1608161416111440060406084607F
:10F610000161036210BDC2686FF001018261426145
:10F6200000228260FFF751BD08B5826943699342A9
:10F6300001D1826882B98268013282605A1C4261BB
:10F6400019700369426900219A4224BFC36843616B
:10F65000FFF730FD002008BD4FF0FF30FBE770B52D
:10F66000302304460D4683F31188A668A6B1A3682B
:10F67000A269013BA360531CA361157822699342E0
:10F6800024BFE368A361E3690BB1204698470023D8
:10F6900083F31188284607E029462046FFF7FAFC45
:10F6A0000028E2DA86F3118870BD2DE9F74F054690
:10F6B0000F4614469946D0F81CA04FF0300888F346
:10F6C00011884FF0000B164666B13246394628467F
:10F6D000FFF738FF034660B949462846FFF7DAFCD2
:10F6E0000028F2D0002383F31188A01B03B0BDE8EB
:10F6F000F08FBAF1000F03D001902846D047019B4C
:10F700008BF31188F61A1F4488F31188DCE7C36174
:10F71000009BC16081614161114400604060826072
:10F72000016103627047F8B504460D461646302362
:10F7300083F31188A768A7B1A368013BA36063693D
:10F740005A1C62611D70236962699A4224BFE36892
:10F750006361E3690BB120469847002080F311886C
:10F7600007E031462046FFF795FC0028E2DA87F3F0
:10F770001188F8BD8369426910B59A4201D1826847
:10F780007AB982680021013282605A1C82611C7839
:10F7900003699A4224BFC3688361FFF78BFC20464C
:10F7A00010BD4FF0FF30FBE72DE9F74F05460F4640
:10F7B00014469946D0F81CA04FF0300888F3118801
:10F7C0004FF0000B164666B1324639462846FFF721
:10F7D000E6FE034660B949462846FFF75BFC002871
:10F7E000F2D0002383F31188A01B03B0BDE8F08F93
:10F7F000BAF1000F03D001902846D047019B8BF34C
:10F800001188F61A1F4488F31188DCE70C30FFF7E3
:10F810004CBF4FF0FF330C30FFF747BF3030FFF7DE
:10F82000C3BF4FF0FF333030FFF7BEBF0C30FFF7E0
:10F8300016BF4FF0FF310C30FFF711BF3030FFF72C
:10F8400072BF4FF0FF323030FFF76DBF012914BF98
:10F850006FF013000020704700F056BF37B5154613
:10F8600002460B460C49044642F8041B4260012242
:10F8700000F154010272009080220C30FFF7BDFEAF
:10F880002B468022009404F1D40104F13000FFF7EC
:10F890003EFF03B030BD00BFCC26010810B53023B9
:10F8A000044683F3118800F04FFF022300202372E7
:10F8B00080F3118810BD38B5436904460D461BB965
:10F8C00004210844FFF7A2FC294604F10C00FFF7CD
:10F8D000ABFE002806DA201D4FF40061BDE8384079
:10F8E000FFF794BC38BD302383F3118800234069AF
:10F8F00083F31188B0FA80F0400970474FF0FF3170
:10F90000FFF7B0BB01F012B80123037000230C30E5
:10F9100040F8083C40F8043CFFF7F4BB10B5302336
:10F92000044683F31188416001F016F80223002099
:10F93000237080F3118810BD10B53023044683F383
:10F94000118801F07DF8002301226360227083F3A7
:10F95000118810BD302383F31188436899685A6871
:10F960004FF480338B409361002383F311887047F9
:10F97000302383F31188436899685A6801238B40C8
:10F980009361002383F31188704710B5302484F30A
:10F9900011880324047001F094F8002383F3118884
:10F9A00010BD38B50446302585F31188032504F8C9
:10F9B000085B01F071F82046FFF7A0FF002383F3F6
:10F9C000118838BD10B53023044683F31188032312
:10F9D00004F8083B01F075F82046FFF78FFF00237D
:10F9E00083F3118810BD10B53023044683F31188CA
:10F9F000032304F8083B01F07AF82046FFF77EFF66
:10FA0000002383F3118810BD0C30FFF7B3BB0C301B
:10FA1000FFF7BABB01F082BA012303700023C36170
:10FA200083620362C362436203634360836070471F
:10FA300038B50446302383F3118800254160C56042
:10FA400005614561856101F06FFA0223237085F33A
:10FA50001188284638BDF8B50446302383F3118851
:10FA6000002601F079FA254601233746666005F83D
:10FA7000083B183455F8043F73B1586920B16FF052
:10FA800001010C30FFF7FCFA2B68986920B16FF088
:10FA900001010C30FFF7F4FAA5422E60EAD1FFF71E
:10FAA00017FA87F31188F8BD70B500EB810305469E
:10FAB00050690E461446DA6018B114220021F0F79E
:10FAC000F1FDA06918B114220021F0F7EBFD3146D9
:10FAD0002846BDE8704001F05DBAF8B5044600273D
:10FAE000836800F10C0503F00113836000F1180630
:10FAF00055F8043F73B1586920B16FF001010C3023
:10FB0000FFF7BEFA2B68986920B16FF001010C3045
:10FB1000FFF7B6FAB5422F60EAD12046BDE8F840BB
:10FB200001F0C2BAF0B4012500EB8104E468478912
:10FB3000A4698D403D43458123600023A26063603A
:10FB4000E360F0BC01F01ABBF0B4012500EB8104C6
:10FB5000E468078964698D403D4305812360002383
:10FB6000A2606360E360F0BC01F026BB10B50378CF
:10FB7000052B0FD1084CC820E37A43F00803E37249
:10FB8000637843F004036370FFF75FFA637803F070
:10FB9000FB03637010BD00BF004001402DE9F0473A
:10FBA00000260223054604464FF03008B146037094
:10FBB000C66400F1180745F8086F55F8043F9BB17B
:10FBC00088F311882B68586920B16FF001010C305F
:10FBD000FFF756FA2B68986920B16FF001010C30DD
:10FBE000FFF74EFA89F31188BD422E60E5D1204619
:10FBF00084F8346001F03AFA63681B6823B1204648
:10FC0000BDE8F04700211847BDE8F087F8B5037854
:10FC10000446052B27D080F8503005230370436835
:10FC20001B680BB10421984725460026302745F86C
:10FC3000086F183455F8043F9BB187F311882B687F
:10FC4000586920B16FF001010C30FFF719FA2B68E9
:10FC5000986920B16FF001010C30FFF711FA86F3BB
:10FC60001188A542E6D1F8BD0178052906D190F8A2
:10FC70005020436802701B6803B1184770470000AA
:10FC8000F8B590F8343004460E4613B1002380F8DE
:10FC900034303146204604F1440201F053FA6368DF
:10FCA0009B68B3B994F8443013F0600538D0002154
:10FCB000204601F0C1FA0021204601F0AFFA636846
:10FCC0001B6813B1062120469847062384F8343078
:10FCD000F8BD204698470028E4D094F84B2094F8CB
:10FCE0004A3043EA0223E26B9A4294F9442088BFE7
:10FCF000E363002AE36B80F20481002B00F0F880BC
:10FD0000092384F83430302383F3118800212046FE
:10FD1000E36BA26BFFF718FF002383F31188D7E78B
:10FD200094F8452003F07F0343EA022340F20232B5
:10FD3000934200F0CA8021D8B3F5807F4DD00DD812
:10FD4000012B44D0022B00F09880002BAFD104F19E
:10FD50004C02A2630222E2632364BEE7B3F5817F13
:10FD600000F0A080B3F5407FA1D194F84630012B7C
:10FD70009DD1B4F84C3043F0020337E0B3F5006F87
:10FD800052D01CD8B3F5A06F36D0A3F5C063012BB9
:10FD90008DD894F84920616894F848304F6843EA58
:10FDA0000223204694F8462094F84710B8470028CC
:10FDB0003FF47DAF4368A3630368E3631AE0B3F5E0
:10FDC000106F36D040F6024293427FF470AF554B2D
:10FDD000A3630223E3630023BEE794F84630012BBC
:10FDE0007FF465AFB4F84C3023F00203A4F84C3034
:10FDF000A563E563256470E7B4F84430B3F5A06FFC
:10FE00000ED194F84630204684F84E3001F0BAF80E
:10FE100063681B6813B101212046984703232370B0
:10FE20000023A363E36397E704F14F03A363012374
:10FE3000C3E72378042B10D1302383F311882046A5
:10FE4000FFF74BFE85F311880321636884F84F5058
:10FE500021701B680BB12046984794F84630002B60
:10FE6000DED084F84F300423237063681B68002BB6
:10FE7000D6D0022120469847D2E794F84830204651
:10FE80001D0603F00F010AD501F044F9012804D042
:10FE900002287FF40CAF244B9AE7244B98E701F03B
:10FEA00021F9F3E794F84630002B7FF400AF94F883
:10FEB000483013F00F01B3D01A06204602D501F0E6
:10FEC000D3F9ADE701F0C4F9AAE794F84630002B66
:10FED0007FF4EDAE94F8483013F00F01A0D01B066C
:10FEE000204602D501F0A8F99AE701F097F997E7C3
:10FEF000142384F8343031462046BDE8F84001F040
:10FF000031B963B1152384F83430302383F3118879
:10FF100000212046E36BA26BFFF704FEFCE60B23F7
:10FF2000E7E700BFF8260108F6260108F4260108D5
:10FF300008B500F0D5F80B4B9A6C42F020029A6499
:10FF40009A6C9A6C42F040029A649A6C9A6C42F0F5
:10FF500080029A649A6C9A6C42F480729A649B6CE8
:10FF600008BD00BF000C01407047162303604FF02E
:10FF7000FF307047002070471846704700207047D8
:10FF800010B50022044608460121FFF7C5F918B94B
:10FF90000C234FF0FF30236010BD08B5134600213D
:10FFA00058221846F0F77EFB4FF4005242600020C2
:10FFB00008BD01207047000008B50248FEF76EFE3C
:10FFC000F0F768FB9D1D010808B50248FEF766FEC4
:10FFD000F0F760FBA21D0108012070477047000088
:10FFE0000148FFF7C7B800BFB01300200148FFF772
:10FFF000CBB800BFB01300200122090100F160431B
:020000040801F1
:1000000003F56143C9B283F8001300F01F039A405F
:1000100043099B0003F1604303F56143C3F880216A
:100020001A607047012200F01F039A4043099B00A9
:1000300003F1604303F56143C3F88020C3F88021D6
:10004000002300F1604000F5614080F80033704704
:10005000090100F16040C9B200F56D4001767047BA
:1000600017498A68022A12D0032A26D0154B16494E
:10007000012A18BF0B46124A926902F07F02013230
:1000800052080132B3FBF2F3104A13607047104A72
:100090000B68526F49686FEA921201290CBF094937
:1000A0000C4902F0030203324A4303F01F030133F9
:1000B0005B080133B2FBF3F3DDE7074BDBE700BF7F
:1000C000000C0140006CDC0200127A00C01300201A
:1000D000000401400048E801001BB700FFF7C0BF63
:1000E00013B50C20032440F2BE71314B314A9C629F
:1000F000D862C2F8941000219962D9629C62D862D9
:100100008020C3F81C0CD3F81C0CC3F81C0C009105
:1001100001914FF40141C3F8481C4FF6FC71A3F55F
:10012000744319630F2119600223136501234BF6F1
:100130008031D364936D03F001030193009B01337D
:100140000093019B13B9009B8B42F3D1019B03B930
:10015000FEE7194B19498024C3F800140021A3F5C8
:10016000884399611C62196A012019622021586034
:10017000196019681960196801431960546790671C
:10018000D16F0329FCD102229A6001220021DA609A
:10019000074A9162D1629A6C42F400429A649A6C66
:1001A000DA6C42F40062DA64DB6C02B010BD00BFAE
:1001B0000000014000040140005001401300000312
:1001C000134B834223D1134B02201A6C124942F481
:1001D00080721A641A6C42F002021A64D3F8882002
:1001E00042F00202C3F88820D3F8882022F00202ED
:1001F000C3F8882001225A63DA670864DA660822A5
:100200005A615A695A615A6942F001025A6170474B
:10021000384F0020000C0140004C0140084B834245
:100220000CD1084B5A6902F008025A6100225A6147
:10023000DA66DA671A6C22F002021A64704700BFAD
:10024000384F0020000C01400F4A936C43F40043E8
:1002500043F0200393644FF080436FF4C0521A635D
:100260004FF07072DA624FF020721A6000225A600A
:100270009A60DA604FF44C325A62012203F5A033DF
:100280005A700722DA727047000C01400E4A6FF470
:100290008051936C43F4004343F0200393644FF088
:1002A00080436FF4C0521A6300221A609A60DA60C9
:1002B00019634FF0807119604FF4805159605A6290
:1002C0004FF080529A617047000C014010B5074C06
:1002D0006369DB0704D5064A13680BB15068984779
:1002E00001236361BDE81040FEF7D2BF0018004053
:1002F000984B002010B5074C63699B0704D5064A4C
:1003000093680BB1D068984702236361BDE8104041
:10031000FEF7BEBF00180040984B002010B5074CF8
:1003200063695B0704D5064A13690BB150699847A6
:1003300004236361BDE81040FEF7AABF0018004027
:10034000984B002010B5074C63691B0704D5064A7B
:1003500093690BB1D069984708236361BDE81040E9
:10036000FEF796BF00180040984B002010B5074CD0
:100370006369DB0604D5064A136A0BB1506A9847D5
:1003800010236361BDE81040FEF782BF00180040F3
:10039000984B0020164B10B55C69A30604D5154A8E
:1003A000936A0BB1D06A9847600604D5114A136B63
:1003B0000BB1506B9847210604D50E4A936B0BB1D5
:1003C000D06B9847E20504D50A4A136C0BB1506C08
:1003D0009847A30504D5074A936C0BB1D06C984796
:1003E000BDE810404FF47872014B5A61FEF750BFE0
:1003F00000180040984B00201A4B10B55C6962054C
:1004000004D5194A136D0BB1506D9847230504D5D7
:10041000154A936D0BB1D06D9847E00404D5124A8C
:10042000136E0BB1506E9847A10404D50E4A936E1B
:100430000BB1D06E9847620404D50B4A136F0BB111
:10044000506F9847230404D5074A936F0BB1D06FC0
:100450009847BDE810404FF47C42024B5A61FEF7CA
:1004600017BF00BF00180040984B0020062108B5B8
:100470000846FFF7C1FD06210720FFF7BDFD062155
:100480000820FFF7B9FD06210920FFF7B5FD062179
:100490000A20FFF7B1FD06211020FFF7ADFDBDE8F2
:1004A000084006212120FFF7A7BD08B50620FFF769
:1004B000B9FD0720FFF7B6FD0820FFF7B3FD0920BF
:1004C000FFF7B0FD0A20FFF7ADFD1020FFF7AAFDF2
:1004D000BDE808402120FFF7A5BD00000023194614
:1004E000044A0133102B1160516002F10802F8D167
:1004F000704700BF984B0020C9434FF0553301634C
:1005000002F003015943016042F380014160C2F3EC
:10051000C10159438160C2F341115943C160C2F323
:10052000C1214B43C3624FF01133C2F3C3125A438C
:1005300002624262704700001A4B70B59C6C0F2635
:1005400044F4C0649C649B6C012301F003048B4061
:1005500021F0030101F1804101F5A0518D68A40053
:10056000C0F38320A04006FA04F425EA04052843DA
:100570008860D8430C4912F0010F8C6814BF1C43EB
:1005800004408C6012F0020FCA6814BF1A43024084
:10059000CA60054A536111680B43136053680340F6
:1005A000536070BD000C0140001800404FF0E02384
:1005B00040F2BF325A6100229A61072208210B20C3
:1005C0001A61FFF745BD08B5302383F31188FEF7A4
:1005D00071FB002383F3118808BD08B5FFF7F3FF13
:1005E000BDE80840FEF754BE024A536843F00203D8
:1005F0005360704700380040024A536843F00203DA
:1006000053607047008400402DE9F041D0F85461F8
:1006100004467369DA06DDB20AD5302383F3118804
:100620004FF480610430FEF7F1FD002383F311885D
:10063000302383F3118804F1040815F00F0305F04B
:10064000010730D183F311887368980714D5A90680
:1006500012D5302383F31188E018FFF78BF80028B8
:100660003CDA0821201DFEF7D1FD736823F0020358
:100670007360002383F3118873689A0711D56B06A2
:100680000FD5302383F31188626CA36C9A4205D195
:10069000A36B1BB11021201DFEF7B8FD002383F3CF
:1006A0001188BDE8F081C5F3400109026B0748BF1E
:1006B00041F020012D0748BF41F04001404641EA8A
:1006C000C711FEF7A3FD33682FB194F858112046E7
:1006D0001940FFF7F0F87569EDB2AEE73060C8E792
:1006E00008B50348FFF790FFBDE80840FEF7D0BD0E
:1006F000744D002008B50348FFF786FFBDE80840A9
:10070000FEF7C6BD184C002010B5094C002120464C
:10071000084AFFF7A3F8084B0021C4F85431074CEE
:10072000074A2046FFF79AF8064BC4F8543110BD2B
:10073000744D0020E905010800380040184C0020E5
:10074000F90501080084004038B5384B04460029FB
:1007500014BF0D461D46037A012B35D1344B984208
:1007600017D1344B0A219A6C1E2042F480429A64BD
:100770009A6CD3F8902042F48042C3F89020D3F8CA
:10078000902022F48042C3F89020D3F89030FFF7F5
:1007900033FC294B9C4217D1264B0821DA6C2020D0
:1007A00042F00802DA64DA6CD3F8942042F00802CE
:1007B000C3F89420D3F8942022F00802C3F89420C0
:1007C000D3F89430FFF718FCD4F85431E9791A695A
:1007D00002F050020A4329681A614A0802F1B7621E
:1007E00002F55842B2FBF1F202F00F01C3F8C0105B
:1007F0008021D960C2F3071119600021C2F30732CA
:100800005A60D96068792A790243A8790243DA608C
:100810000122C3F89C10C3F898205A6842F00502E0
:100820005A60FF2384F8583138BD00BFFC26010808
:10083000744D0020000C0140184C002070B5044697
:10084000C5692E6BC26A6B6A9A4234BFC36A6B6A0F
:10085000013B35D2E36A002B3ED1EB6263681B6833
:1008600033B104222046227098472378042B01D10B
:1008700002232370302383F31188002104F1080040
:10088000FEF7FEFB002383F31188F30717D5286AD0
:10089000228E666AE36A616AD31A3344121A93425B
:1008A00028BF134699424FF6FF7138BF636A013B78
:1008B0001BD2636A1BB9EB6A23F00103EB6270BDC4
:1008C000296EE26A013AE262A26A002AC0D011707F
:1008D000A26A0132A262BBE7E26AEB699A429EBF5A
:1008E000E36A03F1FF33EB61CFE7626A013A6262C8
:1008F000226A0AB92966DAE712F8010B2866226231
:10090000D5E7000008B50348FFF798FFBDE80840A9
:10091000FEF7BEBCD04E002008B50348FFF78EFF9F
:10092000BDE80840FEF7B4BC044F002010B5064CEB
:100930002046FEF7E9FF054BE361054C2046FEF734
:10094000E3FF044BE36110BDD04E002000300040B7
:10095000044F00200090004010B503780446012B9E
:1009600045D1344B98421FD1334B0A219A6C1A203F
:1009700042F480529A649A6CD3F8902042F48052E8
:10098000C3F89020D3F8902022F48052C3F890202E
:10099000D3F89030FFF730FB6268E369128A5A613E
:1009A0001A6942F001021A61244B9C421FD1224B6A
:1009B0000921DA6C1B2042F01002DA64DA6CD3F8F9
:1009C000942042F01002C3F89420D3F8942022F02F
:1009D0001002C3F89420D3F89430FFF70DFB62683F
:1009E000E369128A5A611A6942F001021A61616868
:1009F000E269CB8989890B4343F007039BB21360FB
:100A0000238E4BB901239361916999420DD1013332
:100A1000B3F5807FF7D1238600239361D361D36A36
:100A200023F0FF03D362936C10BD012B08BF00239A
:100A3000F1E700BFD04E0020000C0140044F002021
:100A400010B503780446022B1FD10022C3699A60B7
:100A5000DA6A22F0FF02DA629B6C0C4B984208D1F2
:100A60001A20FFF7DFFA0A4B9A6C22F480529A643C
:100A70009B6C084B9C4208D11B20FFF7D3FA044B18
:100A8000DA6C22F01002DA64DB6C10BDD04E00206C
:100A9000000C0140044F002091B18362038E02627A
:100AA0005B088B4228BF0B46C2694162C1629361F9
:100AB000013BD361D36A43F01103D36201239360F6
:100AC000704799B100238362038E02625B088B42F8
:100AD00028BF0B46C2694162C1629361013BD36189
:100AE000D36A43F01103D36201239360704799B135
:100AF00000230362038E82625B088B4228BF0B4691
:100B0000C2694162C1629361013BD361D36A43F020
:100B10001103D3620123936070470000002160221B
:100B2000074B10B599735A7499735A744368044605
:100B30001B680BB106219847062384F8343010BD9A
:100B40000040014090F8343010B5152B04460CD805
:100B5000012208499A400A4208D1152B05D1036C9D
:100B600003B19847002384F8343010BDBDE810402D
:100B7000FFF7D4BF410E100090F8343010B5152B9C
:100B800004460CD8012208499A400A4208D1092B90
:100B900005D1036C03B19847002384F8343010BDAD
:100BA000BDE81040FFF7BABF410C3000F8B5294C42
:100BB000851C04EB85035E68274AB3699073014680
:100BC000107DC00739D59868917392F817C0927D4F
:100BD000224F42EA0C2207EB810700EB020C604532
:100BE0002CD1986810449860586810445860186870
:100BF000801A1860188A013880B21882738A93426A
:100C000000D800BB012263898A4023EA0203638182
:100C100004EB85035B68DB680BB10E489847302313
:100C200083F3118804EB85046368986941680C308C
:100C3000FEF726FA002383F31188F8BD97F800E049
:100C400000F801EBCBE7044A137D03F0FE031375B4
:100C5000F3E700BF384F0020004001402040014032
:100C6000F8B5204C861C04EB86035D6801466A6972
:100C7000D2E90003834218D3012223898A4023EA60
:100C800002032381AB680BB120469847302383F3DE
:100C9000118804EB86046368002158690C30FEF764
:100CA000EFF9002383F3118817E00F4FB973176929
:100CB0003B445360C31ADFD0288A984228BF1846A5
:100CC000936810613B449360084A184402EB810228
:100CD000984203D10122044B5A74F8BD13F8011B4A
:100CE0001170F5E7384F00200040014020400140DE
:100CF0002DE9F041874B9B799E07DFB202D58648EC
:100D0000FEF7B2FF7D0702D58348FEF747FF3C0799
:100D100013D5814C6368DB6823B97E4AD37A03F02C
:100D2000F703D3722378052B02D17B48FEF79CFF93
:100D30006368DB680BB178489847764B9A781D79E1
:100D400002F0FF06EDB252B9002D39D1FB0702D5F2
:100D50007148FEF75BFFBDE8F041FEF799BAF00776
:100D600029D500216C4CE068997393F811C01CF0F0
:100D7000040F5FFA8CF21CBF597484F8341012F01F
:100D800010010CD08021634B5974002384F8343057
:100D9000D10710D5436800215F4898470BE094F8CD
:100DA0003430152B74D006D8092B23D003D8002B50
:100DB000EED0062BECD0B20702D50120FFF750FF92
:100DC000730702D50220FFF74BFF340702D503203B
:100DD000FFF746FFA80702D50120FFF7E7FE6907E6
:100DE00002D50220FFF7E2FE2A07AFD50320FFF766
:100DF000DDFEABE7DFF81CC143699CF81120D1B2DE
:100E000012F00202D7D101F011011129D3D08CF8D0
:100E10000E205A68D3F810E0D3F800800EEB0201E0
:100E20005960B8EB0101028A16D08A4228BF0A46EF
:100E300099681A61714499608B18994207D1038AA5
:100E40009A4234BF0A2202228CF81120B3E711F82B
:100E5000014B8CF82040F0E7964504D10A228CF82B
:100E600011201961A7E7238923F0010323818368F7
:100E70000BB129489847302383F311880021E36898
:100E800058690C30FEF7FCF8002383F3118892E7D1
:100E9000DFF880E083699EF81120D2078BD59A682D
:100EA0008EF80E109EF816C05FFA8CF194449445AB
:100EB00027D19A680A449A605A680A445A601A68A4
:100EC000521A1A601A8A013A92B21A82438A8B42E3
:100ED0004FF000010F4B997300D8BAB948225A74E9
:100EE000638923F001036381E368DB6813B10021A8
:100EF00009489847302383F31188E368986941686B
:100F0000BFE79EF8208002F8018BD0E740225A7498
:100F100051E700BF00400140384F00200148FEF774
:100F20007BBD00BF384F002010B50478012C0ED1D6
:100F3000074AC260FFF744F90022064B0D21DA721E
:100F4000DC715A720E20BDE81040FFF755B810BD95
:100F5000042701080040014010B503780446012B26
:100F60000CD00E20FFF75EF80022054B2046DA7207
:100F7000DA715A72BDE81040FFF750B910BD00BFDA
:100F80000040014090F84E20014B1A70704700BF9E
:100F90000040014000EB8100334BC26801F00F01BB
:100FA00010B59973106800F00300002955D002288D
:100FB0002AD0032828D0012825D153690BB9936979
:100FC0000BB3E020284B9874108AC0F3C700187444
:100FD000402058740820587458740120DC7900FAB5
:100FE00001F1C9B244EA0100D871C0205875528A93
:100FF000C2F3C702DA7480221A7510221A751A75A4
:101000005A7A0A435A7210BD506980B10020987410
:10101000108A0124C0F3C7001874402058740820B7
:1010200058745874D8798C402043C0B2D8719369F1
:10103000002BE8D000200C4B5875528A0120C2F3D7
:10104000C702DA7480221A7510221A751A755A7A34
:1010500000FA01F10A43D2B2D4E70028D3D1DA79F9
:1010600042F00102DA71CEE700400140002208B5EB
:101070000B4BDA715A724268D2681AB1DA7A42F0CE
:101080000802DA72074B0021C360FFF783FF0122D9
:10109000034B5A70DA7A42F00102DA7208BD00BFDF
:1010A000004001400427010870B50D4B0021DA799A
:1010B000402602F00102DA71082401228025102066
:1010C00059729A730132D2B2042A99745E745C74B4
:1010D0005C7459751D7518751875F2D170BD00BF17
:1010E000004001400A4B01F00F029A7339B95A7C53
:1010F00050070AD4D87900F0010040007047197DEC
:10110000890602D4587A1041F5E70120704700BFE4
:10111000004001400A4B01F00F029A7339B95A7C22
:1011200050070AD4D87900F0010040007047597C7C
:10113000C90602D4D8791041F5E70120704700BFF5
:1011400000400140064B01F00F0103EB810302F167
:101150000801187802F8010B9142FAD1704700BFDC
:10116000204001404822044B01F00F0199735A744A
:10117000002380F8343070470040014000EB8100CC
:10118000C06801F00F0281690B6873B1408A0344A3
:10119000013BB3FBF0F39BB20B82064B9A7332B167
:1011A0001A7D02F0FE021A7570470123F4E740220F
:1011B0005A7470470040014000EB810311F00F01A9
:1011C00070B508BF4025DB6808BF124C5A6908BFDC
:1011D000A1731B8A08BF65741468A34228BF234605
:1011E0000D4C1361926804EB8104D518954205D12A
:1011F000084A917331B10123537470BD12F8016B29
:101200002670F3E7517CC168098A8B4234BF0A23F8
:101210000223F1E70040014020400140054B01F06E
:101220000F01997311B120221A75704760225A7408
:10123000704700BF00400140044B01F00F0199735B
:1012400011B110225A7470476022FBE70040014040
:10125000044B01F00F01997311B180221A75704788
:101260005974704700400140044B01F00F0199731D
:1012700011B140225A7470475974704700400140C0
:101280000000004001000040020000400300004058
:10129000040000400D0800400C0400400D04004014
:1012A0000E040040060800400708004008080040FF
:1012B00009080040040800400508004000FF9600AF
:1012C0000020202020202020202028282828282016
:1012D000202020202020202020202020202020200E
:1012E0002088101010101010101010101010101076
:1012F0001004040404040404040404101010101066
:10130000101041414141414101010101010101012F
:101310000101010101010101010101011010101081
:101320001010424242424242020202020202020201
:101330000202020202020202020202021010101055
:10134000200000000000000000000000000000007D
:10135000000000000000000000000000000000008D
:10136000000000000000000000000000000000007D
:10137000000000000000000000000000000000006D
:10138000000000000000000000000000000000005D
:10139000000000000000000000000000000000004D
:1013A000000000000000000000000000000000003D
:1013B000000000000000000000000000000000002D
:1013C0000036003700380039002D000102E12D0100
:1013D00003E1002E006B61007461006B6F007361AC
:1013E000007261007469006B75002C003B005C00AA
:1013F0007369006B6500736500686100746F006B52
:1014000069006E6E00686900737500687500686534
:10141000006D6500736F006E6500686F002F003F00
:10142000002B005D00010132000102E15D0103E1DA
:10143000000102E10101320103E1000102E1380192
:1014400003E1000102E1390103E1000102E10101D0
:10145000870103E1000102E13B0103E10078610043
:1014600072690078796100726500706100646900DA
:10147000677500647500706900776F006E610078B1
:101480007975006D6F00626100646F0067690070BC
:101490006F00787500726F007869007075007A6F60
:1014A00000706500626F00676100646100676F0033
:1014B0007A61006E69007275006D61007865007672
:1014C00075007A69006465006765007A65006D697A
:1014D000006E6F0078796F0078747500270062697C
:1014E000007A75006275006265006E75006D7500AA
:1014F000776100786F001B1A191817161D1E1F2020
:1015000000646576734368616E67653A206F6C644A
:101510003D2564206E65773D256420726573657492
:101520003D25640A007365745472616E73706F7246
:10153000743A206E65773D25640A00610D0A004506
:10154000504F4D414B455200322E344720446F6E70
:10155000676C650053706C697436352D31005370BB
:101560006C697436352D320053706C697436352DC4
:10157000330045504F4D414B45522053706C6974B8
:101580003635204254340045504F4D414B45522092
:1015900053706C697436352042543500536C617653
:1015A0006520536C656570204F4B310A00536C61A8
:1015B00076652073796E63206661696C656431219C
:1015C0000A00536C61766520626F6F7420726571DA
:1015D000756573742073656E740A00536C6176656B
:1015E0002073796E63206661696C65642028626F80
:1015F0006F7429210A0068623A206D617374657204
:101600003D2564206C6566743D25642042393D2586
:1016100064207472616E733D2564207573623D258C
:1016200064204331343D2564204331353D25642019
:10163000646576733D25640A00696E746F20626F7D
:101640006F742121210D0A00536C61766520536C63
:10165000656570204F4B0A00536C61766520737985
:101660006E63206661696C6564210A0044454255D9
:10167000473A20656E61626C65642E0A00444542FB
:1016800055473A2064697361626C65642E0A006C88
:1016900065645F7461736B3A20253032580A004FDD
:1016A0006E6573686F743A206163746976653A2079
:1016B00025640A000A722F63203031323334353604
:1016C0003738394142434445460A002530325800F4
:1016D0003A2000253031366200546172676574200B
:1016E000646973636F6E6E65637465642C207468DF
:1016F000726F74746C696E6720636F6E6E6563746D
:10170000696F6E20617474656D7074730D0A005496
:10171000617267657420636F6E6E65637465640DD6
:101720000A004661696C656420746F2065786563A2
:101730007574652025730A00736C6176655F6D6151
:1017400074726978006D61737465725F6D61747233
:10175000697800656E636F6465720073796E635FAC
:1017600074696D6572006C617965725F7374617420
:1017700065006C65645F73746174650061637469AE
:101780007669747900296C6C756E2800296C696E15
:1017900028004661696C656420746F2073746172FF
:1017A000742053504921205B73706920666C61730B
:1017B00068207472616E736D69745D0A00466169B8
:1017C0006C656420746F2073746172742053504987
:1017D00021205B73706920666C6173682077726981
:1017E000746520656E61626C655D0A004661696CB6
:1017F000656420746F2073746172742053504921A2
:10180000205B73706920666C61736820776169740E
:10181000207768696C6520627573795D0A00466C93
:1018200061736820657261736520626C6F636B2001
:1018300061646472657373206F766572206C696D84
:10184000697421205B616464723A3078256C785D3C
:101850000A004661696C656420746F206368656383
:101860006B2057495020666C616721205B7370695B
:1018700020666C61736820657261736520626C6FAD
:10188000636B5D0A004661696C656420746F207744
:10189000726974652D656E61626C6521205B737081
:1018A0006920666C61736820657261736520626C83
:1018B0006F636B5D0A004661696C656420746F201C
:1018C000657261736520626C6F636B21205B73705E
:1018D0006920666C61736820657261736520626C53
:1018E0006F636B5D0A004661696C656420746F20EC
:1018F000636865636B2057495020666C61672120DF
:101900005B73706920666C61736820726561642026
:10191000626C6F636B5D0A004661696C656420747C
:101920006F207265616420626C6F636B21205B7352
:10193000706920666C617368207265616420626CF6
:101940006F636B5D0A004661696C656420746F208B
:10195000636865636B2057495020666C616721207E
:101960005B73706920666C61736820777269746557
:1019700020626C6F636B5D0A004661696C65642070
:10198000746F2077726974652D656E61626C652174
:10199000205B73706920666C61736820777269746C
:1019A0006520626C6F636B5D0A004661696C6564FB
:1019B00020746F20777269746520626C6F636B218D
:1019C000205B73706920666C61736820777269743C
:1019D0006520626C6F636B5D0A004661696C6564CB
:1019E00020746F2073746172742053504921205BFE
:1019F00073706920666C6173682077726974652002
:101A000064697361626C655D0A004661696C656456
:101A100020746F2077726974652D64697361626CDC
:101A20006521205B73706920666C61736820777232
:101A300069746520626C6F636B5D0A006565636F36
:101A40006E6669675F7570646174655F7267625F17
:101A50006D61747269785F64656661756C740A00A3
:101A60007267625F6D61747269785F636F6E6669D9
:101A70006720454550524F4D0A007267625F6D61A5
:101A8000747269785F636F6E6669672E656E6162F6
:101A90006C65203D2025640A007267625F6D617489
:101AA0007269785F636F6E6669672E6D6F6465201B
:101AB0003D2025640A007267625F6D617472697807
:101AC0005F636F6E6669672E6873762E68203D20AF
:101AD00025640A007267625F6D61747269785F6382
:101AE0006F6E6669672E6873762E73203D202564BD
:101AF0000A007267625F6D61747269785F636F6E0E
:101B00006669672E6873762E76203D2025640A006C
:101B10007267625F6D61747269785F636F6E666928
:101B2000672E7370656564203D2025640A00726726
:101B3000625F6D61747269785F636F6E6669672E4C
:101B4000666C616773203D2025640A007267625FDE
:101B50006D61747269785F696E69745F64726976C9
:101B6000657273207267625F6D61747269785F631A
:101B70006F6E6669672E6D6F6465203D20302E2084
:101B800057726974652064656661756C742076614E
:101B90006C75657320746F20454550524F4D2E0A69
:101BA000004E4F454550524F4D00726762206D61A7
:101BB0007472697820746F67676C65205B25735D4C
:101BC0003A207267625F6D61747269785F636F6EED
:101BD0006669672E656E61626C65203D2025750A19
:101BE00000726762206D6174726978206D6F646540
:101BF000205B25735D3A2025750A00726762206DAF
:101C000061747269782073657420687376205B252F
:101C1000735D3A2025752C25752C25750A00726791
:101C200062206D61747269782073657420737065C9
:101C30006564205B25735D3A2025750A006D6F751C
:101C400073656B6579205B62746E7C782079207691
:101C500020685D287265702F61636C293A205B00F3
:101C60007C002564005D2800257500290A006B654D
:101C700079626F6172645F7265706F72743A202569
:101C8000303258207C20002530325820006E6B7294
:101C90006F5F7265706F72743A2025303258207C05
:101CA00020006164645F6B65795F6269743A2063E8
:101CB000616E2774206164643A20253032580A002E
:101CC00064656C5F6B65795F6269743A2063616E0D
:101CD00027742064656C3A20253032580A0053502E
:101CE0004C49543A20696C6C6567616C2074726170
:101CF0006E73616374696F6E2069640A0053504C9F
:101D000049543A2073656E64696E672068616E6439
:101D10007368616B65206661696C65640A00535085
:101D20004C49543A20726563656976696E6720682C
:101D3000616E647368616B65206661696C65640AD5
:101D40000053504C49543A2073656E64696E6720A5
:101D5000627566666572206661696C65640A005327
:101D6000504C49543A20726563656976696E672004
:101D7000627566666572206661696C65640A005505
:101D8000534220636F6E666967757265642E0A0040
:101D90006330006D61696E0069646C650065786927
:101DA00074006B696C6C00000000FF00FF55FFAA17
:101DB000FF2BFFBFFF6A01010301010101010200C6
:101DC00000080040010800400208004003080040ED
:101DD000060000400A0400400B040040FFFFFFFF24
:101DE000FFFFFFFF450050004F004D0041004B003A
:101DF00045005200000032002E0034004700200051
:101E000044006F006E0067006C0065000000000079
:101E1000000800400108004002080040030800409C
:101E2000060000400A0400400B040040FFFFFFFFD3
:101E3000FFFFFFFF000000400100004002000040E3
:101E400003000040040000400D08004000000000B6
:101E50000000000000000000000000000000000082
:101E6000000000001E1F20212223242526272D2EBE
:101E700031141A0815171C180C12132F30041607EA
:101E8000090A0B0D0E0F33341D1B061905111036F0
:101E900037380000000000000000000000000000D3
:101EA0000000000029001E00707E2000210022009A
:101EB000717E000000002B0014001A0008001500BD
:101EC0001700000000000000837E040016000700D9
:101ED00009000A00000000000000E1001D001B00D6
:101EE000060019000500000000000000E000E3000B
:101EF000E200000000007C7E000000000000000006
:101F000000000000000000000000000000000000D1
:101F1000727E737E747E757E767E777E00002A00E8
:101F2000A8001C0018000C00120013003000320042
:101F300089004C000B000D000E000F00787E797EAA
:101F4000000028004B001100100036003700380058
:101F50000000E50052004E0000002C0000004C0084
:101F60002352E400500051004F0000000000000028
:101F70000000000000000000000000002900407E7A
:101F8000417E427E437E447E457E000000002B0061
:101F90004D7E4E7E4F7E507E517E00000000000040
:101FA000837E597E5A7E5B7E5C7E5D7E00000000F3
:101FB0000000E100647E657E667E677E687E0000CC
:101FC00000000000E000E300E200000000006E7E80
:101FD0000000000000000000000000000000000001
:101FE0000000000000000000467E477E487E497EDB
:101FF0004A7E4B7E00002A00A800527E537E547E0B
:10200000557E567E577E587E4C7E4C005E7E5F7EAF
:10201000607E617E627E637E000028004B00697EE8
:102020006A7E6B7E6C7E6D7E0000E50052004E0085
:1020300000006F7E00004C002352E400500051006D
:102040004F00000000000000000000000000000041
:1020500000000000007C3A003B003C003D003E00D8
:102060003F0000000000010001000100010001002C
:102070002078000000000000225201000100010051
:1020800001000100000000000000E100010001006B
:10209000060119010100000000000000010001001C
:1020A0000100000000007B7E000000000000000036
:1020B0000000000000000000000000000000000020
:1020C0004000410042004300440045000000827E81
:1020D000A80050014E004B004F017D7E7E7E007CAB
:1020E0007F7E827E5000510052004F00807E4C0067
:1020F000000028004B000100010001000100817E6A
:102100000000E50052004E0000007C7E000001004F
:1021100023524A00500051004F0000000000000010
:1021200000000000000000000000000035003A0040
:102130003B003C003D003E003F00000000002178D5
:10214000007E017E027E037E010000000000000090
:102150000100040001000100010001000000000076
:1021600000000100010020780100010001000000D2
:1021700000000000067E0B70010000000000077EDA
:10218000000000000000000000000000000000004F
:102190000000000000000000400041004200430039
:1021A000440045000000037C010001000100010023
:1021B000010001002478237801004900010001009A
:1021C0000100010026782578000001004A00137004
:1021D000007C0100010001000000010027784D0093
:1021E0000000077E00000100010001002A78287825
:1021F0002978E200E900EA00B500B600B700CD009A
:102200008301CC008A01920194012102230224025D
:102210002502260227022A02B300B4006F007000D4
:102220009F01CB019F02A002E200E900EA00B50095
:10223000B600B700CD008301CC008A019201940161
:102240002102230224022502260227022A02B300C9
:10225000B4006F0070009F01CB019F02A00200003C
:1022600054210020003131295A1B750AADC20008E3
:1022700055C2000891C20008C1C200080001010156
:102280000101010101010202020202020202020333
:102290000303030303030304040404040404050503
:1022A00005050506060606060707070707080808C6
:1022B00008090909090A0A0A0B0B0B0C0C0C0D0D75
:1022C0000D0E0E0E0F0F0F1010111111121213130D
:1022D0001414151516161717181819191A1A1B1B86
:1022E0001C1D1D1E1E1F20202122222324242526E2
:1022F00026272829292A2B2C2D2D2E2F303132321A
:10230000333435363738393A3B3C3D3E3F40414225
:10231000434445464748494A4C4D4E4F505153540B
:10232000555658595A5B5D5E5F61626465666869BF
:102330006B6C6D6F7072737577787A7B7D7E80823F
:10234000838587888A8C8E8F91939596989A9C9E88
:10235000A0A2A3A5A7A9ABADAFB1B3B5B7BABCBE98
:10236000C0C2C4C6C9CBCDCFD1D4D6D8DBDDDFE265
:10237000E4E7E9EBEEF0F3F5F8FAFDFF00FF01000A
:10238000010000FFFF0000010001FF00000000004D
:10239000000400400F0000000000000020000000CA
:1023A00000000000000000002A2B280000000000B0
:1023B00000000000000000000000002900000000F4
:1023C0002C1E3420212224342627252E362D373862
:1023D000271E1F202122232425263333362E37386B
:1023E0001F0405060708090A0B0C0D0E0F10111229
:1023F000131415161718191A1B1C1D2F3130232DF5
:10240000350405060708090A0B0C0D0E0F101112F2
:10241000131415161718191A1B1C1D2F3130354CA3
:1024200000000000000000000000000000000000AC
:10243000000000000000000000000000000000009C
:10244000000000007E0F00D4FFFFFFC700000078EF
:1024500049E10008A9E0000895DF0008000000003D
:1024600044B61500F9250108432501082E25010869
:10247000DA240108F32401080C25010804122200C3
:10248000C4240108B02401088C240108220345005B
:1024900050004F004D0041004B004500520020000D
:1024A000530070006C0069007400360035000000B5
:1024B0001203450050004F004D0041004B00450005
:1024C000520000000403090409025400030100A0A3
:1024D000FA090400000103010100092111010001B2
:1024E00022440007058103080001090401000103DB
:1024F00000000009211101000122B6000705820336
:10250000200001090402000103000000092111015B
:1025100000012215000705830320000112010002BB
:10252000000000402D34C6E43300010200010631F2
:10253000FF0974A1010975150026FF009520750893
:102540008102C005010902A10185020901A100055E
:102550000919012908150025019508750181020551
:1025600001093009311581257F9502750881060919
:10257000381581257F950175088106050C0A3802FA
:102580001581257F950175088106C0C00501098068
:10259000A101850319012AB700150126B70095018D
:1025A00075108100C0050C0901A101850419012ADB
:1025B000A002150126A002950175108100C0050139
:1025C0000906A1018506050719E029E7150025017F
:1025D0009508750181020507190029EF15002501ED
:1025E00095F0750181020508190129059505750108
:1025F0009102950175039101C005010906A101052C
:102600000719E029E7150025019508750181029554
:1026100001750881010507190029FF150026FF0033
:102620009506750881000508190129051500250181
:10263000950575019102950175039101C000000097
:10264000B42F01088C4F00208C4F00208C4F0020AD
:10265000B42F01080000000000000000000000008E
:10266000B42F01080000000000000000000000007E
:10267000B42F01080000000000000000000000006E
:10268000B42F01080000000000000000000000005E
:10269000B42F01080000000000000000000000004E
:1026A000B42F01080000000000000000000000003E
:1026B000B42F01080000000000000000000000002E
:1026C000901D0108183F0020284000200000000055
:1026D00023F8000813F8000843F8000833F800084E
:1026E0003DF800082DF800081DF800080DF8000856
:1026F0004DF80008010000000000000000960000F6
:10270000030000000000000081FC0008790B0108B4
:10271000450B0108400040003040002030400020C0
:1027200001000000284000205245454E54206D61B4
:102730006C6C6F632073756363656564656400002A
:102740002E2E2F2E2E2F2E2E2F2E2E2F2E2E2F2EA4
:102750002E2F6E65776C69622F6C6962632F7374BC
:10276000646C69622F72616E642E63002C20667542
:102770006E6374696F6E3A200000000061737365C8
:102780007274696F6E2022257322206661696C6500
:10279000643A2066696C6520222573222C206C69BE
:1027A0006E65202564257325730A0000232D302BC8
:1027B00020000000686C4C006566674546470000D5
:1027C0003031323334353637383941424344454667
:1027D0000000000030313233343536373839616229
:0827E00063646566000000005F
:0827E8005CDAFE7F0100000035
:1027F000040C002000000000C8130020301400204A
:1028000098140020000000000000000000000000FC
:1028100000000000000000000000000000000000B8
:1028200000000000000000000000000000000000A8
:102830000000000000000000000000000000000098
:102840000000000003000000C81300200000FF008B
:102850006D360008113700084D370008E5380008CC
:102860003939000801000000640000000948032114
:1028700081620C21C162084890F81003074900F0FA
:102880000F000A68824200D008600020401C232804
:10289000FCDB70470000014000F0FF1F0404014012
:1028A0000748032181620C21C1620648016801F0DA
:1028B0000F01082901D90821016000BF00BF70473E
:1028C00000000140040401400E0802010101010161
:1028D000010100000100000001FFFFFFFFFFFFFFFB
:1028E000FFFF1C1B1A19181716FFFF1011121314E3
:1028F00015FFFFFF020F0E0D0C0BFFFFFF03060776
:1029000008090AFFFFFF040105FFFF00FFFFFFFFAB
:10291000FFFFFFFFFFFFFFFF1D1E1F202122FF23E0
:10292000FF2C2B2A2928272625242D2E2F30313223
:10293000FF33343C3B3A3938FF373635FF3DFF3EF5
:102940003F404142434140134005200930024024AA
:10295000401F302D303B30483056304F204120341E
:10296000202620182003101510221030103E104C85
:102970001053004500370029001C000E00000060C5
:10298000006E007C008A009800A500BA00D210BE3C
:1029900010AC109F1091108310751067105A105DC5
:1029A000206B20792086209420A220B820D220D22B
:1029B00030C130AE309B308D308030723064306B3F
:1029C0004086409440A240B040BF40D2400404043E
:1029D00004040404040404040404040404040404B7
:1029E00004040404040404040404040404040404A7
:1029F0000404040404040404040404040404040497
:102A00000404040404040404040404040404040486
:102A1000040000000721002027210020C1810008B8
:102A20000008004001080040020800400308004080
:102A3000060000400A0400400B040040FFFFFFFFB7
:102A4000FFFFFFFF000000400100004002000040C7
:102A500003000040040000400D0800400100000099
:102A60000000000001000000000000000000000065
:102A70000C000200000000000C000E00000000002E
:102A8000000000000000000001001A00000000002B
:102A90000000000008001B00000000000000000013
:102AA0000000000059870008040024000000000016
:102AB00000000000020028000000000000000000EC
:102AC00002002A00000000000000000001002C00AD
:102AD00000000000000000000C00300000000000BA
:102AE0000000000004003C000000000039870008DE
:102AF00020004000000000000000000001003D0038
:102B0000000000009988000800000000200060001C
:102B100000000000000000000000000000000000B5
:102B20000300FF00FFFF3905280850011E0A1401A9
:102B3000744D002000C20100030000000096000058
:102B4000030000000100000091E30008BDE300085D
:102B5000C7E30008D1E30008DBE300080000000041
:102B60000000000000000000000000000000000065
:102B70000000000000000000000000000000000055
:102B80000000000000000000000000000000000045
:102B900000000000030000000000000059E60008EB
:102BA0000000000020000000000000000000000005
:102BB0000200000000000000000000000000000013
:102BC0000000000000000000000000000000000005
:102BD00000000000000000000000000000000000F5
:102BE00000000000384F0020020000000400000038
:102BF00020000000E83D0020000000000000000070
:102C00003C12002000000000000000000000000056
:102C100000000000000000000000000000000000B4
:102C200000000000000000000000000000000000A4
:102C30000000000000000000000000000300000091
:102C40000000000059E60008000000000800000035
:102C50000000000000000000020000000000000072
:102C60000000000000000000000000000000000064
:102C70000000000000000000000000000000000054
:102C8000000000000000000000000000384F00209D
:102C9000010000000400000008000000B83D002012
:102CA0000000000000000000D01100200000000023
:102CB0000000000000000000000000000000000014
:102CC0000000000000000000000000000000000004
:102CD00000000000000000000000000000000000F4
:102CE00000000000030000000000000059E600089A
:102CF000EFE60008200020000000000000000000B7
:102D000002000000000000000000000000000000C1
:102D100000000000000000000000000000000000B3
:102D200000000000000000000000000000000000A3
:102D300001000000384F00200300000004000000E4
:102D400020000000283D00200000000000000000DE
:102D5000641100208011002051E8000831E80008CB
:102D600067E8000849E9000865E9000871E900081A
:102D7000841100200000000000000000000000009E
:102D80000000000000000000000000000000000043
:102D90000000000000000000000000000000000033
:102DA0000000000000000000000000000000000023
:102DB00000000000000000000000000020000000F3
:102DC000EC11002051E8000831E8000867E800082D
:102DD00049E9000865E9000871E90008F0110020E0
:102DE00000000000000000000000000000000000E3
:102DF00000000000000000000000000000000000D3
:102E000000000000000000000000000000000000C2
:102E100000000000000000000000000000000000B2
:102E20000000000000000000080000005812002010
:102E3000ADE8000885E80008C9E80008C1E9000815
:102E4000E5E90008FDE900080000000000000000BE
:102E50006013002014130020C8120020000000009E
:102E60007C120020000000000000000000000000B4
:102E7000000000000600000000000000000000004C
:102E80000000000000000000000000000000000042
:102E90000000000000000000000000000000000032
:102EA0000000000000000000000000000000000022
:102EB00000000000200000000000000000000000F2
:102EC00004000000000000000000000000000000FE
:102ED00000000000000000000000000000000000F2
:102EE00000000000000000000000000000000000E2
:102EF00000000000000000000000000000000000D2
:102F000003000000000000000000000003000000BB
:102F100000000000000000000000000000000000B1
:102F200000000000000000000000000000000000A1
:102F30000000000000000000000000000000000091
:102F4000000000000000000000000000030000007E
:102F5000000000000000000002000000000000006F
:102F60000000000000000000000000000000000061
:102F70000000000000000000000000000000000051
:102F80000000000000000000000000000000000041
:102F90000000000000000000060000000100020028
:102FA000B0130020B013002000000000000000005B
:042FB00000D8B80588
:04000005080001B935
:00000001FF
