:020000040800F2
:1000000000040020B9010008BB010008BB01000882
:10001000BB010008BB010008BB010008BB010008D0
:10002000BB010008BB010008BB010008B5E30008E4
:10003000BB010008BB010008BB010008E7F600088F
:10004000BB010008BB010008BB010008BB010008A0
:10005000BB010008BB010008D9F3000801F4000847
:1000600029F4000851F4000879F40008BB010008E5
:10007000BB010008BB010008FDFD0008BB01000832
:10008000A1F40008BB010008BB010008BB01000887
:10009000BB010008BB010008BB010008BB01000850
:1000A000BB010008BB01000811FA000825FA00088E
:1000B000BB010008BB010008EDF70008BB01000808
:1000C00001F8000805F50008BB010008BB010008A5
:1000D000BB010008BB010008BB010008BB01000810
:1000E00072B6264880F30888254880F30988254899
:1000F00025490860022080F31488BFF36F8F0DF04C
:1001000045FE0DF095FA4FF0553020491B4A9142BB
:100110003CBF41F8040BFAE71D49194A91423CBF24
:1001200041F8040BFAE71B491B4A1C4B9A423EBF9D
:1001300051F8040B42F8040BF8E700201849194A5B
:1001400091423CBF41F8040BFAE70DF023FE0DF09D
:100150001EFE154C154DAC4203DA54F8041B8847BB
:10016000F9E708F05BFC124C124DAC4203DA54F88C
:10017000041B8847F9E70DF00BBE000000040020C7
:10018000000C00200000000808ED00E00000002046
:100190000004002088100108000C0020B01200208C
:1001A000B0120020E44D0020E0000008E00000084C
:1001B000E0000008E000000892E700F000F8FEE729
:1001C0002DE9F04FC1F80CD0C3689D46BDE8F08F13
:1001D000002383F311882846A04700200DF0F0FF8C
:1001E000FEE70DF021FF00DFFEE7000053B94AB93A
:1001F000002908BF00281CBF4FF0FF314FF0FF302F
:1002000000F07AB9ADF1080C6DE904CE00F01AF8EF
:10021000DDF804E0DDE9022304B07047430803F091
:100220005533C01A830803F0333300F033301844D9
:1002300000EB101000F00F3000EB002000EB00404E
:10024000000E70472DE9F047089D0E4604468E4685
:10025000002B4CD18A429446B2FA82F362D953B150
:1002600002FA03FCC3F1200201FA03FE20FA02F2B3
:1002700042EA0E0E9C404FEA1C47BEFBF7F11FFA04
:100280008CF607FB11EE01FB06F0220C42EA0E424F
:1002900090420AD91CEB020201F1FF3E80F00E8170
:1002A000904240F20B8102396244121AB2FBF7F01D
:1002B00007FB102200FB06F6A4B244EA0244A64261
:1002C0000AD91CEB040400F1FF3280F0F980A64249
:1002D00040F2F6806444023840EA01400021A41B49
:1002E0001DB1DC400023C5E90043BDE8F0878B4227
:1002F00005D90DB1C5E9000100210846F5E7B3FABB
:1003000083F1002942D1B34202D3824200F2EE804F
:10031000841A66EB030201209646002DE5D0C5E95C
:10032000004EE2E7002B40F08C80881A0121170C68
:1003300096B2B0FBF7FE07FB1E00220C42EA004219
:1003400006FB0EF0904208D91CEB02020EF1FF38BA
:1003500002D2904200F2CC80C646121AB2FBF7F0ED
:1003600007FB102200FB06F6A4B244EA0244A642B0
:1003700008D91CEB040400F1FF3202D2A64200F2BD
:10038000B2801046A41B40EA0E40A9E7C1F1200745
:100390008B4022FA07FC4CEA030C26FA07FA4FEAD4
:1003A0001C48BAFBF8FE06FA01F308FB1EAA1FFA66
:1003B0008CF620FA07F400FA01F90EFB06F023434D
:1003C0001C0C44EA0A44A04202FA01F20BD91CEBCD
:1003D00004040EF1FF3A80F08480A04240F2818054
:1003E000AEF1020E6444241A98B2B4FBF8F308FB91
:1003F000134403FB06F640EA0444A64208D91CEB6A
:10040000040403F1FF3068D2A64266D9023B64447B
:1004100043EA0E40A41BA0FB02E6B4427346B0467A
:1004200052D34FD05DB1B9EB030264EB080404FA78
:1004300007F722FA01F31F43CC40C5E900740021FD
:1004400053E702FA03FCC3F12000C1404FEA1C4706
:10045000B1FBF7FE07FB1E1124FA00F09E4030436B
:10046000020C1FFA8CF642EA01420EFB06F19142A1
:1004700004FA03F409D91CEB02020EF1FF382ED264
:1004800091422CD9AEF1020E6244521AB2FBF7F13E
:1004900007FB112280B240EA024001FB06F28242D1
:1004A00008D91CEB000001F1FF3814D2824212D9A6
:1004B00002396044801A41EA0E413AE77146F4E697
:1004C000104609E7F145ADD2BEEB020366EB0C0620
:1004D0000138B046A6E74146ECE7034698E7C64632
:1004E000D3E7D6467FE7644402384BE7084614E773
:1004F000AEF1020E624430E7704700BF38B5124BD0
:1005000004461D682A6B1AB10023C2E9044338BDB2
:10051000182000F00BFA0246286378B100210B2363
:1005200001209381C2E90401084B0949094DC2E940
:10053000011300231560C2E9044338BD4621064B70
:10054000064800F053F800BF000C0020ECDE050068
:1005500034126DE60E33CDABC00F0108D80F010881
:1005600038B5194B1C68226B8AB113691749546955
:1005700003FB01F1164800FB0411A3FB003001331B
:1005800041EB0001C2E9043121F0004038BD1820E0
:1005900000F0CCF90246206388B1012400250B232A
:1005A0000A480C49C2E90445116001460A4D0B4C4A
:1005B00093810B4BC2E90154C2E9043138BD522189
:1005C000084B094800F012F8000C00202DF4515897
:1005D0002D7F954C0E33CDAB34126DE6ECDE05006D
:1005E0002E7F954CC00F0108D80F0108144600B5A6
:1005F0001A460A4B0D461B6885B0DE6803464CB1AF
:1006000007490191304607490294009500F0ACF982
:1006100000F040F804490C46F3E700BF000C00204E
:1006200004100108141001081010010808B5134641
:100630000022FFF7DBFF00BF20F0030110F00300F2
:10064000C0F1000051F8043B00F1040C4FEACC0C5F
:100650006FF000021CBF22FA0CF213434FF0010CA2
:100660004CEA0C2C4CEA0C4CA3EB0C0222EA0302E1
:1006700012EACC1204BF51F8043B0430F4D0C2F1AA
:10068000000102EA0102B2FA82F2C2F11F0200EB9B
:10069000D2007047062008B500F078FD01200EF06A
:1006A00011FD00BF70B5860747D0541E002A3ED00A
:1006B0000346CAB201E0013C39D303F8012B9D0780
:1006C000F9D1032C2CD9CDB205EB05250F2C1A46F8
:1006D00005EB054534D9A4F1100C2CF00F0603F1FD
:1006E000100EB6444FEA1C1CC2E90055C2E902557F
:1006F00010327245F8D10CF1010214F00C0F03EB2B
:10070000021204F00F0C13D0ACF1040323F0030326
:100710000433134442F8045B9342FBD10CF003040E
:100720002CB1C9B21C4403F8011BA342FBD170BD1C
:1007300064461346002CF4D1F9E703461446C0E79B
:10074000A446E1E788420ED98B1883420BD900EB0F
:10075000020C002A6DD0624613F801CD994202F8CE
:1007600001CDF9D170470F2A0FD8034602F1FF3CA3
:10077000002A5ED00CF1010C013B8C4411F8012BD6
:10078000614503F8012FF9D1704740EA01039B0747
:1007900050D1A2F1100370B501F1200C23F00F0528
:1007A00001F1100E00F11004AC441B095EF8105C5E
:1007B0000EF1100E44F8105C5EF81C5C103444F826
:1007C0001C5C5EF8185C44F8185C5EF8145CE64546
:1007D00044F8145CEAD1013312F00C0F01EB031161
:1007E00002F00F0400EB031328D08E46043C24F0E3
:1007F00003064FEA940C1E441C1F5EF8045B44F889
:10080000045FB442F9D10CF1010402F0030203EBDE
:10081000840301EB840102F1FF3C4AB10CF1010CAD
:10082000013B8C4411F8012B614503F8012FF9D1EC
:1008300070BD7047034602F1FF3C9BE72246EAE7A2
:10084000844641EA000313F0030349D1403A23D31D
:100850000B6803604B6843608B688360CB68C36040
:100860000B6903614B6943618B698361CB69C36128
:100870000B6A03624B6A43628B6A8362CB6AC36210
:100880000B6B03634B6B43638B6B8363CB6BC363F8
:1008900040304031403ADBD230320BD30B6803603A
:1008A0004B6843608B688360CB68C3601030103145
:1008B000103AF3D20C3205D351F8043B40F8043B14
:1008C000043AF9D2043208D0D2071CBF11F8013B18
:1008D00000F8013B01D30B8803806046704700BFDE
:1008E000082A13D38B07B1D010F00303AED0C3F1A5
:1008F0000403D21ADB071CBF11F8013B00F8013BCF
:10090000A4D331F8023B20F8023B9FE7043AD9D345
:10091000013A11F8013B00F8013BF9D20B78037062
:100920004B7843708B78837060467047024B01466A
:10093000186800F0CBBE00BF000C0020024B01463F
:10094000186800F043BF00BF000C00200CB400B5D5
:1009500083B004AB53F8042B019300F083F803B089
:100960005DF804EB02B070470EB400B5074A82B0E0
:1009700003AB0146106853F8042B019300F072F8A2
:1009800002B05DF804EB03B0704700BF000C00201C
:10099000032A30B415D941EA0004A40784460B4663
:1009A00004D0541E0FE0043A032A08D919466046C1
:1009B00053F8044B5CF8045BA542F4D0F1E76046C1
:1009C0001946541E7AB1431E0139021901E09A42B8
:1009D00009D013F8010F11F801CF6045F7D0A0EB53
:1009E0000C0030BC7047002030BC70479368013B5E
:1009F000002B936005DAD2F818C0634507DB0A299B
:100A000005D01368581C106008461970704700F034
:100A100063B900BF9BB1F8B5134406460F46541E98
:100A20005D1E01E0AC4208D03A46304614F8011F82
:100A3000FFF7DCFF431CF5D1F8BD0020F8BD002016
:100A4000704700BF936810B514461BB918460023C1
:100A5000636010BD00F08EF90023A3600023636083
:100A600010BD00BF2DE9F04FA1B08B4691461C464A
:100A7000049018B1036A002B00F01381BBF80C300E
:100A8000180740F18E80DBF81030002B00F08980D1
:100A9000002343F220020D9399F800300127824E83
:100AA0000794ADF83920002B73D04D4603E015F8BC
:100AB000013F002B7FD0252BF9D1B5EB090A7DD161
:100AC0002B78002B65D000234FF0FF320135CDE9A4
:100AD000092308930B938DF863301E9306E0254697
:100AE000089B801B07FA00F0034308932C4605225D
:100AF00014F8011B304601F0DDF9A1460028EED1C3
:100B0000089BD90644BF20228DF863201A0748BFEE
:100B10002B22297848BF8DF863202A2964D1079AAF
:100B20001168043200290792C0F296800B9169780F
:100B30002E296FD05D4C0322204601F0BBF938B15D
:100B40004022089B001B8240134309F101090893CE
:100B500019F8011B062256488DF8381001F0AAF941
:100B600000287FD0534B002B69D007A900915A462B
:100B70000498514B08A9AFF300800390039B013305
:100B800007D00D9B039A13440D9399F80030002B66
:100B90008BD1BBF80C305B060AD40D9821B0BDE8B0
:100BA000F08F5946049800F091FE00283FF470AF92
:100BB0004FF0FF30F2E7B5EB090AEAD009F1FF3850
:100BC00005954546DDF8108001E0A2453ED92C464A
:100BD0005A46404615F8011FFFF708FF023401305E
:100BE000A4EB0904F1D1D4E7A1F13002092A88BFAE
:100BF000A9469DD80B9B00E00134217803EB8303C9
:100C000002EB4303A1F13002092AF5D92E29A146AE
:100C10000B938FD199F801102A292DD1079B09F147
:100C200002001A680433002A0793B8BF4FF0FF335D
:100C300099F8021009928146B8BF09937AE7079B99
:100C4000073323F00703083307939AE70D99059DAF
:100C500051442B780D9134E7494243F002030B9144
:100C6000089364E707A900915A460498124B08A913
:100C700000F052FF039081E70023A1F13002092A1E
:100C800009F1010909933FF655AF19F8011F03EB6C
:100C9000830302EB4303A1F13002092AF5D909933A
:100CA00048E700F0F9FBE9E6441001084C100108A0
:100CB0005010010800000000150A00088C4600B51D
:100CC00086461346034A714610685DF804EB624697
:100CD000FFF7C8BE000C0020F8B506460D461446C6
:100CE00010B1036A002B37D0A269A389A2601A074A
:100CF00019D52369BBB122686169D31AEDB2994253
:100D00002F4620DD0133A1680139A160511C21600B
:100D1000157062699A420DD0A389DB0701D50A2DAF
:100D200008D03846F8BD2146304600F0CFFD38B92E
:100D30002369E0E72146304600F060FC0028F0D04F
:100D40004FF0FF37EDE72146304600F057FC002812
:100D5000F6D101232268D6E700F09EFBC4E700BF6E
:100D600003460A46024908681946FFF7B5BF00BFA7
:100D7000000C00209368002B00F0F0802DE9F04F6C
:100D8000B1F90CC090461CF0080F81460C4683B0A8
:100D90002BD00B694BB31CF00207D8F8006032D09F
:100DA0004FF0000A5546D4F828B0216AAB4FC5B1C0
:100DB000BD422B46524628BF3B464846D8470028EE
:100DC00040F3C280D8F8083082441B1A2D1AC8F8A4
:100DD0000830002B00F0AE80D4F828B0216A002D36
:100DE000E6D1D6E900A50836E1E72146484600F0FD
:100DF0006DFD002840F0AD80B4F90CC0D8F800605B
:100E00001CF00207CCD11CF0010A63D157462368BD
:100E1000A16818468B46002F58D01CF4007F00F0C4
:100E2000B180B9420A4600F2DD801CF4906F2FD0E9
:100E3000216962695D1A02EB420202EBD2726B1CFD
:100E400052103B44934292BF93469B461A461CF471
:100E5000806F00F0E6801146484600F037FC00281D
:100E600000F0F5802A4621690190FFF7E9FCA2898C
:100E7000019B22F4906242F08002A2815819C4F8CA
:100E800014B0ABEB05053A46BB462361A560206074
:100E90003D46002751460192FFF754FCA1682368A4
:100EA000019AA1EB0B011A44A1602260D8F8083026
:100EB000AA445B1BC8F80830002B3BD02368A1680C
:100EC00018468B46B4F90CC0002FA6D1D6E900A76E
:100ED00008369EE73846BB463D46002D40D00028E8
:100EE00045D03A46D4E904C32068AA4228BF2A461E
:100EF0006045A16804D901EB030A524500F38280E2
:100F0000934272DC5A464846216AD4F828C0E0472A
:100F1000B0F1000A18DDB7EB0A070FD00120D8F8AE
:100F20000830D344A3EB0A03A5EB0A05C8F8083040
:100F3000002BD2D1002003B0BDE8F08F21464846F7
:100F400000F05CFB0028EAD0B4F90C3043F0400319
:100F5000A3814FF0FF3003B0BDE8F08F0020704751
:100F6000756833460836002DFAD0D3F800B02A460B
:100F70000A21584600F09EFF002865D00130A0EB02
:100F80000B07AEE722699A4214D36569BD4211D8B6
:100F90006FF00043BB4228BF3B4693FBF5F352463C
:100FA00005FB03F34846A56A216AA847051ECBDD69
:100FB0007F1B7BE7B94228BF39460D46184651468C
:100FC0002A46FFF7BFFBA1682368491B2B44A16099
:100FD00023600029ECD12146484600F00FFB002891
:100FE000E6D0B1E7BB463A4652E759460192FFF7D1
:100FF000A9FB019AA36892469B1AA3602368134435
:10100000236088E759465246FFF79CFB2368214638
:1010100053444846236000F0F1FA00283FF47BAFC8
:1010200092E7484600F0B4FC034600287FF426AF60
:101030004846216900F0CAFB0C22B4F90C30C9F80B
:10104000002023F0800381E76A1C17464AE70C2240
:10105000B4F90C30C9F8002078E700BF00FCFF7F2E
:1010600038B5C46B0CB1002038BD8021054600F0B6
:101070002DFB0246E86330B1031F7C3243F8044F76
:101080009342FBD1EFE74FF0FF3038BD30B51F2959
:10109000054683B008D8C36B0C4653B153F82400FF
:1010A00043F8242003B030BD162303604FF0FF3017
:1010B000F8E78021019200F009FB019A0346E863FA
:1010C0000028F3D0011F00F17C05002041F8040F37
:1010D000A942FBD1E2E700BF1F2938B505461ED85B
:1010E000C26B0C466AB152F8213053B1012B06D0C5
:1010F000591C10D00021204642F8241098470020A7
:1011000038BD284600F088FF224601462846BDE843
:10111000384000F06DBF162301202B6038BD162328
:101120004FF0FF302B6038BD1F292BD838B5C36B6B
:101130000C460546A3B153F8242003EB84034AB1BF
:10114000511C0BD0012A07D0002520461D60904776
:10115000284638BD012038BD032038BD022038BDE7
:10116000802100F0B3FA0346E86340B100201A1F63
:1011700003F17C0142F8040F8A42FBD1DBE74FF018
:10118000FF3038BD4FF0FF30704700BF38B5134B0C
:101190001F281D681DD8EA6B044662B152F8203042
:1011A0004BB1012B05D0591C0FD0002142F8201063
:1011B0009847002038BD284600F02EFF2246014601
:1011C0002846BDE8384000F013BF162301202B60ED
:1011D00038BD16234FF0FF302B6038BD000C0020C7
:1011E000114B1F2870B51E6808D8F36B04460D46D6
:1011F0004BB153F8240043F8245070BD16233360DC
:101200004FF0FF3070BD8021304600F05FFA03469A
:10121000F0630028F4D00021021F7C3042F8041F44
:101220008242FBD1E5E700BF000C002038B50B4B34
:101230001D68EC6B0CB1002038BD8021284600F001
:1012400045FAE86338B1031F00F17C0243F8044F0C
:101250009342FBD1EFE74FF0FF3038BD000C002088
:1012600038B5174B1F281D6826D80446E86BA0B177
:1012700050F8242000EB84034AB1511C0BD0012A02
:1012800007D0002520461D609047284638BD012024
:1012900038BD032038BD022038BD8021284600F02B
:1012A00015FAE86340B10021031F00F17C0243F806
:1012B000041F9342FBD1DBE74FF0FF3038BD00BF86
:1012C000000C002000207047024A0349034800F048
:1012D000DBBA00BF500C0020FD150008040C0020F4
:1012E0000C4B416810B59942044601D000F086F9D4
:1012F000A168094B994202D0204600F07FF9E168CD
:10130000064B994204D02046BDE8104000F076B963
:1013100010BD00BFB0120020181300208013002061
:10132000002070472DE9F84300250423294C2A4961
:101330000822C4F8381104F15C002946DFF89C90BB
:10134000DFF89C80274F284EC4E90335C4E90055D7
:10135000C4E90555A5606566FFF7A4F9234B08228B
:10136000294604F1C4006367C4E90849C4E90A874F
:10137000C4E91A55C4E91E5526632567C4F8CC5044
:10138000C4F88050FFF78EF9194B2946C4F8DC30B9
:10139000082204F1680304F59670C4F88830C4E9A3
:1013A0002398C4E92576C4E93455C4E93855C4F80E
:1013B000D850C4F83451C4F8E850FFF773F904F179
:1013C000D003C4E93D98C4E93F76C4F8F030BDE8E5
:1013D000F88300BFB0120020C91200084D1F00089A
:1013E000751F0008B51F0008D91F0008090001007B
:1013F00012000200F8B5254B0646D3F83831002B11
:101400003CD0234FD7E90134013B04D51DE05A1CE1
:1014100004F1680419D0B4F90C50013B002DF6D149
:101420001C4B08222946C4E90155C4E90455E36070
:1014300065662560A56104F15C00FFF733F9C4E936
:101440000D55C4E912552046F8BD3D680DB12F4633
:10145000D8E74FF4D671304600F038F9044680B131
:1014600004230560294625460C304FF4D072A06055
:101470006360FFF717F93C602F46C3E7FFF752FFA1
:10148000BFE70C2338603360DDE700BFB0120020F7
:10149000500C00200100FFFF036A03B17047044BAA
:1014A000044AD3F838310262002BF7D13AE700BF83
:1014B000B0120020E1120008704700BF704700BF63
:1014C0000020024A024900F0DFB900BF500C0020A2
:1014D000C51200080020024A024900F0D5B900BF39
:1014E000500C002021130008F8B5B1F90C300C465F
:1014F0001E07074639D44A68002A53DDE56A002DE5
:1015000031D000223E683A6013F48052216A55D1EE
:1015100001233846A847451C024663D0B4F90C3075
:10152000E56A216A580705D56368D21A636B0BB167
:10153000236CD21A00233846A847421C40D0002210
:10154000236962602360A389DB0400D56065616B59
:101550003E6041B104F14403994202D0384600F0A4
:1015600035F9002363630020F8BD0E69002EFAD020
:101570009B0718BF00230D6808BF4B690E60AD1BA9
:101580008B600CE02B463246D4F828C03846216ADE
:10159000E047B0F1000CA5EB0C05664406DD002D1C
:1015A000F0DCE0E70A6C002AA8DCDCE7B4F90C30D8
:1015B00043F040034FF0FF30A381F8BD626DB1E707
:1015C0003968B4F90C301D29F2D80B4ACA40D50746
:1015D000EED50022626022692260DA04B7D50029C4
:1015E000B4D0B4E73B68002B98D01D2B01D0162B4C
:1015F000DCD13E60B7E700BF010040200B69B3B10A
:1016000010B5044682B008B1036A5BB1B1F90C3081
:1016100013B9002002B010BD204602B0BDE8104052
:10162000FFF762BF0191FFF737FF0199EEE7002056
:10163000704700BFB8B138B50D4A03690446156854
:101640002BB10DB12B6A53B1B4F90C300BB900209A
:1016500038BD21462846BDE83840FFF745BF28463B
:10166000FFF71AFFF0E7034A0349044800F00CB9FA
:10167000000C0020500C0020FD150008040C002078
:1016800070B5114E054633680C46BBB1214628465D
:101690000DF0FCFC431C01460CD0C41C24F00304D8
:1016A000A04205D02846611A0DF0F0FC013001D0AF
:1016B000204670BD4FF0FF34204670BD19460DF036
:1016C000E5FC3060E2E700BFEC1300202DE9F843B1
:1016D000CD1C25F0030508350C2D38BF0C25002D39
:1016E000064618DBA94216D8DFF8DC8000F056FB6E
:1016F000D8F80420A2B1144603E0636822467BB107
:101700001C4623685B1BF8D40B2B1FD894426368DC
:1017100054D053600CE00C2333600020BDE8F88304
:1017200029463046FFF7ACFF431C044619D005603C
:10173000304600F035FB04F10B00231D20F00700BC
:10174000C21A1CBF1B1AA350BDE8F883611994424A
:10175000256014BF5160C8F80410635163684B6082
:10176000E6E7D8F804701FB33C467F68002FFBD132
:1017700023683946304604EB03090DF087FC8145A8
:1017800016D123683046ED1A2946FFF779FF01305C
:101790000ED02368D8F804202B442360536883B10B
:1017A000A34203D01A465B689C42FBD10023B0E7FA
:1017B0000C233046336000F0F3FAAEE7C8F804308B
:1017C000B6E7C8F80470B3E7EC130020002950D046
:1017D00038B551F8043C0C1F002BB8BFE41805467F
:1017E00000F0DCFA274A13682BB1A3420CD9216818
:1017F000601883422CD0284663601460BDE83840EE
:1018000000F0CEBAA3420FD81A465B68002BF9D17C
:1018100011685018844217D02CD363605460284656
:10182000BDE8384000F0BCBA11685018A04214D08E
:1018300020D8216860188342EFD118685B6808449B
:10184000C4E900035460EAE723680B441360E6E749
:1018500018685B6808442060CDE720680144501890
:1018600083421160DBD1D3E900040144C2E90014D2
:10187000D5E770470C2328462B60BDE8384000F0C0
:101880008FBA00BFF01300202DE9F8434FF0000994
:1018900080460F461646D6E90154013D10D4A3896F
:1018A000012B08D9B4F90E30013304D0214640464B
:1018B000B84749EA0009013D6B1C04F16804EED108
:1018C0003668002EE7D14846BDE8F88338B52F4B7F
:1018D00005461B680C4613B11A6A002A4BD0B4F9AE
:1018E0000C3018071CD5226922B313F0010107D070
:1018F00000206169A0604942A1613AB1002038BD71
:10190000980758BF6169A160002AF7D1190658BF2E
:101910001046F4D543F04003A3814FF0FF3038BDAB
:10192000D9062CD55A0712D4226943F00803A381A3
:10193000002ADAD103F42071B1F5007FD5D0214619
:10194000284600F02FFAB4F90C302269CDE7616B1C
:1019500051B104F14402914204D02846FFF736FF0A
:10196000B4F90C30002262630021226923F02403C1
:10197000C4E90021D9E71846FFF78EFDAFE7092239
:1019800043F040032A60A381C7E700BF000C00209A
:101990002DE9F041144641B30AB306460D4600F066
:1019A0001FFB8442074602D8B4EB500F13D82146E0
:1019B0003046FFF78BFE804650B1BC422246294696
:1019C00028BF3A46FEF73CFF29463046FFF7FEFEA9
:1019D0004046BDE8F081A8464046BDE8F081A046FB
:1019E000FFF7F4FE4046BDE8F0811146BDE8F04146
:1019F000FFF76CBE2DE9F84F92461F460A698B68C7
:101A00000C469A42B8BF1A46CAF8002091F84330F3
:101A10000646DDF8289013B10132CAF8002022688A
:101A200091065FD5DAF800300233CAF80030226838
:101A300012F0060F11461DD1E1689942D8BF114638
:101A400018DD4FF0000804F1190B05E0E568DAF83D
:101A50000030ED1A45450CDD01235A463946304623
:101A6000C847013008F10108F0D14FF0FF30BDE860
:101A7000F88F216894F84330003B18BF01238A0691
:101A80000AD53021E21882F8431094F845105A1C08
:101A90002244023382F843103946304604F14302AF
:101AA000C8470130E1D0D4E902202368DAF80050B9
:101AB00003F00603042B21691BD08A4220DD4FF07E
:101AC0000008521A904400251A3401E0454517DAFF
:101AD0000123224639463046C847013005F1010549
:101AE000F4D1C2E712F0060F0DD0003B18BF01235E
:101AF000D2E7401B8A4220EAE078E2DC0028E2DC00
:101B00000020BDE8F88FE168DAF800309942D8BFCC
:101B1000114696DCAEE700BF2DE9F04717460A7E76
:101B200084B00C46064698460C9D01F1430C002AF1
:101B300035D0A2F15803D9B2202969D8202B67D813
:101B4000DFE813F0E60066006600660066006600E7
:101B500066006600660066006600AC007000660005
:101B6000660066006600700066006600660066003B
:101B700021008300C60066006600B6006600830090
:101B800066006600EC002B682268181D61692860F9
:101B900010061B6802D4520600F1E0801960002391
:101BA000E14623613B4621463046CDF8008003AA3A
:101BB000FFF720FF013020D04A46394630462369DE
:101BC000C047013019D02368E0689B07DDF80C900E
:101BD00018D5484516DD002504F1190A04E0E0682F
:101BE000A0EB0903AB420DDD0123524639463046D6
:101BF000C047013005F10105F1D14FF0FF3004B0CD
:101C0000BDE8F0874845B8BF484604B0BDE8F08756
:101C1000012084F8422004F142090023206184F865
:101C20004330BFE72A682368111D1806296002D4D3
:101C3000590600F195801068014600286268C0F2DC
:101C400093804FF00A0E534815E020682B6810F07F
:101C5000800F53F8041B02D1400648BF89B26F2A97
:101C600014BF4FF00A0E4FF0080E4A482B600023B5
:101C7000626884F84330002AA26051DB236823F0B5
:101C80000403236000294BD1002A7BD1E146BEF139
:101C9000080F56D0ACEB0903236183E72A680120C3
:101CA000116804322A6004F1420984F84210B4E752
:101CB0002B6800211A1D2A60D3F8009062684846FC
:101CC00000F0F8F8002863D0A0EB09006060A4E7FA
:101CD000236843F02003236078222F4884F84520AE
:101CE0002A6813F0800F52F8041B03D113F0400F41
:101CF00018BF89B22A60DA0744BF43F0200323608B
:101D000019B9236823F0200323604FF0100EAEE7CB
:101D10005823204884F845302368E1E72368DBE74F
:101D20007546E146B1FBF5F30A4605FB131A194661
:101D300010F80A30AA4209F8013DF3D2BEF1080FAB
:101D4000A8D12368DD07A5D5626823699A42A1DC82
:101D5000302309F1FF3989F800309BE719801EE72D
:101D6000B2F90010084668E72D20002AA26084F826
:101D7000430002DB23F0040323600A250548AE4636
:101D80004942CEE7037804F1420984F842307EE705
:101D9000606842E7581001086C100108704700BFE6
:101DA000704700BF70B5B1F90C300C46990796B07A
:101DB00007D5012204F14703C4E90432236016B0B9
:101DC00070BDB4F90E100546002929DB6A460DF0F6
:101DD0006AF9002822DB4FF480612846019EFFF754
:101DE00075FC88B3A38906F4704643F08003A38191
:101DF0004FF48063B6F5005FC4E904032060DED1D0
:101E00002846B4F90E100DF05AF90028D7D0A3894E
:101E100023F0030343F00103A381D0E7B4F90C30AE
:101E200013F0800F14BF40264FF4806628463146D9
:101E3000FFF74CFC40B1A389C4E9040643F08003DA
:101E40002060A38116B070BDB4F90C309A05B6D4E9
:101E5000012123F0030304F1470243F00203C4E924
:101E60000421A3812260AAE770B50C46B1F90E10D7
:101E7000154600291E4696B00FDB6A460DF013F991
:101E800000280ADB019B4FF4806203F47043A3F542
:101E90000053B3FA83F35B0907E0A289002312F031
:101EA000800F14BF40224FF48062002033602A600C
:101EB00016B070BD5FFA81FC810744D00346511E05
:101EC00022B909E09A0709D0013905D318460278EA
:101ED00001336245F6D17047002070471846032948
:101EE0000CD80029F8D00346014401E08B42F3D01E
:101EF000184613F8012B6245F8D1704710B50CEB6A
:101F00000C24024604EB044402E00439032915D9E9
:101F1000104652F8043B6340A3F1013E2EEA03034E
:101F200013F0803FF1D00346014401E08B4208D01A
:101F3000184613F8012B6245F8D110BD1046002950
:101F4000F1D1002010BD1146C9E700BF10B50C4605
:101F5000B1F90E100DF08FF8002803DB636D034418
:101F6000636510BDA38923F48053A38110BD00BF16
:101F7000002070472DE9F0410C46B1F90C101F46C6
:101F8000CB05054616460BD421F48051A1813B4672
:101F900032462846B4F90E10BDE8F0410DF072B893
:101FA000B4F90E10022300220DF06AF8B4F90C10F7
:101FB000EAE700BF10B50C46B1F90E100DF060F85D
:101FC000B4F90C30421C0EBF23F4805343F4805309
:101FD0006065A38110BD00BFB1F90E100DF054B8BB
:101FE00051F8043C181F002BBCBF0B58C018704799
:101FF00070B50026074D0446084611462E600DF0C8
:1020000069F8431C00D070BD2B68002BFBD0236007
:1020100070BD00BFF41300200DF064B8014B1870C0
:10202000704700BF16140020014B1878704700BF9E
:10203000171400200023024A1370024A13607047ED
:102040001414002004140020012208B5064B1A7055
:102050000022064B1A70FFF7EDFF054B1878BDE81C
:10206000084004F07DBF00BF1714002000140020BA
:102070001614002008B50023054A1370054A137092
:10208000FFF7D8FF044B1878BDE8084004F074BF90
:102090001714002000140020161400200F4B10B558
:1020A0001B7873B1E03807280BD80D4C4A79237898
:1020B00042B11BB90B4B187804F05EFF2378013353
:1020C000237010BD013BDBB22370002BF9D1BDE8BA
:1020D0001040044B187804F043BF00BF17140020D1
:1020E00015140020161400203D4B1B68A3F5FC437B
:1020F000403B2D2B72D8DFE803F0171A1C1E20225C
:102100002426282A2C2E4630323436383A3C3E409B
:10211000424244484A4C4E50525456585A5C305FE2
:1021200061636567696B6D6F2E480AF0E1BA2E48EE
:10213000FBE72E48F9E72E48F7E72E48F5E72E484B
:10214000F3E72E48F1E72E48EFE72E48EDE72E485B
:10215000EBE72E48E9E72E48E7E72E48E5E72E486B
:10216000E3E72E48E1E72E48DFE72E48DDE72E487B
:10217000DBE72E48D9E72E48D7E72E48D5E72E488B
:10218000D3E72E48D1E72E48CFE72E48CDE72E489B
:10219000CBE72E48C9E72E48C7E72E48C5E72E48AB
:1021A000C3E72E48C1E72E48BFE72E48BDE72E48BB
:1021B000BBE72A2004F000BC2C48B6E72C48B4E763
:1021C0002C48B2E72C48B0E72C48AEE72C48ACE7E7
:1021D0002C48AAE72C48A8E72C48A6E7704700BF80
:1021E00010140020350601083605010849060108CB
:1021F0005E06010873060108CD040108CF0401083A
:10220000D1040108D304010876060108D5040108A9
:10221000D7040108DF040108E1040108E40401080F
:10222000E7040108EA040108ED040108F0040108CC
:10223000F3040108EC050108F6040108F80401089C
:10224000FA040108F8050108FC040108FF0401086C
:102250000205010805050108080501080B0501082C
:102260000E050108F2050108110501081405010811
:10227000170501081A0501081D05010820050108B8
:102280002305010826050108290501082C05010878
:1022900010B50C4C23686BB10B4A12786AB10B4A2B
:1022A00012683AB147F66E6293420CBF8B208A20C7
:1022B00004F082FB0023236010BD05480AF018FAE1
:1022C000F8E700BF0C1400200014002010140020B8
:1022D0001206010847F66E6210B58E4C23689342D1
:1022E00079D18D4B1B68A3F5FC43403B2D2B5DD86A
:1022F000DFE803F0171B1D1F21232527292B2D2F76
:102300004531333537393B3D3F41431F2147494B29
:102310004D4F515355575C595F61636567696B6DEC
:102320006F177E480AF0E4F940E07D48FAE77D48FF
:10233000F8E77D48F6E77D48F4E77D48F2E77D4819
:10234000F0E77D48EEE77D48ECE77D48EAE77D4829
:10235000E8E77D48E6E77D48E4E77D48E2E77D4839
:10236000E0E77D48DEE77D48DCE77D48DAE77D4849
:10237000D8E77D48D6E77D48D4E77D48D2E77D4859
:10238000D0E77D48CEE77D48CCE77D48CAE77D4869
:10239000C8E77D48C6E77D48C4E77D48C2E77D4879
:1023A000C0E77D48BEE72A2004F006FB0023236037
:1023B00010BD7A48B6E77A48B4E77A48B2E77A4877
:1023C000B0E77A48AEE77A48ACE77A48AAE77A48B5
:1023D000A8E77A48A6E747F66F629342E6D14E4BEC
:1023E0001B68A3F5FC43403B2D2BDFD801A252F81C
:1023F00023F000BF232300082B2300082F2300080D
:1024000033230008372300083B2300083F2300083C
:1024100043230008472300084B2300084F230008EC
:10242000532300087F230008AD230008AD240008D3
:10243000B1240008B5240008B9240008BD24000810
:10244000C1240008C5240008C9240008CD240008C0
:10245000D124000833230008D5240008D92400081B
:10246000DD240008E1240008E5240008E924000830
:10247000ED240008F1240008F5240008F9240008E0
:10248000FD240008AD2300080125000805250008EB
:10249000092500080D250008112500082926000837
:1024A0002D2600083126000835260008444839E763
:1024B000444837E7444835E7444833E7444831E780
:1024C00044482FE744482DE744482BE7444829E790
:1024D000444827E7444825E7444823E7444821E7A0
:1024E00044481FE744481DE744481BE7444819E7B0
:1024F000444817E7444815E7444813E7444811E7C0
:1025000044480FE744480DE744480BE7444809E7CF
:10251000444807E70C140020101400202E05010881
:102520002C050108300501083205010834050108B1
:1025300038050108400501084A050108520501084F
:102540005A0501085C050108660501086E050108C9
:10255000FB050108710501087405010878050108EB
:102560007B0501087E050108810501088405010835
:1025700087050108FA0401088A0501089805010881
:102580008D050108900501089405010897050108CB
:102590009A0501089D050108A0050108A305010889
:1025A000D5040108A605010875050108A90501085B
:1025B000AC050108AF050108B2050108B505010821
:1025C000B8050108BB050108BE050108C1050108E1
:1025D000E8050108C4050108C7050108CA05010886
:1025E000CD050108D0050108D2050108D50501086F
:1025F000D8050108DB050108DE050108E105010831
:10260000B6050108E4050108E7050108EB05010826
:10261000EF050108F1050108F4050108F7050108B7
:10262000FA050108FD05010803487BE6034879E641
:10263000034877E6034875E691050108000601089E
:10264000030601080606010808B50AF03FFB01224F
:10265000024B1860024B1A7008BD00BFFC1300202B
:10266000F81300202DE9F8434FF00109674F0646A3
:102670000D46C7F800900AF029FBA6F5FC426B79DD
:102680000446A2F1400080B2002B72D0604D2D288C
:102690002B7832D8DFF87C81042B06D8DFE803F0F2
:1026A0002A0326152800FFF71FFD01225A4B1A7036
:1026B0005A4B1E6045F6C050A8F80040FFF7C4FF13
:1026C000002000233B60BDE8F883554BB8F800209C
:1026D0001B889A1AE31A92B29BB29A4204D2FFF76D
:1026E000F9FD01232B70E0E7FFF7FEFC0423F9E777
:1026F000FFF7F0FD85F80090D7E76E3A92B2012A15
:102700001FD8DFF81C81042B06D8DFE803F013186C
:1027100003110700FFF7BCFD424BCAE73D4BB8F879
:1027200000201B889A1AE31A92B29BB29A4204D2F2
:10273000FFF7D0FD02232B70EEE7FFF7A9FD03237F
:10274000F9E70021344A042B117005D8022B0DD86B
:10275000012B05D0022B06D000232B700120B0E7FF
:10276000FFF7C2FCF8E7FFF793FDF5E7FFF7B2FDCF
:10277000F2E72F28F2D8264D2B78013B032B9FD868
:10278000DFE803F0020A112E244B1B689E4297D10A
:10279000FFF7AAFC002319E0224B1B689E428FD151
:1027A000FFF776FDF6E71D4B1B689E4210D11C4BD0
:1027B000184A1B881288E41A9B1AA4B29BB2A3423F
:1027C0000BD3132C09D8FFF78FFC02232B7077E76C
:1027D000144B1B689E427FF473AFFFF77BFDD9E774
:1027E000104B1B689E420FD10A4B0D4A1B88128862
:1027F000E41A9B1AA4B29BB2A342EED3132CECD8DA
:10280000FFF746FD0123E1E7044BE2E70414002053
:10281000141400200A1400200014002010140020BA
:10282000081400200C1400200C4B10B51B685BB979
:102830000B4C2378042B05D8022B0CD8012B04D089
:10284000022B05D00023237010BDFFF74DFCF9E7E4
:10285000FFF71EFDF6E7FFF73DFDF3E70414002048
:102860001414002010B5094C23786BB1084B18885C
:102870000AF031FA40F2DB53984205D90023237065
:10288000BDE81040FFF7D0BF10BD00BFF813002017
:10289000FC13002047F67A62904270B507D847F6DD
:1028A0006F6290421BD8E1282BD0E52845D0944C8C
:1028B000237823B1E52004F027F800232370914CFE
:1028C000237823B1E12003F0D7FF002323708E4C3F
:1028D0002378002B3AD0E52003F0CEFF2BE0A0F5C3
:1028E000FC4071384B79092838D8DFE810F09F0098
:1028F00019016801C10110026E02C6021B037F03A9
:10290000C1034E79814C46B17D4D2B78E3B1E52072
:1029100003F0FAFF00232B7016E07A4D2B7813B1E9
:1029200003F0AAFF2E70784D2B7823B1E52003F039
:10293000A3FF00232B70002307E04E79744C3EB1B7
:102940006F4D2B78002BE3D101232370012070BD44
:102950006C4D2B78002BE6D0E120E1E7002B3CD03A
:102960006A4B6B4D1B786B4CE3B101266A4BE1203F
:102970001E7003F0C9FF634B1E702B782BB1E5204E
:1029800003F0C2FF0122604B1A70637A13B12F204B
:1029900003F0BAFF2F2003F06FFF01225D4B5A7244
:1029A0000020D4E72E78012316B15B4A1370E6E7C6
:1029B0005A4A534D13702B781BB1E52003F0A4FF46
:1029C0002E70237813B11F2003F09EFF1F2003F009
:1029D00053FF01224F4B1A70E2E74F4A1178B9B109
:1029E0004C4C1370637A13B12F2003F08DFF002538
:1029F0006572444C23781BB1E12003F03DFF257044
:102A0000414C237823B1E52003F036FF00232370E7
:102A1000424B1A78002AC3D000253E4C1D70237803
:102A200013B11F2003F070FF2570B9E7002B3CD0D5
:102A3000364B374D1B78374C5BB92E780123FEB1EE
:102A4000354A5370E52003F05FFF01222E4B1A70C8
:102A50000AE00126304BE1205E7003F055FF294B60
:102A60001E702B78002BEDD1E37913B12E2003F0EB
:102A70004BFF2E2003F000FF0122264BDA718FE777
:102A8000264A1F4D53702B781BB1E52003F03CFF05
:102A90002E70637813B1232003F036FF232003F058
:102AA000EBFE01221B4B5A707AE71B4A5178B9B1F1
:102AB000184C5370E37913B12E2003F025FF002545
:102AC000E571104C23781BB1E12003F0D5FE257091
:102AD0000D4C237823B1E52003F0CEFE00232370B4
:102AE0000E4B5A78002A3FF45BAF0025094C5D700D
:102AF000637813B1232003F007FF657050E700BF30
:102B00003414002033140020321400201914002043
:102B100018140020351400201A1400202614002058
:102B2000002B31D0934B944C1B7813B9934B1E78E8
:102B3000A6B10122924B934D9A702B7823B1E120DC
:102B400003F09AFE00232B708F4D2B78002BA0D022
:102B5000E52003F091FE00232B709AE701228B4BB6
:102B60008B4D9A702B781BB1E52003F0CDFE2E70B3
:102B7000A37813B1242003F0C7FE242003F07CFEC9
:102B800001227D4B9A700BE77D4A917841B17A4CD6
:102B90009370637813B1232003F0B6FE00236370B3
:102BA0007A4B9A78002A3FF4FBAE0025724C9D7058
:102BB000A37813B1242003F0A7FEA570F0E6002B44
:102BC0003BD06C4B6C4C1B7813B96C4B1E78F6B138
:102BD00001226B4B6B4DDA702B7823B1E12003F0AF
:102BE0004BFE00232B70684D2B7823B1E52003F0BA
:102BF00043FE00232B70E37A13B1342003F084FEEC
:102C0000342003F039FE01225B4BDA72C8E6012260
:102C10005E4B5F4DDA702B781BB1E52003F074FE3C
:102C20002E70E37813B1252003F06EFE252003F00B
:102C300023FE0122504BDA70B2E6514AD17841B1FD
:102C40004D4CD370E37A13B1342003F05DFE0023C2
:102C5000E3724E4BDA78002A3FF4A2AE0025464CD0
:102C6000DD70E37813B1252003F04EFEE57097E6A2
:102C7000002B31D03F4B404C1B7813B93F4B1E7893
:102C8000A6B101223E4B3F4D1A712B7823B1E120B2
:102C900003F0F2FD00232B703B4D2B78002BC0D0AE
:102CA000E52003F0E9FD00232B70BAE70122374B42
:102CB000374D1A712B781BB1E52003F025FE2E70DD
:102CC000237913B1262003F01FFE262003F0D4FD44
:102CD0000122294B1A7163E6294A117941B1264C28
:102CE0001371E37813B1252003F00EFE0023E37087
:102CF000264B1A79002A3FF453AE00251E4C1D7155
:102D0000237913B1262003F0FFFD257148E6002B3F
:102D100040D0184B184C1B7813B9184B1E78A6B12D
:102D20000122174B174D5A712B7823B1E12003F084
:102D3000A3FD00232B70144D2B78002BC0D0E52071
:102D400003F09AFD00232B70BAE701220F4B104DC0
:102D50005A712B781BB1E52003F0D6FD2E706379F4
:102D600013B1272003F0D0FD272003F085FD0123B8
:102D7000637115E619140020351400201814002082
:102D80001A140020331400203214002026140020CE
:102D9000341400208D4A517941B18D4C53712379FF
:102DA00013B1262003F0B0FD00232371894B5A791B
:102DB000002A3FF4F5AD0025854C5D71637913B1B0
:102DC000272003F0A1FD6571EAE5002B3AD0824B84
:102DD0007F4C1B7813B9814B1E78EEB101227B4BDF
:102DE0007F4D9A712B7823B1E12003F045FD00233C
:102DF0002B707C4D2B7823B1E52003F03DFD0023A3
:102E00002B70237B13B1872003F07EFD872003F016
:102E100033FD01232373C3E501226E4B724D9A717A
:102E20002B781BB1E52003F06FFD2E70A37913B151
:102E30002D2003F069FD2D2003F01EFD0122644BBF
:102E40009A71ADE5614A917941B1614C9371237BEF
:102E500013B1872003F058FD002323735D4B9A794B
:102E6000002A3FF49DAD0025594C9D71A37913B103
:102E70002D2003F049FDA57192E573B3564B544CD8
:102E80001B7813B9554B1B78F3B101224F4B544DAE
:102E9000DA712B7823B1E12003F0EEFC00232B70D4
:102EA000504D2B7823B1E52003F0E6FC00232B7076
:102EB000A37A13B1332003F027FD332003F0DCFCA9
:102EC0000122434B9A726BE50125424BE520DD71EF
:102ED00003F0D2FC444B1D70A8E73C4AD17941B1C4
:102EE0003B4CD371A37A13B1332003F00DFD0023C3
:102EF000A372384BDA79002A3FF452AD0025344CE6
:102F0000DD71A37913B12D2003F0FEFCA571364BC2
:102F10001B78002B3FF444ADE52003F0F5FC0022C4
:102F2000314B58E543B32C4B2C4D1B78284C5BB9E7
:102F30002E780123AEB1254A5372E52003F0E4FC5C
:102F40000122284B1A7056E60126204BE1205E72C2
:102F500003F0DAFC224B1E702B78002B3FF44BAEB3
:102F6000EBE71C4A204D53722B78002BA0D0E520B4
:102F700003F0CAFC2E709BE7144A517AB9B1144C85
:102F80005372E37A13B1342003F0BEFC0025E572DE
:102F9000134C23781BB1E12003F06EFC2570114C1B
:102FA000237823B1E52003F067FC00232370094B4D
:102FB0005A7A002A3FF4F4AC0025054C5D72A37ADE
:102FC00013B1332003F0A0FCA572E9E41A14002029
:102FD0003514002026140020191400201814002095
:102FE0003314002032140020341400202BB3414B42
:102FF000414C1B7813B9414B1B78ABB10122404BBC
:10300000404D9A722B7823B1E12003F035FC002368
:103010002B703D4D2B78002B3FF4D3ACE52003F013
:103020002BFC00232B70CCE40125384BE5209D724E
:1030300003F022FC364B1D709AE5314A917A41B17A
:103040002D4C9372237813B11F2003F05DFC0023F5
:1030500023702E4B9A7A002A3FF4A2AC0025264C0E
:103060009D72A37813B1242003F04EFCA5704EE7A7
:103070002BB3204B204C1B7813B9204B1B78ABB1E2
:1030800001221F4B1F4DDA722B7823B1E12003F090
:10309000F3FB00232B701C4D2B78002B3FF4E4AC8A
:1030A000E52003F0E9FB00232B70DDE40125174B3D
:1030B000E520DD7203F0E0FB154B1D7065E4104A5E
:1030C000D17A41B10C4CD372E37913B12E2003F0C5
:1030D0001BFC0023E3710D4BDA7A002A3FF460AC4D
:1030E0000025054CDD72637A13B12F2003F00CFC30
:1030F00065720CE719140020351400201814002004
:103100001A1400203314002032140020261400204A
:1031100034140020F7B504460D4608F01DFA2B4E76
:103120002B4F7080E0B285424ED90021294A0FE032
:103130001CF801EBBEF1FF0F01D0864518D001331A
:10314000DBB2092BF4D101310C2902F1090239D08B
:1031500094460023ECE7012906D1012B04D100227B
:103160007388ADF8002015E07388ADF8000011E019
:103170003A683AB3122000FB012232F8131032F8F9
:103180001300090A12F8133040BAE4D1002BEBD136
:10319000ADF800308DF80230009806F02FF8C0F33B
:1031A00007238DF80400C0F307408DF805308DF833
:1031B00006009DF8063020469DF804209DF8051075
:1031C00006F01EFD0134ADE703B0F0BD5C0C00203D
:1031D0001C150020E90C0020032806D8D8225043F3
:1031E00000F12401014805F0C7BC704742140020DB
:1031F000074B084A10B51A600023074C2370607013
:1032000008F0AAF960806078BDE81040FFF7E4BFDD
:103210001C150020421400205C0C0020024B187882
:10322000431E5842584170475C0C002070B5114B4A
:103230001B78012B1CD1104A126892B112244878D5
:10324000097804FB00220D4832F81140054630F899
:10325000026BA64207D103F0070335F8133022F8BA
:103260001130012070BD0133092BF0D10023F6E7A6
:103270000020F7E75C0C00201C1500208C060108DC
:10328000704700002DE9FF411D4B1B7893B30022CE
:1032900001AC1146104606F01FFD002527460A2600
:1032A000DFF860800A2241463846FDF7C9FA00F08F
:1032B00005FE0378EAB2B3FBF6F3934200D8E5B912
:1032C00000F0FCFD0378312B03D900239622194628
:1032D00008E000F0F3FD03781D2B4FF00003F5D854
:1032E0001A4696212078013506F08AFC0A2D04F151
:1032F0000104D7D104B0BDE8F08100231A46E6E707
:103300009C3E002009060108F8B50E461446054605
:10331000314F002840D009F0A1FC304B38601A69C9
:10332000500402D51A6911043DD41A69520402D41A
:103330001B691B0439D4294A136913F4804305D04F
:10334000136983F40043C3F3C0335B003278062A69
:1033500096BF23490021895C224A15B9107898420A
:1033600002D15D1A18BF0125022B13701FD0032B49
:1033700026D0012B2DD10223337095B100F0FCFA39
:103380000022214600F082F909F068FC164B186013
:1033900009F036FC012005E0386809F0A3FC32286A
:1033A000B9D80020F8BD0323D0E70123CEE70323DB
:1033B0003370002DF5D000F0DFFA00220621E1E79E
:1033C00001233370002DECD000F0D6FA0022114614
:1033D000D8E7002DE5D0D7E72415002000080040ED
:1033E0009C0601082115002028150020014B1860BB
:1033F000704700BF2815002038B500F05BFD244C55
:10340000027823789A4206D000F054FD0022037817
:103410002370204B1A6000F04DFD0378022B16D06C
:10342000032B04D00BB91B4A1360012038BD194C83
:1034300025689DB909F012FC206000F09DFA044651
:1034400000F09AFA2A460146204601F0C5FC114CCC
:103450002068A8B909F002FC2060E6E7284609F0D8
:1034600041FC47F22F539842F1D909F0F7FB206055
:10347000112000F0D7FE44F620600AF0A6FEE6E731
:1034800009F030FC4EF65F239842CED9E2E700BF48
:10349000201500202815002013B58DF807100DF118
:1034A0000701FFF731FF044608B9FFF7A5FF2046E3
:1034B00002B010BD20224FF480412DE9F0414A486E
:1034C0000CF0A0F800BF00BF00BF00BF00BF00BFEE
:1034D00000BF00BF00BF00BF00BF00BF00BF00BFF4
:1034E00000BF00BF00BF00BF00BF00BF00BF00BFE4
:1034F00000BF00BF302585F3118803220E213A4812
:103500000CF0A0F8002484F3118820224FF400412D
:1035100035480CF077F800BF00BF00BF00BF00BF08
:1035200000BF00BF00BF00BF00BF00BF00BF00BFA3
:1035300000BF00BF00BF00BF00BF00BF00BF00BF93
:1035400000BF00BF00BF85F3118803220F2126486A
:103550000CF078F884F31188244B1B78BBB1092553
:103560004FF00108224E56F8041B4B1C0BD021F0E3
:103570000F0701F00F0108FA01F401222146384635
:103580000CF040F8BC61013D15F0FF05EBD10022C5
:1035900080214FF080400CF035F800BF00BF00BF25
:1035A00000BF00BF00BF00BF00BF00BF00BF00BF23
:1035B00000BF00BF00BF00BF00BF00BF00BF00BF13
:1035C00000BF00BF00BF00BF00BF302383F31188DE
:1035D000012207214FF080400CF034F8002383F3E0
:1035E0001188BDE8F08100BF00080040121F0020D4
:1035F000A4060108072805D00E38012804D80720A2
:1036000000F0BCBA0320FBE77047000008B54FF498
:1036100000124FF080439A614FF000729A61084B9C
:103620001B785BB1112000F0FDFD44F620600AF02C
:10363000CCFDBDE80840022000F0A0BA08BD00BFE4
:10364000121F002010B5084C237863B100F09CFADB
:10365000033801289DBF0023032023700220BDE80A
:10366000104000F07DBA10BD121F002008B500F018
:1036700021FC0378022B03D100F024FC007808BD64
:103680000020FCE700F006BC70470000F8B50C46CF
:1036900016460546F8B921BB154F3B78A34200D129
:1036A0003EB100F007FC0323037000F00BFC002385
:1036B00003703C7004F056F9ACB1A5B900F0EAFB18
:1036C00032462146284601F087FB324621462846ED
:1036D000FFF7DAFFF8BD0029DED1012000F0D2F9B2
:1036E000DAE70220FAE73146204600F009FEE7E774
:1036F0003815002037B500250446CDE9005500F007
:10370000D9FB0378022B07D0084B2A4619780846C4
:10371000FFF7BCFF03B030BD24B108222146684644
:10372000FDF78EF8684600F0E3FCF3E7381500205B
:103730002DE9F04F8FB00E220021814602A8FCF740
:10374000B1FF00F0B7FB0378022B08D05A4B0022E0
:1037500019780846FFF79AFF0FB0BDE8F08FB9F16E
:10376000000F00F0A2804FF01E08002520224946DD
:1037700006A8FDF765F8514F9DF819300DF11904B1
:103780003B7014F8010FFCF749FD08F1FF3828449D
:1037900018F0FF08C5B2F4D1494E4FF0060BB246FF
:1037A0001AF8013F9BB300242246D3B29D420BD8A6
:1037B0009AF80030A34218BF8AF8008022E0013353
:1037C0001E2B04D11C4607E000230DF1190111F84E
:1037D000010F0028F3D0DCB204F138036B4413F876
:1037E0001E0C019202F0BDFF40EAC404E4B221467F
:1037F00006A809F034F99AF80030019AA34202F1C0
:103800000102D2D10BF1FF3B1BF0FF0BC8D149469F
:10381000202206A8FDF714F84FF000084FF0010928
:103820005FFA88F39D420CD8264B24485B68984782
:1038300002A800F076FC8FE701331E2B04D11C4652
:1038400007E000230DF1190212F8011F0029F3D03F
:10385000DCB204F138036B4413F81E0C02F081FF54
:1038600040EAC404E4B2214606A809F0F8F832465A
:10387000002312F8011FA14202D021B93B449C70E1
:1038800008F10108CCE70133062BF2D16F2CF7D8F1
:103890000EAB03EBD40313F8302C04F0070409FA41
:1038A00004F4144303F8304CEAE70822494603487D
:1038B000FCF7F8FEB8E700BF3815002030150020EF
:1038C00031150020600C002037B500250446009516
:1038D0008DF8045000F0EEFA0378022B07D00E4B5F
:1038E0002A4619780846FFF7D1FE03B030BD74B1FF
:1038F00063788DF80030A3788DF80130E3788DF887
:10390000023063798DF8033023798DF804306846EE
:1039100000F04CFCE9E700BF3815002037B5002562
:103920000446ADF8065000F0C5FA0378022B07D024
:10393000104B2A4619780846FFF7A8FE03B030BDA1
:10394000002CFBD0A278637843EA0223ADF806305E
:10395000813B022B09D801220DF1060002FA03F384
:10396000ADF8063000F00EFCE8E70DF1060000F0BF
:10397000F3FBE3E738150020014B1878704700BFD0
:10398000381500207047000010B5FFF7FBFF00F06E
:10399000C7F900F0A1FA01F041F800F08DF8012814
:1039A00003D1BDE8104000F08DB800F0D3F850B955
:1039B000054C206804F0ECFA40F6B733984202D97F
:1039C00004F0D6FA206010BD2C150020FFF7DCBFF4
:1039D00070B5044658B108F041FF0C4B834205D046
:1039E000184608F035FF0122094B1A7070BD00F02F
:1039F00061FA0378022BF9D1044D20466B68984791
:103A00002046AB68BDE87040184700BF600C00203E
:103A1000540F002038B50446A8B108F01FFF154B1D
:103A2000834226D00122144B1A70144B1B699A054D
:103A300004D500F0B1FF124809F09EFDBDE8384002
:103A40000C4808F005BF0E4B1B78042B05D1094D1F
:103A50006B6898472046AB689847084B1B699B05E5
:103A600007D507480BF07DF805480BF095FC00F0F2
:103A70009BFF38BD580F0020063C0020000400408A
:103A8000904D002008B50B4A1178814204D00128DE
:103A9000107002D0022806D008BDFFF7BBFF00203F
:103AA000FFF796FFF8E70120FFF792FF0020FFF7EE
:103AB000B1FFF1E7740C0020014B1878704700BF8C
:103AC000740C002010B50D4B0D4C1B78052B11D13B
:103AD000236813B904F04CFA2060206804F058FA07
:103AE00040F6B733984207D900232360BDE8104061
:103AF00009F07DB80023236010BD00BF904D002069
:103B00003C15002010B50B4C2378052B10D1B4F8D0
:103B10004C309B0708D509F051F828B120460BF02E
:103B2000ABF805480AF051FBBDE8104009F068B851
:103B300010BD00BF904D0020A086010008B5044BC9
:103B40001B78012B01D1FFF7DDFF012008BD00BF6D
:103B5000740C0020014B1878704700BF4C150020F2
:103B6000014B1870704700BF4C15002008B504F0D9
:103B7000FFF9014B186008BD44150020014B187077
:103B8000704700BF42150020014B1878704700BFF6
:103B900042150020302310B583F3118800F04AFC51
:103BA000002484F3118872B600F058FD00F0D0FCB8
:103BB00004F092FA84F3118862B610BD014B1870BC
:103BC000704700BF4115002010B5074C237828B17D
:103BD0001BB1FFF7CBFF0323237010BD002BFCD1DB
:103BE0000122024B1A70F8E74C1500204115002005
:103BF000104B70B51D6800F009FF044620B9002283
:103C00000D4B1A7000240DE0FFF7B6FE18B90B4BF0
:103C10001B78042BF3D0002DF4D0074E33781BB162
:103C200000233370204670BD03F090FEA842E9D314
:103C3000F6E700BF4815002041150020904D0020F8
:103C40000120704708B5FFF7FBFF38B1044B186837
:103C500004F09EF9C72894BF0020012008BD00BFD2
:103C6000441500200120704708B5FFF7FBFF38B16D
:103C7000044B186804F08CF9C72894BF0020012079
:103C800008BD00BF441500200120704708B5FFF7AC
:103C9000FBFF38B1044B186804F07AF9C72894BFC9
:103CA0000020012008BD00BF44150020704700001F
:103CB00008B507F0C7FB003818BF0120044B187087
:103CC00007F0A8FB08F093FFFFF7F0FF08BD00BF67
:103CD00040150020002310B5074C2370FFF796FC19
:103CE000FFF758FF2378054A022B18BF03231370F0
:103CF000FFF7A8FC10BD00BF421500204C150020A6
:103D000008B5064B1B780BB107F06AFB08F078FF8B
:103D100002F06AF8BDE8084003F024BE4015002018
:103D200010B5154C2378032B1BD8DFE803F0020AEB
:103D3000131BFFF75DFFA0B1FFF718FF01232370EE
:103D40000FE0FFF77FFF60B1FFF7B2FFFFF70EFF55
:103D50000223F4E7FFF788FF18B1FFF707FFFFF72B
:103D6000B9FF10BDFFF792FF0028FAD0FFF7C8FF98
:103D7000FFF7FCFE0023E2E74C150020054A064B46
:103D800006495A60116051609A60DA600022196138
:103D90001A707047341D0020501500206415002053
:103DA0002DE9F041174C0E466768A56807F59C7829
:103DB0004545E36804D19F4206D10020BDE8F0816B
:103DC00005F108029342F7E70F4B22699A1A312A4C
:103DD0009CBFA3F2CF732361322EEED82369014634
:103DE00032461846FCF72CFD03464545334428600F
:103DF00023616B6002D1A7600120DFE70835A56071
:103E0000FAE700BF50150020331D0020074A10B507
:103E1000D3689268934207D0D3E90014641A22460B
:103E2000FCF70EFD204610BD0024FBE750150020D6
:103E3000074BDA6899688A4208D0596801F59C7086
:103E4000824201D1D96070470832DA60704700BF02
:103E500050150020014B1878704700BF5015002006
:103E6000014B1870704700BF501500200246002318
:103E700030B5441812F8015B2B44A242DBB2F9D1F1
:103E8000435430BD0120704708B5FFF7FBFF08BD64
:103E90007047000008B54FF4E13009F06FF9FFF703
:103EA0006DFFBDE80840242200210148FCF7FABB61
:103EB000C81E002000487047750C0020004870475D
:103EC000780C002000487047760C002018B111B122
:103ED00089B209F083B9704773B5FFF7BBFF0328B8
:103EE0000FD8DFE800F040022D3B774B186804F054
:103EF0004FF80A2805D900220220744B1A70FFF7E8
:103F0000AFFF734D734C09F073F9002856D009F0D8
:103F10005BF92A68012A38D0022A3ED0002A5BD1F8
:103F200061282FD85F2804D8A0F15A03DBB2032BF5
:103F3000E9D8012302222B60674B20701A70E2E758
:103F4000624A13780133DBB2282B02D813700020A9
:103F5000D5E700231370FFF76BFFF8E7FFF768FF63
:103F60000020FFF77DFF5D48FFF750FF0146002866
:103F7000C7D05A48FFF7AAFF03F0FAFF524B186068
:103F80000120BCE7AF28BED1D3E70223524A2B6001
:103F900013786070013B1370B5E72378612B0FD164
:103FA00063780D2B18D10A2816D1FFF753FF01288B
:103FB00002D10320FFF754FF00232B6002B070BD35
:103FC000AF2B09D16378602B06D103232B60424BC2
:103FD000A0700130187096E73F49531C2B600B7896
:103FE000A054013BDBB20B70002B8CD11946394831
:103FF00010F8016B013133448A42DBB2F8D8A25C7D
:104000009A422AD10322364901A8FCF719FC032160
:1040100001A809F0E3F820462978FFF735FF0028CA
:10402000CCD02378602B0AD8592B16D95A3B062BB3
:1040300013D8DFE803F015193A3E12124200AF2BF5
:104040000BD1A678202E08D1264932462648FCF707
:10405000F7FB31462448FFF71BFF00232B6052E794
:104060006278224B5A70F8E76378313B052BF4D81D
:1040700001A252F823F000BF9140000899400008C7
:104080009F4000085B4000085B400008A540000816
:104090000122164B1A70E0E70222144BFAE70322C2
:1040A000124BF7E70422114BF4E762780F4BDA70FA
:1040B000D3E762780D4B9A70CFE76078431E584281
:1040C0005841FFF781FDC8E7801E00207C1E0020BC
:1040D000781E0020A41E0020741E0020C81E002090
:1040E00014060108A71E0020841E0020750C002065
:1040F0001FB5002301930293ADF80C30A1230822D1
:1041000001460DF105008DF80430FCF799FB01A87C
:104110000921FFF7ABFE0A21FFF742FE05B05DF86B
:1041200004FB30B5102585B004462A4600216846B8
:10413000FCF7B8FAA2230E2221460DF101008DF8FA
:104140000030FCF77DFB68460F21FFF78FFE294604
:10415000FFF726FE05B030BD002307B50193A3236A
:10416000022201460DF105008DF80430FCF768FBD2
:1041700001A80321FFF77AFE0421FFF711FE03B027
:104180005DF804FB002307B58DF80630A4238DF8F5
:1041900004300378022101A88DF80530FFF766FE90
:1041A0000321FFF7FDFD03B05DF804FB002307B515
:1041B0000093ADF804308DF80630A823052201469F
:1041C0000DF101008DF80030FCF73AFB684606213E
:1041D000FFF74CFE0721FFF7E3FD03B05DF804FB9A
:1041E00030B5054687B0152200216846FCF75AFA1B
:1041F0002846FCF721FAC4B2122C11D8A923224672
:1042000029460DF102008DF800308DF80140FCF7D1
:1042100017FBA11C6846FFF729FE1521FFF7C0FD1B
:1042200007B030BD002307B58DF80630A6238DF802
:104230000500022101A88DF80430FFF717FE0321C5
:10424000FFF7AEFD03B05DF804FB30B50C468FB050
:1042500005463122002101A8FCF724FA2E2C11D8A2
:10426000AB23224629460DF106008DF804308DF867
:104270000540FCF7E5FAA11C01A8FFF7F7FDE11CDA
:10428000FFF78EFD0FB030BD30B50C468FB0054640
:104290003122002101A8FCF705FA2E2C11D8AC23FD
:1042A000224629460DF106008DF804308DF80540B0
:1042B000FCF7C6FAA11C01A8FFF7D8FDE11CFFF727
:1042C0006FFD0FB030BD1FB5002304220293ADF87F
:1042D0000C30AD2340EA014001900DEB02010DF1DD
:1042E00009008DF80830FCF7ABFA02A80521FFF7AA
:1042F000BDFD0621FFF754FD05B05DF804FB00008D
:1043000010B50C4606285CD8DFE800F0042C3740D6
:10431000495209001120BDE81040FFF783BF30204B
:10432000FFF780FF002C4CD0264B9B782F2B12D808
:1043300008212548FFF789FF0B212448FFF7A4FF38
:1043400043F22D404EF2C641FFF7BDFF5220FFF76A
:1043500069FF5120DFE712211D48FFF776FF182182
:104360001C48EBE73120FFF75DFF54B35220FFF705
:1043700059FF1948FFF734FFEBE73220FFF752FFF0
:10438000FCB15220FFF74EFF1448F3E73320FFF74C
:1043900049FFB4B15220FFF745FF1148EAE7342046
:1043A000FFF740FF6CB15220FFF73CFF0D48E1E7FB
:1043B0003520FFF737FF24B15220FFF733FF0A48BB
:1043C000D8E710BD750C0020180601082106010869
:1043D000C8060108DA0601082D060108370601089B
:1043E000410601084B0601086006010810B5C4B279
:1043F0000B2C0CBF02200120FFF7C0FB2046FFF76B
:10440000F9F80BF0D8F84FF0FF32014B5A6110BDAC
:10441000001800400023054A0549C2E90013013392
:10442000102B02F10802F8D1704700BFF0490020BC
:10443000ED4300082DE9F041FFF7ECFF00254FF0B8
:1044400001083F4E56F8041B4A1C0CD021F00F0700
:1044500001F00F0108FA01F4214605223846240430
:104460000BF0D0F8BC610135EDB2092DEAD10C2476
:1044700001263027334D55F8040B431C2ED000F095
:104480000F01202206FA01F120F00F000BF0BAF81C
:1044900000BF00BF00BF00BF00BF00BF00BF00BF24
:1044A00000BF00BF00BF00BF00BF00BF00BF00BF14
:1044B00000BF00BF00BF00BF00BF00BF00BF00BF04
:1044C00087F3118855F8040C032200F00F0120F047
:1044D0000F000BF0B7F8002383F31188013C14F0B0
:1044E000FF04C8D122464FF4006117480BF08AF848
:1044F00000BF00BF00BF00BF00BF00BF00BF00BFC4
:1045000000BF00BF00BF00BF00BF00BF00BF00BFB3
:1045100000BF00BF00BF00BF00BF00BF00BF00BFA3
:10452000302383F3118803220B2107480BF08AF80C
:1045300084F31188FEF7BEFFBDE8F0410BF01CB814
:10454000F406010818070108000800407047000041
:1045500008B509F06DF8124B4FF400619A6C1148E0
:1045600042F4C0629A649A6C9A6C42F480429A64F3
:104570009A6CDA6C42F00802DA64DA6C9A6C42F4F3
:1045800080529A649A6CDA6C42F01002DA6440F25B
:104590008232DB6C0BF036F8FFF7D8FF08BD00BFA6
:1045A000000C0140000800404FF0E02238B51369CC
:1045B000012423F001031361224A234B5A61002294
:1045C0000021930003F1604303F56143D3F8000138
:1045D000CDB2012D94BF002000F0010008B1C3F856
:1045E000804101312029F1D10132082AE8D1174C4C
:1045F000636843F000736360154B1A6802F00902A8
:104600001A601A6842F46C3242F004021A6040F2F6
:10461000B3321A620F4B43F001039847236943F00A
:104620000403236130BF0C4B43F0010398474FF064
:10463000E022236923F004032361136943F001039B
:10464000136138BDFFFF07000018004000ED00E0D7
:1046500000000140B00C00207C0C0020FFF7A4BF3C
:104660000B8807B5A3F5FC43032B1FD8DFE803F045
:1046700002223D58374A012013789278C3F342034F
:1046800002F007020DF107018DF80730FEF73CFE3E
:104690009DF80720042A09D81523D340D90705D54A
:1046A000FFF76AF901221146FEF7F0FF002003B080
:1046B0005DF804FB274A012013789278C3F3420384
:1046C00002F007020DF107018DF80730FEF71CFE1E
:1046D0009DF80720042AE9D81523D340DA07E5D549
:1046E000FFF74AF901220221DEE71A4A0120137876
:1046F0009278C3F3420302F007020DF107018DF82F
:104700000730FEF701FE9DF80720042ACED81523B6
:10471000D340DB07CAD5FFF72FF901220321C3E7F6
:104720000C4A012013789278C3F3420302F0070287
:104730000DF107018DF80730FEF7E6FD9DF8073013
:10474000DA1E012A01D9002BB0D1FFF715F9012299
:104750000621A9E71048002008B540F282324FF444
:1047600000714FF080400AF04DFFBDE8084040F274
:1047700082324FF480614FF080400AF043BF000066
:1047800010B50A4C238803F00E0363F0FE03238068
:10479000A37823F00F0343F00103A370FEF770FD2D
:1047A0002068BDE8104003F05DB800BF104800204D
:1047B000002310B586B08DF80C3004938DF81430BA
:1047C00055238DF80830052304AC8DF809008DF8C9
:1047D0000A108DF80B201946009402AA0F2004F04D
:1047E000CBF806B010BD7FB5042200210DF1090001
:1047F000FBF758FF002204AB04928DF814200093BD
:10480000BB2205238DF80820194602AA0F2004F0C8
:10481000B3F807B05DF804FB08B503F020F8044BCB
:10482000186018B9BDE80840FFF7AABF08BD00BF6F
:104830001048002010B5084C00224FF400712046AB
:104840000AF0E0FE23699B0502D40120FFF71AF964
:10485000BDE8104003F0C3B80004004038B5C825D7
:1048600009F08CFA044610B10124204638BD013D00
:104870004FF47A70ADB209F0A8FC002DF0D1034BD3
:104880001B699B05F0D409F06DFAEEE700040040C7
:1048900010B53A4CFFF7C0FFE378A52B06D10023F3
:1048A000E370206802F0DEFF08F034FA01222021D4
:1048B0004FF080400AF0A6FE06F04EFE18B14FF011
:1048C000804320229A6101224FF480714FF0804092
:1048D0000AF098FE06F040FE20B14FF080434FF4FE
:1048E00080729A6120224FF4804125480AF08AFEA6
:1048F00020224FF4004122480AF084FE4FF4003396
:1049000020480122836102210AF07CFE00228021DE
:104910004FF080400AF076FE20224FF400414FF025
:1049200080400AF06FFEFEF7ADFE08F097F9164BD7
:10493000186003F055F820780009FEF759FC06F0DE
:10494000F3FD124BC0F307221870C0F307405A70F2
:10495000987003F00DFD28B103F004FD10B901209B
:10496000FFF790F8FFF7AAFA094B027809491A7085
:104970000F20BDE8104003F0F1BF00BF1048002039
:1049800000080040000400401C1F00200C480020CC
:10499000A03E0020A55D00084FF40032014B9A6153
:1049A000704700BF000400400222014B9A6170472B
:1049B000000400404FF080434FF400129A614FF022
:1049C00080729A6108F0F8B810B506F0C5FD18B10C
:1049D0004FF0804320229A6106F0BEFD20B14FF0D7
:1049E00080434FF480729A61FEF7C6FF0446FEF7DB
:1049F000C3FF002201462046FEF748FE08F0DDF81E
:104A000008F02CF9BDE81040FEF7F0BC08B5FEF741
:104A1000B3FF003818BF012008BD000038B503F00F
:104A2000A7FC40BB164D174C2868C8B108F05AF9CE
:104A3000632815D97020FFF7F5FB5520FFF7F2FB2F
:104A40005720FFF7EFFB0022217811F00E0F0CBF6B
:104A500001201046C1F34201FEF718FE00232B602F
:104A6000A27821780020BDE8384002F00702C1F3A7
:104A70004201FEF711BD03F075FC0028D2D138BD0C
:104A80001C1F002010480020574B37B51880A0F598
:104A9000FC400C46032800F2A480DFE800F0023A54
:104AA0005D80524A012013789278C3F3420302F0EA
:104AB00007020DF107018DF80730FEF725FC9DF880
:104AC0000720042A22D81523D340D9071ED565799B
:104AD000474C9DB1FEF750FF012805D0FEF74CFF73
:104AE00000220121FEF7D2FD23785BB940F6B830F1
:104AF0003D4A404907F06CF9207003E0207807F048
:104B000075F9257008F0AAF8FEF770FC002003B0D4
:104B100030BD364A012013789278C3F3420302F085
:104B200007020DF107018DF80730FEF7EDFB9DF848
:104B30000720042AEAD81523D340DA07E6D5657999
:104B40002B4C002DDAD0FEF717FF0228CCD0FEF751
:104B500013FF00220221C5E7244A0120137892782E
:104B6000C3F3420302F007020DF107018DF807308D
:104B7000FEF7CAFB9DF80720042AC7D81523D340A7
:104B8000DB07C3D565791A4C002DB7D0FEF7F4FECC
:104B90000328A9D0FEF7F0FE00220321A2E7134A62
:104BA000012013789278C3F3420302F007020DF15B
:104BB00007018DF80730FEF7A7FB9DF80730DA1ED6
:104BC000012A01D9002BA1D16579094C002D95D07E
:104BD000FEF7D2FE062887D0FEF7CEFE0022062181
:104BE00080E7012093E700BFFA1E00201048002054
:104BF000F91E00206146000813B506F04FFC01289D
:104C0000374C0CD106F090FCC0F3072310F0FF00E6
:104C10008DF8053013D1DBB2C3B1032323702378A1
:104C20000133DBB20B2B237020D10023237006F05D
:104C3000E9FB23782B4AD05C06F02DFC22E0782893
:104C400010D005D8282809D0502809D00923E5E735
:104C5000A02809D0C828F9D10823DFE70423DDE71D
:104C60000523DBE70623D9E70723D7E70A2BDED1A5
:104C700006F05AFCFF21C0F30742002006F051FC69
:104C800006F0D8FB06F050FC2378C0F30742092B4E
:104C900024D8DFE803F01D2323050C0F1215181B81
:104CA000FF21002002B0BDE8104006F03ABCFF2111
:104CB0002820F7E7FF215020F4E7FF217820F1E7D3
:104CC000FF21A020EEE7FF21C820EBE70021E8E765
:104CD000FF2002B0BDE8104006F0B4BCC820F8E7E1
:104CE000F81E0020D80C0020FDF7BCBD4FF080421C
:104CF00038B51369224803F08001C3F3C013037071
:104D00001369204803F40042C3F3C033037069B34E
:104D1000002A0CBF642466241B4D286840BB07F0A2
:104D20009DFF28602046FFF77DFA5320FFF77AFAAF
:104D300003F01EFB10B3154C206807F0D3FFB0F54D
:104D4000FA6F1BD907F08AFF2060FFF7B7F8104D04
:104D500003782B70FEF710FE0446FEF70DFE2A784E
:104D600001462046BDE83840FFF722BD6524D3E761
:104D700007F0B8FFB0F57A7FD1D8D9E738BD00BFCA
:104D8000191F0020181F0020F41E0020F01E002014
:104D9000A03E002073B5154606461C46019107F05B
:104DA0005DFF084B03221860074B64001E60074B31
:104DB00001A91D60064B07481C60FBF741FD02B0CE
:104DC00070BD00BF0C1F0020001F0020081F002026
:104DD000041F0020FC1E0020F7B5524B524D0E461A
:104DE0002F7814461A70FEF7C7FDC7F342078742B3
:104DF00013D0FEF7C1FD2B7800F0070060F34303EA
:104E00002B7003F00E032BB103289EBFAB7860F329
:104E10000203AB70286802F025FD711E05297ED8BB
:104E2000DFE801F0031B2F43576BFF236CB1002217
:104E30008DF80630ADF804200123C8221120019915
:104E400003B0BDE8F040FFF7A5BF8DF806304FF482
:104E5000FA720123ADF80440F0E7FF234CB10022C1
:104E60008DF80630ADF804200123C82212200199E4
:104E7000E6E78DF806304FF4FA720123ADF80440EE
:104E8000F4E7FF234CB100228DF80630ADF8042082
:104E90000123C82213200199D2E78DF806304FF480
:104EA000FA720123ADF80440F4E7FF234CB100226D
:104EB0008DF80630ADF804200123C822292001997D
:104EC000BEE78DF806304FF4FA720123ADF80440C6
:104ED000F4E7FF234CB100228DF80630ADF8042032
:104EE0000123C8222A200199AAE78DF806304FF441
:104EF000FA720123ADF80440F4E7FF23ADF8043063
:104F00003CB10023C8228DF80630012314200199FA
:104F100096E701234FF4FA728DF80640F6E703B0E6
:104F2000F0BD00BF101F00201048002010B5FEF794
:104F3000C1FF0378022B0CD0FEF71EFD0446FEF7DE
:104F40001BFD064B01461A782046FFF745FF01205E
:104F500010BD01F042FC0020FAE700BF101F002046
:104F600070B5164C2068D0B107F0BCFE144B154D3F
:104F70001B68984208D2144B18682B6813F0010381
:104F800013D11A46194614E007F068FE2B6820601A
:104F900033B900232360FFF7C9FF0028EBD170BDB0
:104FA000013B2B60002BE6D1F3E708498B780A78A8
:104FB0004978BDE8704004F023BE00BF0C1F0020FC
:104FC000081F0020041F0020001F0020FC1E0020DE
:104FD000F7B50C4C1D46237806461746019173B968
:104FE0000123237007F03AFE6D006060032201A9DF
:104FF00004F11100A760E5602674FBF721FC03B003
:10500000F0BD00BFA43E002010B5134C23780BB3B5
:10501000606807F067FEA368984210D307F01EFE91
:10502000E36860603BB90023237063600023207C49
:105030001A4619460AE0013BE360002BF3D0E3680F
:10504000207CDB07F2D5E37C627CA17CBDE81040CC
:1050500004F0D6BD10BD00BFA43E0020254B13B503
:105060001C78B4B1244B25491A78254B1B785BB1C9
:1050700000230B60002A3AD01A46FF213F2002B0DD
:10508000BDE8104004F0BCBD0B6082B3FF2219469E
:10509000F4E7FEF713FF03780F2B26D8FF238DF8D4
:1050A0000640ADF80430FA2201233F200199FFF7B2
:1050B0008FFFFEF703FF0378CBB9104C236813B9B9
:1050C00007F0CCFD2060206888B107F00BFE4EF69B
:1050D000602398420BD9002301202360094B1870EC
:1050E00002B0BDE81040FEF769BD044B1C6002B081
:1050F00010BD00BF191F0020111F0020EC1E002052
:10510000181F0020121F00202DE9F34106461D46FE
:10511000182000231746134A019100FB03F112F8EF
:1051200001808C18B8F1000F17D10123535407F0F8
:1051300095FD6D006060032201A904F11100A760D4
:10514000E5602674FBF77CFBFF2E0ABF064BC4F814
:105150001480636102B0BDE8F0810133632BDCD1C0
:10516000F8E700BFC43E0020ED5100081FB5002441
:10517000ADF800408DF8024000990123FA22362054
:10518000FFF7C2FFADF804408DF8064001990123F6
:10519000FA224220FFF7B8FFADF808408DF80A4028
:1051A00002990123FA224320FFF7AEFF0123FA22DE
:1051B0004120ADF80C408DF80E40039904B0BDE8D5
:1051C0001040FFF7A1BF41F2100307B5ADF804305E
:1051D00010238DF80630FA220323FF200199FFF7F0
:1051E00093FF012003B05DF804FB00001822124B6E
:1051F00082B002FB0030837C6E2B0ED1427CC2B9A0
:10520000C27CB2B9ADF804308DF806200123FA2231
:10521000FF20019902B0FFF777BF53B9437C6E2B93
:1052200007D1C37C2BB9ADF804306F238DF806305D
:10523000ECE702B0704700BFC43E0020094A0023DB
:10524000114610B5147C844206D118225343002223
:10525000C818C260CA5410BD0133632B02F1180292
:10526000F0D1F8E7C43E0020F7B505460C4600F043
:10527000DDFD002876D0A04B1A783AB162792AB1C8
:105280000022114610461A7004F026FDFEF712FEA9
:105290000378022B03D107F0E1FCFEF7A7F845F2F3
:1052A00023239D4207D047F621039D4212D045F2A9
:1052B00021239D4246D1677967B9FDF7AFFF48B119
:1052C0008E4E337823B1214628463770FDF7AEFF66
:1052D0000123337021462846FFF7D6FB06460028F7
:1052E00040D0452D5ED81D2D3DD91E3D272D3AD8E5
:1052F000DFE815F014023002460268028602A002BE
:10530000BA02D002E602FC02390039003900390045
:1053100039001203280339003900390039003900F7
:10532000390039003900390039003900E6000C0134
:1053300024013C0154016C0184019C01B401CC01A5
:10534000E401FC01FDF76AFF0028C3D0A5F5A443E2
:10535000203B1F2BBED96379002BBBD021462846AA
:10536000FDF764FF0026304603B0F0BDA5F5F0451B
:10537000213D092DF7D801A353F825F0075B00085C
:105380006753000867530008675300086753000815
:1053900067530008135A0008355A0008E7590008F7
:1053A000FF590008B5F5F84F00F0F98240D847F6EC
:1053B0002A039D42D7D847F620039D42D6D8B5F59B
:1053C000A44F00F0558316D8E32D00F0A983E72DF4
:1053D000C9D14B4D288801F0D4F9022840F0BD8393
:1053E000484B1B78DB06BED5FDF718FF0028BAD165
:1053F000E7206379A6E345F202239D4200F0608333
:1054000047F213039D42AED1FDF708FF0028A9D152
:105410006379002BA7D04FF4DC438DF80600ADF87C
:105420000430FA220123FF200199FFF76DFE9AE76D
:1054300047F603439D4200F0CD82A5F5FC452B1FA6
:105440009BB2072B8FD8053D062D00F2B182DFE815
:1054500015F08F038F02A0020700160021002C0018
:105460006379E0202BB101F007FA1D2001F004FA66
:1054700079E701F049FA1D2001F046FA73E76379F4
:10548000E0201BB101F0F8F91B20EFE701F03CFA36
:105490001B20F1E76379E0201BB101F0EDF9062054
:1054A000E4E701F031FA0620E6E76379E0201BB17A
:1054B00001F0E2F91920D9E701F026FA1920DBE71B
:1054C000114B9B78DA067FF54EAF0D4D288801F021
:1054D00058F9022805D1637953B9AF2001F04AF891
:1054E00040E7288801F04DF903287FF43CAFF2E74C
:1054F000AF2001F029F835E7131F0020BF3E002040
:10550000741F00202C480020104800208F4B9B78EF
:10551000DB067FF528AF8E4D288801F032F902288E
:1055200003D1637943B9AA20D8E7288801F029F983
:1055300003287FF418AFF4E7AA20DAE7834B9B78BF
:10554000DF067FF510AF824D288801F01AF9022896
:1055500003D1637943B9A920C0E7288801F011F984
:1055600003287FF400AFF4E7A920C2E7774B9B78CC
:10557000DD067FF5F8AE764D288801F002F90228A5
:1055800003D1637943B9A820A8E7288801F0F9F886
:1055900003287FF4E8AEF4E7A820AAE76B4B9B78DA
:1055A000D8067FF5E0AE6A4D288801F0EAF80228B7
:1055B00003D1637943B9AD2090E7288801F0E1F881
:1055C00003287FF4D0AEF4E7AD2092E75F4B9B78E1
:1055D000D9067FF5C8AE5E4D288801F0D2F80228C2
:1055E00003D1637943B9AC2078E7288801F0C9F882
:1055F00003287FF4B8AEF4E7AC207AE7534B9B78EE
:10560000DA067FF5B0AE524D288801F0BAF80228CC
:1056100003D1637943B9AE2060E7288801F0B1F87F
:1056200003287FF4A0AEF4E7AE2062E7474B9B78F7
:10563000DB067FF598AE464D288801F0A2F80228D7
:1056400003D1637943B9AB2048E7288801F099F882
:1056500003287FF488AEF4E7AB204AE73B4B9B7806
:10566000DF067FF580AE3A4D288801F08AF80228DF
:1056700003D1637943B9B12030E7288801F081F87C
:1056800003287FF470AEF4E7B12032E72F4B9B780C
:10569000DD067FF568AE2E4D288801F072F80228ED
:1056A00003D1637943B9B52018E7288801F069F878
:1056B00003287FF458AEF4E7B5201AE7234B9B7814
:1056C000D8067FF550AE224D288801F05AF80228FE
:1056D00003D1637943B9B22000E7288801F051F87B
:1056E00003287FF440AEF4E7B22002E7174B9B7823
:1056F000D9067FF538AE164D288801F042F8022809
:1057000003D1637943B9B420E8E6288801F039F879
:1057100003287FF428AEF4E7B420EAE60B4B9B782D
:10572000DA067FF520AE0A4D288801F02AF8022813
:1057300009D0288801F025F8032804D03A2063799D
:10574000002B3CD035E0BE206379F9E710480020FB
:10575000741F00209C4B9B78DB067FF504AE9B4DAD
:10576000288801F00EF8022807D0288801F009F8EF
:10577000032802D03B206379E2E7BD206379DFE7AD
:10578000914B9B78DF067FF5EEAD904D288800F0B9
:10579000F8FF022807D0288800F0F3FF032802D082
:1057A0003C206379CCE76379E3202BB101F064F806
:1057B0002B2001F061F8D5E501F0A6F82B2001F0CF
:1057C000A3F8CFE5804B9B78DD067FF5CCAD7F4D10
:1057D000288800F0D6FF022807D0288800F0D1FFE3
:1057E000032802D03D206379AAE76379E3201BB147
:1057F00001F042F80820DCE701F086F80820DEE737
:10580000714B9B78D8067FF5AEAD704D288800F0BF
:10581000B8FF022807D0288800F0B3FF032802D081
:105820003E2063798CE76379002B3FF49BAD05F054
:1058300005FF97E5644B9B78D9067FF594AD634DE2
:10584000288800F09EFF022807D0288800F099FFE2
:10585000032802D03F20637972E76379002B3FF47D
:1058600081AD05F0D7FE7DE5574B9B78DA067FF5D5
:105870007AAD564D288800F084FF022807D028888A
:1058800000F07FFF032802D04020637958E7AC2066
:10589000637955E74C4B9B78DB067FF564AD4B4D48
:1058A000288800F06EFF022807D0288800F069FFE2
:1058B000032802D04120637942E7AE2063793FE7B5
:1058C000414B9B78DF067FF54EAD404D288800F0B8
:1058D00058FF022807D0288800F053FF032802D081
:1058E000422063792CE7AB20637929E7364B9B781C
:1058F000DD067FF538AD354D288800F042FF0228DF
:1059000007D0288800F03DFF032802D043206379A8
:1059100016E7A820637913E72B4B9B78D8067FF511
:1059200022AD2A4D288800F02CFF022807D02888B5
:1059300000F027FF032802D04420637900E7AA2063
:105940006379FDE6204B9B78D9067FF50CAD1F4DA2
:10595000288800F016FF022807D0288800F011FFE1
:10596000032802D045206379EAE6A9206379E7E6B7
:105970006379002B3FF4F6AC134A937883F010015F
:10598000C1F3001161F304139370106801F06AFF12
:10599000E8E462790E4B02B101221A70E3E4637904
:1059A000002B3FF4E0AC01F034FF07F0B3F9DAE488
:1059B000FDF734FC00287FF4D5AC6379002B3FF46D
:1059C000D1ACFFF719F9CDE410480020741F002076
:1059D000111F002063796C4C1BB107F03FF9206068
:1059E000C0E42360BEE46379002B3FF4BCAC05F057
:1059F00031FED6287FF6B7ACFFF7B8FBB3E4637986
:105A0000002B3FF4B0AC05F025FE5F283FF6ABACB1
:105A1000F2E76379002B3FF4A6AC05F0F3FC4FF0FE
:105A2000804320229A614FF480729A6105F012FE41
:105A30007728DFE76379002B3FF495AC05F08CFD08
:105A40001E2811D84FF080434FF400129A614FF096
:105A5000807200249A61002320461A4619460134B8
:105A600004F0CEF8442CF6D105F0F4FD1E28CDE765
:105A70006379002B3FF476AC00210E20FFF7DEFBAC
:105A80004FF6FF73414CADF804308DF80630FA2222
:105A900003230F200199FFF737FB208800F071FEE8
:105AA000022806D1002000F0CAFD002001F052FAC1
:105AB00058E4208800F065FE03287FF453ACF1E73A
:105AC0006379002B3FF44EAC00210F20FFF7B6FBAB
:105AD0004FF6FF732D4CADF804308DF80630FA22E6
:105AE00003230E200199FFF70FFB208800F049FEE9
:105AF00002283FF437AC208800F043FE03283FF42F
:105B000031AC0220CFE76379002B3FF42CAC05F0D9
:105B1000C5FC1D287FF427AC1F2005F0BCFC21E448
:105B20001A4D288800F02DFE02280FD1184B1B7843
:105B3000DA067FF518ACFDF771FB00287FF413AC93
:105B4000E320637983B100F0FFFC0CE4288800F0C7
:105B500018FE03287FF407ACE8E7288800F011FE60
:105B600003287FF400AC3BE400F004FDFFF7FBBB2F
:105B7000084B094A1B7813F00E0318BF637903F032
:105B800001031370FFF7EEBB141F0020741F0020E9
:105B90002C480020104800209C3E0020F8B500252D
:105BA0002E461D4C237873B1606807F09BF8A368FC
:105BB000984212D307F052F8E36860604BB963690A
:105BC00026706660C3B90135632D04F11804E9D16C
:105BD000F8BD013BE360002BF1D0E368207C13F0BB
:105BE000010311D0FF28A77C617CE37C07D11A4612
:105BF000384604F071F8E6E7E8B29847E3E70A466A
:105C0000394603F0FDFFDEE7FF281A4602D11946A8
:105C10001846EEE71946F4E7C43E002010B586B0FA
:105C200002F0A6FBA0B1042200210DF10900FAF751
:105C300039FD002204AB04928DF814200093DD227C
:105C400005238DF8082019460F2002AA02F094FEC1
:105C500000240F4B1C7001F05BFE03F09FFF01F06E
:105C6000F7FD0C4B188064F3C7101870188801F00A
:105C7000F2FDFFF7A8FA40B106F0F0FFFDF7B6FB22
:105C800006B0BDE81040FEF703BE06B010BD00BF71
:105C9000E80C00202C4800203A4B37B51D7895B110
:105CA000962300248DF80630ADF80440019803F0E7
:105CB000A5FAC0F30742C1B2C0F3072004F00CF804
:105CC000204603B030BD304C206840B107F00AF8E0
:105CD00040F6B833984202D9FFF7A0FF256006F0DE
:105CE000DDFD810705D5202302201A46194603F061
:105CF00087FF264C208800F044FD02280ED0208823
:105D000000F03FFD032809D0214B1B78DA0605D5AA
:105D1000202301201A46194603F072FF1D4CFFF79D
:105D20001FF9237863B91C4D286806F0DBFFB0F536
:105D3000FA6F16D90123237006F090FF286010E057
:105D4000164B1B786BB9FDF769FA38B9FFF75CF9A8
:105D5000FFF784F906F082FF0F4B18602378002BC1
:105D6000E1D0FFF71BFF0E4B9B78DB0605D5962392
:105D700020201A46194603F043FFFDF783FA01205D
:105D80009FE700BF131F0020141F0020741F002076
:105D90002C480020E80C0020E40C00201A1F0020F2
:105DA0001048002010B51C460B780846BB2B0ED0BF
:105DB000DD2B09D0552B06D1002289784078FDF7DC
:105DC00065FC0023237010BDFFF728FFF9E7A5222B
:105DD000044BDA70186801F045FDBDE8104006F08C
:105DE00099BF00BF1048002008B50D4B00209A78DD
:105DF000197802F00702C1F34201FDF74DFB05F0EF
:105E0000ABFB4FF0804328B120229A614FF480729F
:105E10009A6108BD4FF400129A614FF08072F7E763
:105E2000104800200120FCF7F9B870472DE9F7432E
:105E3000044602200D4601F07FF838B16B792BB192
:105E40008B2C00F0D0800122A34B1A70E12C19D1C9
:105E50006A79A24B1A70A24B1B78002B00F050817C
:105E6000FCF7E2F818B129462046FCF717F9A4F52B
:105E7000FC44403CA4B22D2C40F22381012003B00D
:105E8000BDE8F083E52C02D16A79964BE2E7A4F1F4
:105E9000E003072B02D86A79914BDBE78B2C00F0EB
:105EA000A280A4F5FC43A3F17B0292B2082AD2D8C7
:105EB0007C3B6C79072B00F2AD80DFE803F0AF3953
:105EC0004C5B6B7C3004844E874D4CB106F0C6FEB3
:105ED000002328600220337001F042F80020CEE752
:105EE000022001F049F8286806F0FCFE33782C60A7
:105EF000002BF3D1B0F5FA7FF0D28B2000F05CFDDF
:105F0000012005F0C5FA05F027FBFF210246AA2073
:105F100005F004FBFCF7AEF8744B1C70DEE7002CB8
:105F2000DCD002F025FA0028D8D0FEF75CFCD5E7DB
:105F3000002CD3D04AF2FF53ADF8043000238DF883
:105F40000630FF200223FA220199FFF7DDF88B20AB
:105F500000F032FDC2E7002CC0D0FF20A0238DF856
:105F60000600ADF80430FA2202230199FFF7CCF8BD
:105F70008A20EDE7002CB1D0FF204FF448438DF884
:105F80000600ADF80430FA2202230199FFF7BCF8AD
:105F90009120DDE7002CA1D046F6FF13ADF80430C8
:105FA000B4238DF80630FF200223FA220199FFF76F
:105FB000ABF89020CCE7002C90D04FF6FF73ADF8F3
:105FC00004308DF80630FA2202230199FF20FFF7F2
:105FD0009BF8E22000F050FC352000F0EDFCE220C0
:105FE00000F092FC7AE76B79002B3FF477AF8B20BF
:105FF00000F0E2FC012005F04BFA05F0ADFAFF21BC
:106000000246AA2005F08AFAFCF734F80022374B42
:106010001A7063E7002C3FF461AFE8E7002C3FD033
:10602000022000F089FF044690B1902000F0C4FCEB
:10603000FCF70AF800222D4B01201A7005F028FA0F
:1060400005F08AFAFF210246552005F067FA45E778
:10605000274D2B88FBB106F039FE2B88C01A80B281
:10606000B0F5967F17D82A202C8000F0A5FC902050
:1060700000F0A2FCFBF7E8FF1C4B01201C7005F0B0
:1060800007FA05F069FAFF210246552005F046FAA5
:10609000184B0122BCE72C2000F0EEFB164BF8E772
:1060A000144B1A78002A7FF438AF134D2B781BB1AC
:1060B0002C2000F029FC2C7006F008FE0C4B1880F8
:1060C0000CE70E4B185D00283FF4D8AE6B79002B1F
:1060D00086D000F0D1FB01E7291F0020281F0020F7
:1060E000261F0020271F00202C1F00200014002046
:1060F000241F0020231F0020221F00204807010822
:10610000FBF792FF002800F06981DFF8289299F8E8
:106110000030002B00F06281874B1E78002E40F08B
:106120005D8195F80580854FB8F1000F00F0FC8087
:10613000E12000F0E9FB382C7ED8032C0BD899F82D
:10614000003013B1E12000F097FB3E70002E00F00C
:1061500045817B4B9DE7231F342BF0D801A252F8D9
:1061600023F000BFE562000819630008116300080E
:10617000ED620008C1620008F1620008F5620008E3
:10618000CD620008D5620008F9620008FD620008CF
:1061900001630008216300081D630008D96200083C
:1061A000DD620008B9620008C5620008E962000803
:1061B000C9620008D162000815630008BD620008CA
:1061C0000D630008CD620008096300087F620008C3
:1061D000896200088D6200089162000895620008DB
:1061E0009D620008A1620008A5620008A96200087B
:1061F000AD6200083F6100083F6100083F61000890
:106200003F6100083F610008B1620008B562000804
:106210009162000895620008E16200083F61000891
:1062200085620008056300083F61000825630008D7
:10623000016300087F620008A4F5FC43A3F140025B
:1062400092B22D2A3FF67BAF413B2B2B17D8DFE8CC
:1062500003F01B1D1F212527292B2D2F31473335F7
:1062600037393B3D3F4143451F21494B4D4F513D40
:1062700053555719595B5D5F6163656769573148CD
:1062800006F036FA46465AE72F48F9E72F48F7E76F
:106290002F48F5E7202000F08FFBF3E72D48EFE7CC
:1062A0002D48EDE72D48EBE72D48E9E72D48E7E7D6
:1062B0002D48E5E72D48E3E72D48E1E72D48DFE7E6
:1062C0002D48DDE72D48DBE72D48D9E72D48D7E7F6
:1062D0002D48D5E72D48D3E72D48D1E72D48CFE706
:1062E0002D48CDE72D48CBE72D48C9E72D48C7E716
:1062F0002D48C5E72D48C3E72D48C1E72D48BFE726
:106300002D48BDE72A20C6E72C48B9E72C48B7E757
:106310002C48B5E72C48B3E72C48B1E72C48AFE749
:106320002C48ADE72C48ABE73B78002B56D087F8DC
:106330000080D3E5281F0020271F0020211F0020F8
:10634000001400202E0501082C0501083005010865
:106350003205010838050108400501084A05010811
:10636000520501085A0501085C0501086605010887
:106370006E050108FB050108710501087405010897
:10638000780501087B0501087E05010881050108E3
:106390008405010887050108FA0401088A05010837
:1063A000980501088D05010890050108940501086C
:1063B0009A0501089D050108A0050108A30501082B
:1063C000D5040108A605010875050108A9050108FD
:1063D000AC050108AF050108B2050108FBF724FE72
:1063E00028B3DFF8C09099F8003003B32E4B1E7825
:1063F000EEB995F805802D4FB8F1000F43D0E52098
:1064000000F082FA47F665639C4233D02AD8192CF3
:1064100035D01B2C2ED0052C33D099F8003013B179
:10642000E52000F029FA3E70002E7FF492AE0220A3
:1064300000F082FD10B12C2C3FF450AD022000F092
:106440007BFD28B1A4F5FC436E3B012B7FF616AD16
:10645000FBF7EAFDD8B92946204603B0BDE8F04372
:10646000FCF718BA47F667639C4208D047F66863A2
:106470009C42D1E70E4806F03BF94646CDE70D4871
:10648000F9E70D48F7E73B78002BD0D04FE72946D6
:106490002046FBF703FE29462046FCF7E3F80028D8
:1064A000D9D11BE5271F0020281F0020201F002016
:1064B00087050108AC050108B205010803280DD8BD
:1064C0000B290BD8082A09D86C2301EBC10103FB67
:1064D0000010034B024433F812007047012070474C
:1064E00076070108FFF7EABFA0F58072B2F5F85F02
:1064F00003461FD213F4805F00F4007103F480623E
:10650000C0F3002003F400630AD0000109B140F099
:1065100020000AB140F040006BB140F080007047AD
:1065200009B140F002000AB140F004001BB140F094
:10653000080070470020704710B50C46FFF7D4FFE5
:106540002346BDE810401847A0F1E003072B10B523
:10655000044600D940B920460449FFF7EDFFE0B2F8
:10656000BDE8104000F088B90149F6E7C9690008A4
:10657000F16D000810B50446C0B200F0C5F9A4F1F1
:10658000E003072B00D92CB903492046BDE8104091
:10659000FFF7D2BF0149F8E7DB690008036E000886
:1065A0000120704708B5FFF7FBFF08BD704708B52D
:1065B000FFF7FCFF08BD000013B502AB03E90300C1
:1065C0000F4B1B78B3B99DF8053073B16AB100F079
:1065D00061FD04460146009800F02AFD204600991E
:1065E00002B0BDE8104001F0ADBB009800F03AFDEC
:1065F0000446F3E7009800F04DFD0099F0E700BF76
:10660000381F0020034610B400885C880A4640EA20
:106610000440998810BCFFF7CFBF10B50446012194
:10662000FFF7F0FF2146FFF7BDFF10BD10B5044690
:106630000021FFF7E7FF2146FFF7B9FF10BD10B5B6
:1066400001248440E0B201F0FFF8A0B2BDE81040A0
:1066500000F047BC0120704708B5FFF7FBFF08BDFD
:1066600010B5044600F0EEFB2046FFF7F5FFBDE84D
:10667000104046F2A81007F0A8BD08B50120FFF7AA
:10668000EFFFBDE8084006F045BB08B50020FFF766
:10669000E7FFBDE8084006F063BB38B501210546B9
:1066A000FFF7B0FF29460446FEF7DEFDB0B32946EA
:1066B000204606F07FF888B32946204605F0CEFB39
:1066C00060B32946204605F0A3FB38B3294620468F
:1066D00005F02EF810B36B797BB147F65A439C4214
:1066E00023D00ED847F601439C421BD047F6034304
:1066F0009C4215D0B4F5F84F0ED02846FDF71EFA8F
:106700000DE047F65B439C4212D047F65C439C4247
:10671000F3D101F06BF8F0E7FFF7AFFF002038BDD1
:1067200001F077F8FFF7B1FFF8E701F06BF8E4E765
:1067300001F06BF8E1E708B5FEF73CF904F064FD01
:1067400000F046F8BDE80840012004F015BE08B589
:1067500000F043F8002004F00FFEBDE80840FEF70B
:1067600033B90246030906BF1846134604209A08A7
:106770001EBF13460230C0B25B081CBF0130C0B25E
:106780007047030A0ABF0346082000201A091EBFEB
:1067900013460430C0B29A081EBF13460230C0B27E
:1067A0005B081CBF0130C0B27047012070477047C2
:1067B00038B50546FFF7F9FF044610B12846FFF744
:1067C000F6FF204638BD704708B5FFF7F1FF08BD5A
:1067D00008B50020FFF7F8FF08BD08B506F04AF835
:1067E000FFF7F2FF08BD000010B506F043F8074BB5
:1067F00004461A78824207D0187006F02FFA044B2C
:1068000018602046FFF7E0FF10BD00BF301F0020DA
:10681000341F00201FB56C4684E803009DF8053046
:106820000BB100F0E3FE0023ADF80E3094E8030056
:10683000ADF80C10C9B2029002AC29B994E803007B
:1068400000F02EFE04B010BD2046FFF7E6FE002843
:10685000F4D1F7E70379012B02D1008800F03CBCAA
:10686000704708B529B105F05DFCBDE8084005F0AA
:1068700037BD05F0A9FCF8E710B50446002840D064
:10688000031FDBB2A02B0ED806F088F820B12046FB
:1068900006F00EF900F042FF204606F0EFF8BDE8E2
:1068A000104000F03BBF00F12003DBB2072B07D8FC
:1068B00000F007040120A040C0B200F071FEEEE736
:1068C00000F15B03DBB2022B05D8BDE81040243891
:1068D00080B206F003B800F15803DBB21A2B06D8D9
:1068E000BDE81040074A32F8130006F013B83334FD
:1068F000E4B2122C05D805F015FCBDE8104005F0F7
:10690000EFBC10BDD60A010808B50346A0B3021FAC
:10691000D2B2A02A05D806F0CBF8BDE8084000F0B6
:10692000FDBE00F12002D2B2072A07D800F007030B
:1069300001209840C0B200F03BFEEEE700F15B02A0
:10694000D2B2022A04D8BDE80840002005F0C6BF34
:1069500000F15802D2B21A2A04D8BDE8084000203B
:1069600005F0D8BF3333DBB2122B05D805F02CFC71
:10697000BDE8084005F0B4BC08BD000038B50C46C1
:106980000546FFF779FF94B140F2E73309494FF428
:106990007A72A4FB0141E01841F100010023F9F7EC
:1069A00025FC07F012FC2846FFF7AEFF38BD01209A
:1069B000F7E700BFA086010008B539280CBF5021B9
:1069C0000021FFF7DBFF08BD08B528B100F0E8FDA6
:1069D000BDE8084000F0A2BE08BD08B528B100F02F
:1069E000E7FDBDE8084000F099BE08BD2DE9F84379
:1069F000877980460C46457900F0C2FD3F0906467E
:106A000008B32E46FDB1C4F3072303F0F002402A79
:106A10000CD0E1B201F12002D2B2072A25D903F04D
:106A2000E003202B02D101291FD907B3A54B5E78C3
:106A300016F0040607D0022000F0A8FE00F0A0FD2A
:106A400080F00106F6B2C4F303330B2B3DD8DFE828
:106A500013F01000100054005400AE00C5003C00BC
:106A60003C00CA002D01420142010026EBE73E46F0
:106A7000E9E7C4F30723C4F303270F2B88BF3F01C3
:106A8000E4B285B157B104F12003DBB2072B3846DD
:106A900000D92CB900F084FD00F040FE20464CE007
:106AA00000F094FDF8E72046FFF72EFF6FB104F1E8
:106AB0002003DBB2072B384600D914B900F078FD6B
:106AC00001E000F08BFD00F029FE002E00F05B815C
:106AD00000F04EFD10F0010040F0558188F80500EF
:106AE00000F040FD00F03CFA404600F063F900F091
:106AF00039FDBDE8F84300F03FBAC4F3072303F0C3
:106B0000F003C4F30329202BE4B218BF4FEA09199C
:106B10002CB1012C34D0002D3CD0DFB1BEE7694B45
:106B20005B78580714D45DB1B9F1000F04D0484622
:106B300000F036FD00F0F2FD0020FFF79DFEC4E7F7
:106B40002846FFF7E1FEB9F1000FBED04846B5E791
:106B500055B11FB94846FFF737FFB6E7012FB4D14B
:106B6000484600F063FDB0E7002FAED14846FFF77E
:106B700034FF484600F068FD484600F043FDA4E7B6
:106B800015B1052FA1D8E5E7042F9ED84846FFF799
:106B900024FF9AE7002FF9D0392C0CBF4FF4FA509C
:106BA000012007F012FB2046FFF7AEFE8DE714F43C
:106BB000406FC4F3812307D0012B86D165B1C4F3A4
:106BC000090005F0A7FE80E725B1C4F3090005F030
:106BD00085FE7AE72846FAE72846F2E72946E0B23A
:106BE000FFF73FFE71E714F4407F2CD1EDB9E106C9
:106BF00048BF0F25C4F342134FEA8303DBB244BFFF
:106C00009D40ED4304F00F0202FA03F2C4F3812425
:106C100048BFADB292B2022C45EA02000DD0032C5F
:106C20000ED0012C06D000F067F905F023FEFFF727
:106C3000CBFD4AE700F058F9F7E700F065F9F4E713
:106C400000F04FF9F1E7C4F301221DB3D207ECD5F0
:106C500014F0100018BF0F20C4F342134FEA83034F
:106C6000DBB21CBF9840C04304F00F0202FA03F2EB
:106C700008BF0346C4F3812418BF83B292B2022C2A
:106C800043EA02000CD0032C0DD0012C05D000F0FB
:106C900091F9CAE7012AC8D9DAE700F083F9C4E715
:106CA00000F090F9C1E700F03BF9BEE7E7B2C4F3AA
:106CB00003244DB1204600F053F93846FFF784FE17
:106CC000B3E700BF2C4800203846FFF786FE204679
:106CD00000F052F9A9E75FFA84F9A9F1F003042B57
:106CE00038D8DFE803F003210D141D0035B1042F5F
:106CF0009BD8C4F3042000F049F996E7052FF7E785
:106D0000C4F30420002DE3D100F02AF98DE725B16A
:106D1000C4F3042000F01EF987E700F009F984E7C6
:106D20001A4B5B785B0704D4C4F30420002DCFD04A
:106D3000EAE72DB10321C4F3042000F005FD74E758
:106D4000012000F023FD012F7FF66FAF022000F03D
:106D50001DFD6AE73DB11FB14846FFF78DFD64E7B1
:106D6000C4F30420D0E75FB1B9F1390F0CBF4FF481
:106D7000FA50012007F029FA4846FFF7C5FD54E70D
:106D8000C4F30420A4E7BDE8F88300BF2C4800202A
:106D900038B501880446407900F0AAF9054600F0AC
:106DA00019F900F09DF829462046BDE83840FFF764
:106DB0001DBE0000037910B50446B3B1FFF76DFCAA
:106DC00068B900F0DDFB80B1637973B1074B5B7884
:106DD0005B070AD5BDE81040022000F0D7BC204672
:106DE000FFF7D6FF2046FFF721FC10BD2C480020FE
:106DF00008B528B100F0EAFBBDE8084000F08EBC01
:106E000008BD08B528B100F0E9FBBDE8084000F076
:106E100085BC08BD08B5002005F060FD002005F028
:106E200079FD00F0E3FB00F079FC05F075FABDE8B0
:106E3000084005F055BA08B505F054FEBDE8084015
:106E4000FFF7E8BF08B500F0BBFBBDE80840FFF75F
:106E5000F2BFC0F30333062BC2B213D094BF0E337C
:106E6000063303F00F03012B10D8F02A10D004D8FA
:106E7000E72A8CBF002001207047F42A14BF0020AD
:106E800001207047E72A03D9F12AF7E7002070476D
:106E90000120704708B50346007930B1188800F02A
:106EA0001BF9BDE80840FFF7D4BF08BD82B002ABB4
:106EB00003E9030002B0704782B002AB03E90300AC
:106EC00002B07047704708B5FFF7FCFF08BD00002F
:106ED00008B5FFF7F8FF014B188008BD741F0020AC
:106EE0007047FFF7F5BF0000024B1B881843FFF700
:106EF000EFBF00BF741F0020024B1B881840FFF734
:106F0000E7BF00BF741F0020024B1B885840FFF7EB
:106F1000DFBF00BF741F002008B5FEF786FF08BD65
:106F200008B5FFF7F9FF014B188008BD721F00205C
:106F30000020FFF7F5BF0000054B1B881BB9B0FA16
:106F400080F04009704743FA00F000F001007047FC
:106F5000721F0020012303FA00F080B2FFF7E0BFA8
:106F6000012303FA00F0034B1B88184380B2FFF79C
:106F7000D7BF00BF721F00200123034A834010883F
:106F800020EA0300FFF7CCBF721F0020012303FAA1
:106F900000F0034B1B88584080B2FFF7C1BF00BF11
:106FA000721F0020024B1B881843FFF7B9BF00BFB8
:106FB000721F0020024B1B881840FFF7B1BF00BFB3
:106FC000721F0020024B1B885840FFF7A9BF00BF6B
:106FD000721F0020704730B5012401F00703C90873
:106FE00002EB810200219C40E4B2013A12F8015FF9
:106FF00020FA01F343F300036B40234001315D406D
:1070000004291570F2D130BD002210B500F007043C
:10701000C00801EB800110468B5CE34003F00103E4
:10702000934001321843042AC0B2F5D110BD0000CC
:1070300017B40C46C0F307210B29ADF804000CD897
:107040009DF80430082B08D8204603EBC103044AFE
:10705000194403B010BCFFF7BEBF03B010BC7047AB
:10706000391F002082B0ADF80400C0F307200B28C0
:107070000AD89DF80430082B06D8054900EBC0005B
:10708000184402B0FFF7C0BF002002B0704700BF35
:10709000391F002073B50F240D4BADF804001D8877
:1070A0000C4B1B881D43ADB245FA04F3DB0705D436
:1070B000013CF9D20026304602B070BDE6B230463F
:1070C000019900F050FE80B20128F1D0F3E700BF33
:1070D000721F0020741F002007B5ADF8040001984E
:1070E000FFF7D8FF019903B05DF804EB00F03BBE59
:1070F00013B5104BADF804101B782BB1019802B0FA
:10710000BDE81040FFF7E8BF70B10198FFF7C2FF7C
:10711000044601460198FFF78BFF2046019902B013
:10712000BDE8104000F01FBE0198FFF79BFF04462A
:10713000F3E700BF381F0020F8B50C4B0C4E1C784D
:107140000C4D3378A34200D1F8BD05EBC40335F8EC
:1071500034005F889A88D98840EA074042EA0141B2
:107160000134FFF7A9FE04F00704EAE7761F0020C8
:10717000771F0020781F0020064B10B418885C8809
:107180009A88D98840EA044042EA014110BCFFF7DE
:1071900093BE00BFB81F00201A4AF8B593790F2B91
:1071A0000AD8537943B1184B18491B780D781688C3
:1071B0005788174CAB4200D1F8BD04EBC3010879E6
:1071C000D8B134F83300B04217D14879A8B948880B
:1071D000C01B80B2B0F5967F0FD20120937960F387
:1071E000071393718B7960F3071306488B71FFF7D0
:1071F000E1FDBDE8F840FFF79FBF013303F007034F
:10720000D8E700BFB81F0020761F0020771F00209E
:10721000781F0020F0B50D4B0D4C1B7826780D4CD7
:10722000B34201D10020F0BD04EBC3056F788F425B
:1072300006D114F83370874202D16D79954203D19B
:10724000013303F00703EBE70120ECE7761F002092
:10725000771F0020781F00202DE9F04385B06F468E
:1072600004468E4D014606223846F9F7E9FA2B7995
:107270002078617894F80580B4F802902279CBB92F
:10728000002A00F0CC80B8F1000F00F0FD8020460D
:10729000FFF700FE002800F0F7800822214628466C
:1072A000F9F7CEFA2846FFF7D5FAFFF775FFFFF793
:1072B00063FFB4E06B886E79A9EB03039BB2002EE9
:1072C00000F0AF80B3F5967F80F09080002A00F048
:1072D000A680AB792F880F2B228857D8974212D1DE
:1072E000B8F1000F4DD1012262F30713AB71FFF724
:1072F00043FF2846FFF75EFDAB79A37100273846B0
:1073000005B0BDE8F083B8F1000F3AD14246FFF76F
:1073100081FF074650B12846FFF74CFD08220021A7
:107320002846F9F7BFF9FFF727FFE7E70098FFF7CF
:10733000D3FEC0F30332032AC3B208D8012A10D9FE
:1073400010F4706F12D0A2790F2A0FD8D7E7063247
:1073500002F00F02012A0ED92046FFF72BFD374617
:10736000CDE710F4706F01D0002BC8D02033DBB212
:10737000072BC4D9F0E7EF2BC1D90F33DBB2022BB7
:10738000F7E7AB7943F00103AB71B7E797420CD154
:10739000B8F1000F09D12046A371FFF70BFD0822B9
:1073A00021462846F9F74CFA81E72046FFF772FD9F
:1073B000002869D0B8F1000F66D0AB791F2B0FD928
:1073C0002A8802A8ADF808202A79ADF80A908DF82D
:1073D0000C2000228DF80E308DF80D20FFF7EAFC0E
:1073E000082221462D48F9F72BFA5EE7AB790F2BDF
:1073F00004D897E80300FFF759FD8CE77AB1298894
:1074000022889142D1D1B8F1000FCED12046A3718C
:10741000FFF7D0FC082241462846F9F743F9012737
:107420006DE7B3F5967F33D2002AF8D0B8F1000F9C
:107430002AD02A8823889A421DD1AB79DA0714D43E
:107440000F2B12D9A37103F0F003F02B06D0A37910
:10745000C3F30312013262F30713A3712046FFF74F
:10746000A9FC082221460D489CE7082221460B482A
:10747000F9F7E6F9D3E72046FFF70CFD0028AFD176
:10748000AB7943F00103AB712046FFF793FCC6E7ED
:1074900097E80300FFF70AFD40E700BFB81F002090
:1074A000F0B585B06C4684E803002046FFF7D4FEB3
:1074B000284F0646284D68B19DF804301BB194E86A
:1074C0000300FFF7F9FC254C28783B78834226D14E
:1074D00005B0F0BD02AB94E8030083E803009DF81B
:1074E000041038782A780029EDD0441C04F00704F1
:1074F00094420AD01946194B082203EBC000F9F751
:107500009FF93C70FFF718FEDDE7FFF79BFC0822B0
:10751000314613483E702E70F9F7C4F8D3E704EBF8
:10752000C000FFF799FE0028D2D02B7834F8330042
:1075300004EBC3035E889A88D98840EA064042EA91
:107540000141FFF7B9FC2B78013303F007032B70DF
:10755000BAE700BF771F0020761F0020781F0020A9
:10756000B81F0020014B1878C0087047E81F0020A2
:10757000024B187800F00700704700BFE81F00209A
:10758000034B187810F0070018BF0120704700BFA8
:10759000E81F0020014B1878704700BF142000201E
:1075A000024B1A7810431870704700BF1420002057
:1075B000024A137823EA0003137070471420002056
:1075C0000022014B1A70704714200020024B1A78D9
:1075D00010431870704700BF13200020024A137830
:1075E00023EA000313707047132000200022014B90
:1075F0001A70704713200020704708B5FFF7FCFF92
:1076000008BD000008B5054A1378034204D023EAF8
:1076100000001070FFF7F1FF08BD00BFE91F002058
:10762000704708B5FFF7FCFF08BD000010B505491D
:107630000B7830EA030403D003430B70FFF7F1FF2C
:1076400010BD00BFEA1F002008B5054A13780342A9
:1076500004D023EA00001070FFF7E3FF08BD00BF6D
:10766000EA1F002008B5044B1A781AB100201870E0
:10767000FFF7D7FF08BD00BFEA1F002010B5084B79
:107680001C78084B1B781C43074B1B782BB11C4301
:1076900005F05CF908B1FFF7E5FF204610BD00BF1B
:1076A0001420002013200020EA1F002038B50B4CC6
:1076B0002568FFF7E3FF2870246808222046084960
:1076C000F9F766F948B1214608220548F9F7B8F8F4
:1076D0002046BDE8384005F0E5B838BD280E00204A
:1076E000E01F002038B50B4C2568FFF7C7FF687016
:1076F0002468202220460849F9F74AF948B1214672
:1077000020220548F9F79CF82046BDE8384005F0EE
:10771000D1B838BD240E0020C01F0020054B1B78B7
:1077200033B1054B93F90030002B01DAFFF7DABFD4
:10773000FFF7BCBF540F00202C480020704708B54D
:10774000FFF7FCFF08BD0000094A10B55278520748
:107750000AD5084C41EAC0012170FFF701FC2078EE
:10776000C008FFF7ECFF10BDBDE81040FFF7F8BB05
:107770002C480020E81F0020002008B5024B18709C
:10778000FFF7DDFF08BD00BFE81F002008B50A4A6B
:10779000137823EA0000107042070CD198420AD0F7
:1077A000064B5B785B0706D5C008FFF7E5FBBDE835
:1077B0000840FFF7E1BF08BDE81F00202C4800206B
:1077C000094A08B55378C3F3800181420AD060F3B7
:1077D00082035370108800F03EF8BDE80840022094
:1077E000FFF7D4BF08BD00BF2C480020044B5878D9
:1077F000C0F3800080F0010000F00100FFF7E0BF5F
:107800002C4800200120FFF7DBBF0020FFF7D8BF86
:10781000704708B5002001F0ADF9BDE808404FF60B
:10782000FF71002001F088B908B5002001F01DF9B2
:107830004FF6E563C31A5842584108BD022001F0D3
:1078400005B9032001F002B90146032001F066B931
:10785000042001F00AB90146042001F06DB90F209F
:1078600001F012B901460F2001F074B908B50020EB
:10787000FFF7F8FFFFF7CCFF08BD01460E2001F02F
:107880004DB9000007B5002001F074F94FF6E5612D
:10789000002001F051F90021022001F03FF90121FF
:1078A0001A4B0320198001F039F94FF4A05104203C
:1078B00001F042F90021062001F030F900210720F3
:1078C00001F02CF90021082001F044F900212320C7
:1078D00001F024F900210C2001F020F900210D20F5
:1078E00001F01CF9002300226846CDE9002317218E
:1078F000082201F0F9F800211F2001F02BF9FBF715
:10790000BFFCFFF7B3FF03B05DF804FB741F00205A
:10791000FFF7B8BF73B505F0D9F90B4D04462B88B6
:1079200083420ED00026ADF8006005F0CFF9ADF827
:107930000460ADF8020002AB13E90300FEF76AFF32
:107940002C8002B070BD00BF16200020014B1868CB
:1079500000F01EBB24200020014B1868704700BFB8
:107960002020002008B500F003FB024B1860024BFA
:10797000186008BD2420002020200020014B18683A
:10798000704700BF1C20002008B500F0F1FA024B40
:107990001860024B186008BD242000201C20002025
:1079A000014B1868704700BF18200020074B914218
:1079B0001860074B196038BF1146064B1A60064B1A
:1079C00081422CBF19601860704700BF2020002042
:1079D0001C20002018200020242000207047704721
:1079E000704701207047000008B5054800F0E2FA32
:1079F00001F0BEF8FFF7F2FFFCF71CFF08BD00BF67
:107A0000AD7F000800F0B4BC08B5FBF7DFFFFDF761
:107A10006DF908BD08B5FFF707FF08B9FFF778FF54
:107A2000FFF70CFF074B1870FFF712FF064B18808B
:107A3000FFF707FFFFF755FA044B1888BDE8084029
:107A4000FFF76ABA282000202C480020721F00206F
:107A500008B505F001F900F077FA00F08FFC03F0AB
:107A600001FF00F0A7FBFFF7D5FFFEF7ACFE03F028
:107A70005DFC04F00BF9064B1A7842F080021A7094
:107A80001888FFF7E8FE00F091FCFCF701FF08BD45
:107A90002C4800202DE9F04F85B0FFF7A2FF88B9F0
:107AA000FFF738FF00F064FC03F0AEFB03F064FF67
:107AB00008B1FFF769FF04F057FC05B0BDE8F04FCF
:107AC000FEF792BEDFF8C08000F0CAFB46460024F5
:107AD000E0B236F8025B00F077FA0B2C50D085420A
:107AE00004F10104F4D0294B1B789B0701D500F069
:107AF00071FAFFF787FF002701905FFA87F9484680
:107B000000F062FA38F8026B0546B04232D0002429
:107B10004FF0010A4640B6B216EA0A0F20D0019B88
:107B200015EA0A0F14BF4FF0010B4FF0000B93B191
:107B30008DF808408DF8099005F0C8F84FF0010362
:107B4000ADF80A008DF80C308DF80DB002AB93E85B
:107B50000300FEF75FFE5A462146484602F076F9DA
:107B60000134E4B24FEA4A03092C1FFA83FAD3D155
:107B700028F8025C01370C2FBFD1FFF7F3FE91E725
:107B80008542B0D18CE700BF144800202820002097
:107B900038B500F0F3F8B0F5A44F044643D2B0F581
:107BA000A04F80F0AE80DF2816D8CC2800F28C8061
:107BB000A7280AD8A42879D8012804D0031F9BB28B
:107BC000A12B28BF0024204638BDA0F1A8039BB2FA
:107BD0001A2B71D90024F6E7B0F5804F19D2B0F511
:107BE000005F80F09D80E728EDD9A0F580739BB2FF
:107BF000B3F5F85FEED2C0F3072000F043F9054675
:107C0000E0B200F0BBF82D0205F4F85540EA050497
:107C100050E0C0B200F0B2F804F47064204340F4C5
:107C2000204084B2CFE7B0F5A54F22D245F25F23C2
:107C3000984253D845F23F2398420FD845F21F236C
:107C4000984244D8012300F00304C0F38502A34006
:107C500043EA421343F40D439CB2B4E7012300F01E
:107C60000304C0F38202A34043EA421343F40C43EB
:107C7000F2E745F2BF2398420AD845F29F23984283
:107C800000F01F0035D84AF2F40343EA00249AE7D3
:107C9000A0F5A543403B9BB21F2B9BD8040204F4E4
:107CA000F85444F4204444F0F0048CE7A0F1240498
:107CB00044F48044A4B286E7214B5834E4B233F84C
:107CC000144044F488447EE740F4A044F2E74AF2CA
:107CD000F10300F01F0443EA042474E7012300F0D9
:107CE0000304C0F38202A34043EA421343F40A436D
:107CF000B2E700F0C7F8040204F4F85444F4005466
:107D000061E700F01F0000F0BDF8C306C4F34314A0
:107D100048BF0001240200B2044344F41044C9E700
:107D2000C0F3042000F0AEF80546E0B200F026F8FB
:107D30002D0205F4F855054345F40055ACB242E771
:107D40000C0B010882B0ADF80410C1F307210B2918
:107D500006D89DF80420082A02D802B0FEF7C2BB5C
:107D6000002002B0704707B5ADF804100199FFF785
:107D7000E9FF03B05DF804EBFFF70ABFE7284FD82F
:107D8000DF2807D8312864D00ED8292857D02A28D0
:107D900066D07047A0F1E003072B41D8DFE803F07D
:107DA0001540232831403C41392804D0822802D094
:107DB00035283FD07047324B1A7892071FD15B7835
:107DC00013F0080F18BF292070472D4A1378D907E0
:107DD0004DD4527812F0010F22D013F0100F14BFBF
:107DE0000020E3207047264B1B7813F0040FF3E7C5
:107DF000234A137859073CD45278D207EDD5E020B6
:107E000070471F4B5A7891070AD51B7813F0100F53
:107E100014BF0020E7207047194B1B781A07F5D4D0
:107E20007047174A1378190725D452789107EDD572
:107E3000E4207047124B1B7813F0200FC2E7104B61
:107E40001A78920619D45B7813F0080F18BF3920FE
:107E500070470B4B1B7813F0400F18BF2A20704758
:107E6000074B1B7813F0400F18BF312070473920A3
:107E70007047E2207047E62070473520D0E700BF0A
:107E80002C48002010B52F4C21784B0713D500F05B
:107E90001402A2F1040C00F01803DCF1000242EB22
:107EA0000C02A3F1080CDCF1000343EB0C039A4233
:107EB00018BF80F00C000B0713D500F01402A2F1DC
:107EC000140C00F01803DCF1000242EB0C02A3F1E9
:107ED000180CDCF1000343EB0C039A4218BF80F04E
:107EE0000C006478E30713D500F0110202F1FF3CA7
:107EF00000F01803DCF1000242EB0C02A3F1080CC5
:107F0000DCF1000343EB0C039A4218BF80F0090038
:107F1000A30711D500F0110200F01803A2F111041B
:107F20006242A3F1180C6241DCF1000343EB0C0345
:107F30009A4218BF80F00900CB0648BF00F0E70066
:107F400010BD00BF2C4800200022014B1A60704772
:107F50003048002010B5044600F00AFA20B904F0B9
:107F60007DFE024B241A1C6010BD00BF304800206B
:107F700008B500F0FDF918B1BDE8084004F06EBE88
:107F800004F06CFE014B1B68184408BD304800200B
:107F900010B5044600F0ECF920B12046BDE81040D1
:107FA00004F0A0BEFFF7E4FF001B10BD00207047E7
:107FB00000207047014B1860704700BF2C0E002056
:107FC00008B5FDF72FFF08BD014B33F810007047CF
:107FD0004E48002070474FF4346005F02DBF00BFBD
:107FE00000BF00BF00BF00BF00BF00BF00BF00BF99
:107FF00000BF00BF00BF00BF00BF00BF00BF00BF89
:1080000000BF00BF00BF00BF00BF00BF00BF704780
:1080100008B5FFF7E0FF08BD704708B5FFF7FCFFA4
:1080200008BD00007FB500F0A3F91E4D04461E4AAE
:1080300060B30023107801A905EB4000019302937F
:10804000039300F0C7F9194E80B1194B0C22187830
:1080500001A905EB4000F8F79BFC0123337060B9E0
:108060000024FCF741FE204604B070BD3378002B9D
:10807000F6D001900290039030700D4B0C221878CE
:1080800001A905EB4000F8F7DBFBEAE7084B1178A4
:10809000187805EB410105EB400000F0FBF9FFF714
:1080A000BCFFE0E74E480020664800202920002061
:1080B0003448002008B5302383F31188012100F0F3
:1080C0000F039940202220F00F0007F09BFA0023B5
:1080D00083F3118808BD000038B509240B4D55F80D
:1080E000040B421C01D0FFF7E5FF013C14F0FF0434
:1080F000F5D10624064D55F8040B431C01D0FFF7BB
:10810000D9FF013C14F0FF04F5D138BD300E00203A
:10811000540E00202DE9F843DFF89080054658F80A
:1081200021300E465C1C17463ED0302282F3118867
:10813000012223F00F0903F00F0302FA03F4214692
:108140004846240407F05EFAC9F81840002484F376
:108150001188FFF744FF6FEA070EDFF854C0A91E2D
:108160000A355CF8042B31F8023F501C19D022F07C
:108170000F00006902F00F0220FA02F2D20710D4B9
:1081800001243B438D420B80EBD158F82600431C61
:1081900001D0FFF78FFF21463046BDE8F843FFF7D7
:1081A00037BF03EA0E03EDE7BDE8F883300E002089
:1081B000540E0020F0B5DFF888C091B09CF8003074
:1081C000F3B9204C01AD0FCC0FC594E8030085E84E
:1081D00003001D4E01AF0FCF0FC695E80300083412
:1081E00007AD86E803000FCC0FC50FCC0FC526687E
:1081F000164C2E6007AD0FCD0FC40FCD0FC42660F7
:108200009CF80030124A002B0CBF06230023137089
:10821000104AC3F106031370FFF75EFF1822002116
:108220000D48F8F73FFA182200210C48F8F73AFAFF
:10823000062000F04FF811B0BDE8F040FFF7C0BED7
:108240006C0E00208C030108540E0020300E00201C
:1082500066480020344800204E4800203648002060
:1082600030B587B0182200216846F8F71BFA0025C0
:1082700001242246E9B268460135FFF74BFF64004E
:10828000092DA4B2F5D1182269460F48F8F780FBF2
:10829000002814BF0124002404D0182269460A488B
:1082A000F8F7CEFA094B0A4918780622234601EB63
:1082B0004001054800F010F80446FFF7B3FE2043E4
:1082C000C0B207B030BD00BF36480020664800206D
:1082D0004E480020704700002DE9F84307460E463F
:1082E00015461C46DFF850804BB1012388F800305A
:1082F00004F0B4FC114B18600020BDE8F88398F836
:108300000090B9F1000FF7D00C4B186804F0EAFCAC
:108310000028F1D06D002A4639463046F8F738FB80
:1083200028B12A4639463046F8F78AFA4C460023E7
:10833000204688F80030E0E7302000202C20002084
:1083400010B5074C00224FF40071204607F05AF98F
:108350004FF4165005F070FD2069C0F3402010BDA9
:1083600000040040014B5878704700BF34200020C3
:10837000014B1878704700BF3420002010B5FCF77F
:108380006DFA084C2070FFF7DBFF6070FFF7EAFF23
:10839000054B1870FFF7ECFF18B1BDE8104000F076
:1083A00045B810BD342000206C0E002008B5FFF742
:1083B000DFFF18B9BDE8084000F03AB808BD00007A
:1083C000034B187809288CBF00200120704700BF9C
:1083D0003620002070B5134C054623780E46092B35
:1083E0000CD83146284600F053F8B8B92378FF2B53
:1083F0000DD104F06BFC0C4B188006E00A4B18887A
:1084000004F069FCB0F5FA7FEBD2002070BD0133B7
:10841000DBB2092B2370ECD80120F7E7002323708F
:10842000FAE700BF362000203220002004F006BD0D
:1084300004F0F0BCF8B504461E461546BDF81870A9
:1084400062B10C206043104B1A5C03445B880F48F8
:10845000AA4228BF2A461844F8F7F2F9204604F049
:10846000EFFC054670B16FB10C230749304603FBA2
:1084700004110A79CB880549BA4228BF3A46194403
:10848000F8F7DEF92846F8BD700E002038200020ED
:1084900000F0CAB900F004BA054B1A68054B92F80F
:1084A0003E1083F8901092F83F2083F8AC2070477C
:1084B000440B0108700E002003F032BAF7B50546F0
:1084C00008680C4617461E4604F00CFC632800D8CA
:1084D0005FB1002331462846BDF820200093FFF706
:1084E000A9FF18B104F0BAFB2060012003B0F0BD71
:1084F0002DE9F0411446069F05460E463A461946B8
:108500002046F8F745FA021E2346314628460697CC
:1085100018BF0122BDE8F041FFF7D0BF7FB5FFF7DC
:108520001BFA0390FFF72AFA0490FFF739FA0C229E
:10853000064B05901B680092054930336A440A20B7
:10854000FFF7D6FF07B05DF804FB00BF440B01083E
:10855000E820002007B50C21054B02461B6800915E
:108560000E3304490220FFF7C3FF03B05DF804FB9C
:10857000440B0108CC20002037B502240D4B072006
:108580001D680D4B298D1A8800948A1A18BF012284
:108590000A49FFF793FF50B1094B698D1A880820EB
:1085A0008A1A18BF012207490094FFF787FF03B01A
:1085B00030BD00BF440B0108721F0020E0200020E6
:1085C000741F0020DC2000201FB504F053F90122A5
:1085D000074B8DF80F001B68009206492C330DF1F4
:1085E0000F020920FFF784FF05B05DF804FB00BF10
:1085F000440B0108E4200020114B70B51C680321D6
:1086000004F13D0003F043FB94F83C30834215D164
:1086100094F93D200F2A11DC0C210A4B01FB023397
:108620009D685DB1AC4694F83F2094F83E0004F19B
:10863000600304F14001BDE87040604770BD00BFB9
:10864000440B0108700E00202DE9F04390461D46B2
:108650000022012385B000930E46DDE90C971146F8
:108660000DF10F03FFF7E6FE044650B3D8F8000003
:1086700004F038FB63281CD90022BBB211460093DA
:1086800030462B46FFF7D6FE39460446484603F0EF
:10869000FEFA9DF80F30834214BF002404F0010459
:1086A0001CB104F0DBFAC8F80000204605B0BDE8B4
:1086B000F0833946484603F0EAFA9DF80F308342CA
:1086C000DAD13A4649462846F8F7BAF8EDE700000D
:1086D0001E4B2DE9F0411E68082386B006F11B08E9
:1086E0000193042103201A4ACDF8008004ABFFF760
:1086F000ABFF054620B1174FB27E3B789A4215D1A9
:10870000284606B0BDE8F0819DF80F109DF80E00D8
:1087100003F0EEF8044650B9002305201A46194626
:108720000093FFF787FE2040C5B20BE000244046CF
:108730000DF10F020DF10E0103F0C0F80028E3D196
:10874000002CE9D1B37E3B70DAE700BF440B01088F
:10875000D4200020D020002070B50C260E4B86B00F
:108760001B680D4602330093012100200B4A01963D
:108770000DEB0603FFF768FF044628B132460848B0
:108780000DEB0601F8F75CF80C2228460449F8F7CF
:1087900057F8204606B070BD440B0108C8200020E1
:1087A000BC20002030B50E4D85B0286804F09AFA40
:1087B000632812D9FFF7DCFB002302300390042268
:1087C0000620009303A9FFF735FE044610B104F01C
:1087D00045FA2860204605B030BD0124FAE700BF05
:1087E000D82000202DE9F04706460F469046FFF7B7
:1087F000E7FD002814BF4FF00A094FF001090125D9
:1088000039463046C04768B901354D450ADC044653
:1088100005FB05FA4FF47070013405F00DFB54456B
:10882000F8D1EDE7BDE8F08738B5164A04460D46A5
:10883000FFF7D8FF20B329462046134AFFF7D2FF9F
:10884000F0B129462046114AFFF7CCFFC0B12946B6
:1088500020460F4AFFF7C6FF90B1294620460D4A31
:10886000FFF7C0FF60B1294620460B4AFFF7BAFF69
:1088700030B129462046BDE83840084AFFF7B2BF6C
:10888000002038BD5987000855850008D1860008AA
:10889000A587000879850008C98500081D8500089E
:1088A00070B50E46054606F021FC284B0C221C68CC
:1088B0003146A31C1846F7F7C3FF0C2103F0E7F974
:1088C000264606F80E0B06F017FC06F00FFC0C22ED
:1088D0003146284604F11B05F7F7B2FF06F00CFC01
:1088E00006F004FC284603F013F80821284603F09C
:1088F000CEF9A07606F000FC06F0F8FB144B606A97
:108900001A68904202D01860FFF724FB06F0F4FBCF
:1089100006F0ECFB228D0F4B1A80628D0E4B1A80F5
:1089200006F0EAFB06F0E2FB94F82C0003F09CFF53
:1089300006F0E2FB06F0DAFB04F1300007C8FFF7AF
:1089400035F8BDE8704006F0D7BB00BF440B010806
:10895000B8200020721F0020741F00200E2808DDA0
:108960000C22044B02FB00304023438060238160D3
:10897000C3807047700E0020F0B587B00E461746D2
:108980001D468DF80F00FFF71BFD10B9002007B042
:10899000F0BD9DF90F300E2BF8DD202EF6D8202DDE
:1089A000F4D8002403210DF115008DF815308DF851
:1089B00014408DF816608DF8175003F068F9154BC8
:1089C0008DF8140083F8906083F8AC50042223469D
:1089D0000B20009405A9FFF72DFD0028D6D02346D3
:1089E000324639460C200094FFF724FD0028CDD0F4
:1089F000234601220D2000940DF10F01FFF71AFD0F
:108A00000028C3D0224621460C9B00950E20FFF77C
:108A100011FDBCE7700E0020FFF73CB808B504F06C
:108A2000DFF804F013FEFEF7DFFF04F011FEFFF79E
:108A30000FF804F023FE04F027FEFFF7EDFF04F02B
:108A400025FE03F0DBF9FEF7DFFFF4E7002307B5AF
:108A5000014601220DF107008DF8073000F08CF877
:108A60009DF8070003B05DF804FB002307B501463D
:108A700002220DF10600ADF8063000F07DF8BDF8D9
:108A8000060003B05DF804FB07B50422002301468D
:108A90000DEB0200019300F06FF8019803B05DF850
:108AA00004FB07B501228DF8071001460DF1070000
:108AB00000F067F803B05DF804FB07B50222ADF8DB
:108AC000061001460DF1060000F05BF803B05DF8FA
:108AD00004FB07B50422019101460DEB020000F0F2
:108AE00050F803B05DF804FBF8B505461446D31DF5
:108AF00023F0070300AFADEB030D68460E4600F010
:108B00003BF8224669462846F7F742FF20B1224645
:108B10003146284600F035F8BD46F8BD38B50C465C
:108B20000546FFF793FFA04205D021462846BDE841
:108B30003840FFF7B6BF38BD38B50C460546FFF7DD
:108B400094FFA04205D021462846BDE83840FFF7F3
:108B5000B4BF38BD38B50C460546FFF795FFA042B7
:108B600005D021462846BDE83840FFF7B2BF38BDE2
:108B700000F012B900F038B80B460146184600F074
:108B80004DB80B460146184600F09AB808B5064B9A
:108B90004FF4805218460021F7F784FD41F2080295
:108BA00000F580531A6008BDF020002010B5054C78
:108BB00023792BB900F069F908B10120207110BDAB
:108BC0000220FCE7F030002010B5064C237933B1C9
:108BD00000F065F910B100230120237110BD0220BF
:108BE000FCE700BFF030002038B5FFF7DFFF044698
:108BF00018B9FFF7E9FF204638BD00F048F90546EF
:108C0000FFF7C4FF012C06D1FFF7DEFF00280CBFE1
:108C1000002505F001052C46EDE7000008B50346E8
:108C200008469918B1F5805F05D804491944F7F74B
:108C300007FE012008BD0020FCE700BFF020002057
:108C400038B500F024F9044610B3FFF7AFFF4FF436
:108C5000007205461249002000F03EF9044678B142
:108C60000DA3D3E900234FF480510D4802F0C0FD5D
:108C700002460B464FF4805000F060F94400E4B225
:108C8000012D01D1FFF7A0FF41F20802054B1A6048
:108C9000204638BDAFF3008025232284E49CF2CB2C
:108CA000F0200020F0300020044B1B68B3F5005F7B
:108CB00001D3FFF7C5BF0120704700BFF03000208F
:108CC0002DE9F04F8318B3F5805F04460E46154634
:108CD00085B01ED82F4F00EB070841463046F7F706
:108CE00057FE002845D02A4631464046F7F7A8FDF2
:108CF000FFF75CFF834650B14FF000084FF00009CA
:108D000007F5805755B9FFF7CFFF034637E0FFF768
:108D10005BFF0023184605B0BDE8F08F052DAA467D
:108D200028BF4FF0050AC4F3024343EACA03CDE962
:108D3000028952468DF808303146230A0DF10B00A6
:108D40008DF809308DF80A40F7F77AFDDDE9022346
:108D5000386800F0F3F888B13B6808333B60FFF7F0
:108D6000A3FF0128034606D1A5EB0A055444564447
:108D7000C8E70123CEE710F0FD0F00D00023BBF1C0
:108D8000010FC7D10193FFF71FFF0028C1D0019B3E
:108D9000C0E700BFF02000207FB5FFF7F7FE00F02E
:108DA0006FF828B9FFF7F2FE0024204604B070BD2A
:108DB0004FF400720020304900F073F82E4D002867
:108DC00043D02BA3D3E900234FF48051284602F06F
:108DD0000FFD06460C464FF4805002A900F079F8CA
:108DE000DDE902239C4208BF964201D0FFF7CEFE88
:108DF00041F208046946204600F06BF848B3DDE90B
:108E0000003253EA02011ED013F0C00FCDE9023246
:108E100004F10804D9B21BD103F47F40C3F3074324
:108E200018430B0403F4E0231843CA0800EBD101F4
:108E3000B1F5805F0CD80DF10B012844F7F700FD68
:108E4000B4F5005FD6D1012003E0FFF79FFEA9E74C
:108E500000200A4B1C6038B9FFF7F2FE04460028D8
:108E6000A3D1FFF793FEA0E7FFF71EFFF6E700BFD1
:108E700025232284E49CF2CBF0200020F030002057
:108E800008B500F0DBF8012008BD0120704708B5E7
:108E9000002000F0D5F8B0FA80F0400908BD0120AC
:108EA000704738B5D5002A460C4600F0E6F818B9E8
:108EB00021462544A94203D1B0FA80F0400938BDCB
:108EC000D1E90023D243DB4341F8082B41F8043CAD
:108ED000F0E70122FFF7E5BF2DE9F0470646894696
:108EE00015460027C0B0202DAA4628BF4FF0200A03
:108EF0004FEACA0809EBC70142466846F7F7A0FCEB
:108F00000024694654450DD142466946304600F07A
:108F1000D2F888B92D1B46442744E4D1012040B043
:108F2000BDE8F087D1E90023D243DB4341F8082BA9
:108F300041F8043C0134E5E70020F0E707B5CDE94E
:108F4000002369460122FFF7C7FF03B05DF804FB69
:108F5000002208231146014804F082B80C080040A2
:108F600008B5FFF7F5FF30B1062004F0B9F804F0BA
:108F7000EFF8002008BD4FF0FF30FBE7F7B51F46C4
:108F80004BBA090C064615468DF80400ADF80630BC
:108F90008DF80510FFF7DCFFE8B104210DEB0100AF
:108FA00004F0C2F8044648B945B1022E0BD0032E96
:108FB0000ED12846B9B204F0C1F8044604F0C8F84E
:108FC000204603B0F0BD2846B9B204F0ADF8F4E78E
:108FD0004FF0FF34F2E74FF0FF34F1E710B5FFF741
:108FE000B7FF88B1052004F07BF804F08BF8044645
:108FF00004F0AEF8002C05DB14F0010F0CBF0024C8
:109000006FF00304204610BD4FF0FF34FAE710B5AF
:10901000044603F023FE4FF47A7303FB040403F0C9
:109020001DFEA04204D2FFF7D9FF031DF7D010BDEB
:109030006FF00100FBE70120FFF7E9BF03F0D6BFA7
:1090400000F58033B3F5002F10B5044612D283B279
:1090500083B9FFF7F0FF78B9FFF782FF60B90346E5
:1090600002462146D820FFF789FF28B9BDE8104005
:10907000FFF7E1BF4FF0FF3010BD2DE9F04107468B
:109080000D461646FFF7D7FF0446804638B13246F4
:1090900000212846F7F706FB2046BDE8F08133465D
:1090A0002A4639460320FFF769FF04460028F3D01B
:1090B00032464146EDE72DE9F0410746884616461F
:1090C00076B9FFF7B8FF044638B9FFF741FF20B380
:1090D000042004F005F804F03BF82046BDE8F081D8
:1090E000FDB2C5F58075B54228BF3546FFF7A3FF31
:1090F00004460028F1D1FFF733FF04460028ECD1E5
:109100002B46424639460220FFF738FF0446002826
:10911000E3D1A8442F44761BD2E74FF0FF34DCE7BD
:1091200030B510F47F4F85B00190C0F30725C0F330
:1091300007420DD109B1304B9A5C1346114600200D
:1091400063F3070061F30F2062F3174005B030BDF1
:109150009DF80440002937D0274B995C0620FF2357
:1091600060435A1BB0FBF3F06FF05403434303EB2F
:10917000440303EB4303DBB203FB05F4C3F1FF033A
:109180006B4324121B12C4F1FF04C3F1FF034A43D3
:109190004C434B43C2F30722C4F30724C3F3072312
:1091A000C9B2062824D801A555F820F03F9100083F
:1091B000CD910008D3910008DD910008E7910008E7
:1091C000F19100083F9100081146C7E70B46214680
:1091D000B5E718460B4611460246B0E70B46114666
:1091E0001A462346ABE7184613460A460146A6E749
:1091F00013462246A3E700BF600B0108012184B09B
:1092000004B0FFF78DBF012830B501D8C0B230BD22
:10921000B0F5F75F88BFFF224FF001049EBF4209FF
:109220000832D2B2A3185910C3F34705C3F34F0352
:109230005B439BB2984206D2013DEAB29442F1D917
:10924000013CE0B2E3E7FF2902D00135ECB2F5E7DB
:109250000846DCE7074B188800EB402200EB820051
:1092600000F55850193080B2188000EB1020C0B2C1
:10927000704700BF360F002010F0400216BFC343F6
:109280000346DBB210B503F00F0102B10131094C06
:10929000C3F3011304EB4302527814F813304A432A
:1092A00003EB2213DBB2020644BF5B42DBB283F066
:1092B000800010BD480B0108144B84B003EB410340
:1092C000E421019093F86C30C0F307204B43C2EBCC
:1092D00013231C33002BB8BF5B42A0EBC3031BB2AC
:1092E00023EAE373434300201B128DF80530019BF2
:1092F000DAB262F30700C3F3072262F30F20C3F36D
:10930000074363F3174004B0704700BFE90C002027
:10931000144B84B003EB4103E421019093F86C30CB
:10932000C0F307404B43C2EB13231C33002BB8BFE1
:109330005B42A0EBC3031BB223EAE3734343002069
:109340001B128DF80630019BDAB262F30700C3F3FB
:10935000072262F30F20C3F3074363F3174004B0FF
:10936000704700BFE90C002084B0019000208DF808
:109370000420019BDAB262F30700C3F3072262F311
:109380000F20C3F3074363F3174004B07047000096
:1093900084B0019000200B4B03EB410393F86C3039
:1093A0009B1A8DF80430019BDAB262F30700C3F315
:1093B000072262F30F20C3F3074363F3174004B09F
:1093C000704700BFE90C002084B0019000200B4BD7
:1093D00003EB410393F86D309B1A8DF80430019B29
:1093E000DAB262F30700C3F3072262F30F20C3F37C
:1093F000074363F3174004B0704700BFE90C002037
:1094000030B5134B85B03431019003EB41046579DD
:1094100003EB4103A5F1200464B21B79002CBCBF0F
:10942000C5F120056CB29A1A2244C0B210448DF8DE
:1094300004000020019BDAB262F30700C3F30722A5
:1094400062F30F20C3F3074363F3174005B030BD49
:10945000E90C002084B0019000209DF8102003EB5F
:10946000430302EB53038DF80430019BDAB262F33D
:109470000700C3F3072262F30F20C3F3074363F32C
:10948000174004B070471FB592B2019048B200284F
:1094900002FB02F2BCBF494248B2C0F1380000FBF7
:1094A000002080B21C46FFF7AEFE00EB40000444F3
:1094B00000208DF80440019BDAB262F30700C3F389
:1094C000072262F30F20C3F3074363F3174004B08E
:1094D00010BD000084B0019003F13400104B03EB89
:1094E000400358791B792038703B4B4302FB003214
:1094F00000209DF80430002AB8BF7F3203EBE2134E
:109500008DF80430019BDAB262F30700C3F307223F
:1095100062F30F20C3F3074363F3174004B07047AF
:10952000E90C002084B0019003F13400104B03EBF0
:10953000400358791B792038703B4B4302FB0032C3
:1095400000209DF80430002AB8BF3F3203EBA2137D
:109550008DF80430019BDAB262F30700C3F30722EF
:1095600062F30F20C3F3074363F3174004B070475F
:10957000E90C00201FB5164C3433019004EB430472
:1095800063792479203B5343A4F1700252B2002A3C
:10959000BCBFC4F1700462B2C2F1380201FB0231F7
:1095A00011EB410148BF7F31C0B200EBE1108DF8F3
:1095B00004000020019BDAB262F30700C3F3072224
:1095C00062F30F20C3F3074363F3174004B010BDE9
:1095D000E90C002030B50D4685B00190C4B21046AC
:1095E000FFF74AFE124901EB450191F86C30C218B1
:1095F000D2B2A2F180035BB2002BBCBFC2F18002E9
:1096000053B20C2200205B00DBB2534304EB132463
:109610008DF80440019BDAB262F30700C3F307221E
:1096200062F30F20C3F3074363F3174005B030BD67
:10963000E90C0020114B84B0019003EB410393F837
:109640006C10C0B28B1A5BB2002BBCBF521A53B263
:109650001822DBB2534300EB13208DF804000020E6
:10966000019BDAB262F30700C3F3072262F30F2013
:10967000C3F3074363F3174004B07047E90C0020BD
:10968000C94384B00190C9B2C0F3074041430020F0
:1096900009128DF80610019BDAB262F30700C3F3DA
:1096A000072262F30F20C3F3074363F3174004B0AC
:1096B0007047C94384B0C1F3850101900144002083
:1096C0008DF80410019BDAB262F30700C3F307229E
:1096D00062F30F20C3F3074363F3174004B07047EE
:1096E00084B003EB8302BDF81030019013449BB2A9
:1096F000FF2B28BFFF23DB43C0F30740DBB203444B
:10970000FF2B28BFFF2300208DF80630019BDAB223
:1097100062F30700C3F3072262F30F20C3F307438A
:1097200063F3174004B0704700291FB5B8BF494222
:10973000002AB8BF524209B2090112B2FF294FEA0A
:109740000212A8BFFF21FF2AA8BFFF22BDF81840C0
:1097500009B2234412B29BB29142D4BF5B189B184A
:109760009BB2FF2B28BFFF23DB430190DBB2C0F38A
:1097700007400344FF2B28BFFF2300208DF806304D
:10978000019BDAB262F30700C3F3072262F30F20F2
:10979000C3F3074363F3174004B010BD1FB5482B54
:1097A0000190C0F3074030D8BDF81840E31A9BB2CF
:1097B000FF2B28BFFF23083189B2102905D902F1F8
:1097C000080189B2112928BFFF23DB43DBB218440B
:1097D000002AB8BF0332FF2828BFFF208DF80600FB
:1097E00000200B49497801EBA2028DF80420019B6F
:1097F000DAB262F30700C3F3072262F30F20C3F368
:10980000074363F3174004B010BDFF23D3E700BF45
:109810006848002084B0BDF81020C0F30741D31A77
:109820009BB2FF2B28BFFF23DBB2DA43D2B2114435
:10983000FF2928BFFF210190034400208DF8043048
:109840008DF80610019BDAB262F30700C3F307221A
:1098500062F30F20C3F3074363F3174004B070476C
:1098600084B0BDF810200190D31A9BB2FF2B28BF03
:10987000FF23DB43C0F30740DBB20344FF2B28BFC9
:10988000FF2300208DF80630019BDAB262F3070057
:10989000C3F3072262F30F20C3F3074363F31740B8
:1098A00004B07047024B1A7810431870704700BF1D
:1098B00002320020012310B5044C0822172104486D
:1098C0002370FFF759F90023237010BD02320020E6
:1098D0006848002010B5044610B9C90FC80110BD72
:1098E00080EAE072A2EBE07212B2002901EB0203FF
:1098F0000CDB891A490191FBF3F1C1F120014BB254
:10990000D8B2002CBCBF4042C0B2E8E75B01521A9B
:1099100093FBF2F3C3F160035BB2F1E730B5C0F340
:10992000072585B0EB1A01901046DCB2FFF7D2FF95
:10993000C0EB801300EB830004440020E4B26C43CE
:1099400024128DF80540019BDAB262F30700C3F3DD
:10995000072262F30F20C3F3074363F3174005B0F8
:1099600030BD30B5C0F3074585B0EB1A0190104605
:10997000DCB2FFF7AFFFC0EB801300EB83000444C1
:109980000020E4B26C4324128DF80640019BDAB249
:1099900062F30700C3F3072262F30F20C3F3074308
:1099A00063F3174005B030BD30B585B0C0F307256F
:1099B00001909DF820001C1A1046FFF78BFF2C44E5
:1099C000E4B2241A0020E4B26C4324128DF805405E
:1099D000019BDAB262F30700C3F3072262F30F20A0
:1099E000C3F3074363F3174005B030BD30B585B00E
:1099F000C0F3074501909DF820001C1A1046FFF7A0
:109A000069FF2C44E4B2241A0020E4B26C4324120F
:109A10008DF80640019BDAB262F30700C3F3072218
:109A200062F30F20C3F3074363F3174005B030BD63
:109A30001FB5019010461C46FFF74CFF031900208C
:109A40008DF80430019BDAB262F30700C3F30722FA
:109A500062F30F20C3F3074363F3174004B010BD54
:109A60001FB501909DF818001C1A1046FFF732FF31
:109A7000E4B2241A00208DF80440019BDAB262F3AC
:109A80000700C3F3072262F30F20C3F3074363F316
:109A9000174004B010BD0000082208B51721034884
:109AA000FFF722F80022024B1A7008BD6848002018
:109AB0000232002084B004B0FFF7A0BB2DE9F74FBD
:109AC000DFF8D0A000EBC0080AEB08035B5C074698
:109AD000FF2B0E462BD000252F4A90444FF0000B51
:109AE00005EBC50403F134090AEB04010AEB49094B
:109AF000144411F801EBBEF1FF0F0ED0E8B287421B
:109B000018D15FFA8BF0864214D118F80600203085
:109B1000FF2828BFFF2008F806000BF1010BBBF15E
:109B2000090F04F10104E4D101350C2DD6D103B0A5
:109B3000BDE8F08F0EF1340E0AEB4E0E9EF804C015
:109B400099F804009EF805E0A0EB0C0099F805C018
:109B50000191ACEB0E0C1FFA8CFC0CFB0CFC00FB17
:109B600000C080B20093FFF74EFB2828009B0199AC
:109B7000094AD2D8C0F1280080B2102828BF10208E
:109B800094F800C0C0B26044FF2828BFFF202070B6
:109B9000C3E700BFE90C00203132002010B5084CAB
:109BA00035232046032200F8013B0649F6F748FE1C
:109BB0004FF68773A380BDE81040FFF76DBF00BF6D
:109BC00068480020C80301080020704770B50446AB
:109BD0000E461546FFF7F8FF054B04EBC40423447B
:109BE0009B5DFF2B1EBF2B540130C0B270BD00BF68
:109BF000E90C0020014BDB68184700BF500B01083F
:109C000010B4024C6468A44610BC6047500B0108B5
:109C100037B5194B0446034493F8F430194229D060
:109C2000164B9A7859788DF80120DA788DF8022051
:109C3000FFF710FB4FF4B47201F1B403B3FBF2F57C
:109C400002FB15335B1A48BF03339B1000F003007F
:109C500003FB00118DF800100098FFF72BFFC0F3F5
:109C60000743C2B2C0F30721204603B0BDE830402D
:109C7000FFF7C6BF03B030BDE90C002068480020E4
:109C800013B5134B0446034493F8F43019421CD027
:109C9000FFF7E0FA8DF80000FFF7DCFA40F3570316
:109CA0007F338DF801300B4BDB788DF80230009854
:109CB000FFF700FFC0F30743C2B2C0F307212046FD
:109CC00002B0BDE81040FFF79BBF02B010BD00BF5F
:109CD000E90C002068480020014B9B68184700BF32
:109CE000500B01082DE9F04F524B87B0DC78524EF3
:109CF00004EB44034FEAA30B9B080293FF23B3FB3F
:109D0000F4F3019383785BB1002211461046FFF70C
:109D1000E3FF6C2200214948F6F7C4FC00233370AE
:109D20000025474FDFF814A13B7801333B70D04644
:109D30004FF0000932785FFA89F31A4363D1039335
:109D4000F6F70EFC3F4B9842039B5CDC8AF8004020
:109D50002946184604AAFFF739FF98B198F8002061
:109D6000029B9DF810009A425CD9A2EB0B030BFBFF
:109D700003F3A4EB0B0293FBF2F32246DBB219468A
:109D8000FFF73EFF09F10109B9F10C0F08F10908CD
:109D9000D0D10135EDB2092D0AF1010AC7D13B78C6
:109DA000019A934204BF00233B7033780133DBB246
:109DB0001C2B3DD900233370234E0B233546671EE1
:109DC0003046294609220B2B04D190F800C0644587
:109DD00008BF077011F809CC013AA44524BF01F867
:109DE000097C0C7012F0FF0201F1010100F1010089
:109DF000E9D1013B13F0FF03A5F10905E0D10020F3
:109E000007B0BDE8F08F98F80020002AA0D0944257
:109E10009ED939780198814204BF02F1FF3288F857
:109E2000002095E76243B2FBFBF20023D2B2A6E723
:109E30003370E4E76848002001320020313200200E
:109E40000032002054555505943200202DE9F04F82
:109E500085B0074688461546FEF78AFA81460028EF
:109E60004DD0002D4ED04146384602AAFFF7AEFE37
:109E70000446334E33782344082B22DDC4F1080A0C
:109E8000611C52463144701CF6F7DAFC04F10901FA
:109E90005246314406F10900F6F7D2FC06EB4401C4
:109EA0004FEA4A02193106F11900F6F7C9FC04F12C
:109EB00011015246314406F11100F6F7C1FC86F853
:109EC00000A000221146964602AB96F800B0DFF8DB
:109ED00070C00193D0B200EB0B038442DBB213D805
:109EE00011B1174B5C441C704DB1164B1B7803F03D
:109EF000FC037C2B03D141463846FFF7DFFD05B05C
:109F0000BDE8F08F2C46B4E701990F4E11F801AB74
:109F10000CEB030001910AF1340106EB41010E79CB
:109F20000C3349790CEB430341724670494680F883
:109F300011A083F801E083F802E00132CAE700BF14
:109F40000332002068480020E90C002001207047FF
:109F500008B5FFF7FBFF08BDC0EBC00043000020C1
:109F6000DBB203F10E02D2B2442A63F307001346B8
:109F700028BF442382B063F30F2002B07047000073
:109F80002DE9F04F074689B000780291FFF7E4FF12
:109F9000DFF8B8802E4BC4B21D8898F80430C0F3A7
:109FA000072B5B085D432B4BC5F3072503EB4406EA
:109FB00003F1F409E3B29B4507D8BBF1430F8CBF13
:109FC0000020012009B0BDE8F08F19F804207B784B
:109FD0001A4238D096F86C1096F86D2070391FFA36
:109FE00081FA0AFB0AF0203A92B202FB020080B228
:109FF0000392FFF708F90095034698F801C098F816
:10A00000020098F803E0039A4CEA002012B20FFA1B
:10A010008AF1DDF808C040EA0E40E047C0F30723AC
:10A020008DF81C00C0F307408DF81D308DF81E0020
:10A030000798FFF73FFDC0F30743C2B2C0F3072103
:10A040002046FFF7DDFD02360134B3E76848002003
:10A0500070480020E90C00200149FFF791BF00BFC4
:10A06000A99900080149FFF78BBF00BFED990008CF
:10A070000149FFF785BF00BF559400080149FFF76C
:10A080007FBF00BF619A00082DE9F04F074685B0F9
:10A090000078FFF761FF8A46DFF89480254B98F837
:10A0A00004501B886D085D43234BC4B2C0F3072BDB
:10A0B000C5F3072503EB440603F1F409E3B29B451E
:10A0C00007D8BBF1430F8CBF0020012005B0BDE8CD
:10A0D000F08F19F804207B781A4226D098F80230C5
:10A0E00098F8010098F803C096F86D2096F86C1067
:10A0F00040EA0320203A70392B4640EA0C40D04712
:10A10000C0F307238DF80C00C0F307408DF80D3025
:10A110008DF80E000398FFF7CDFCC0F30743C2B2E1
:10A12000C0F307212046FFF76BFD02360134C5E777
:10A130006848002070480020E90C00200149FFF722
:10A14000A3BF00BF1D9900080149FFF79DBF00BFD5
:10A15000639900080149FFF797BF00BF8794000883
:10A160000149FFF791BF00BF319A00082DE9FF4771
:10A1700006460078FFF7F0FE88461F4F1F4A3B79DE
:10A1800015889B0803FB0555DFF874A0C0F3072969
:10A19000C5F30725C4B2E1B2894507D8B9F1430F29
:10A1A0008CBF0020012004B0BDE8F0871AF804201D
:10A1B00073781A421DD0BA787B78F87843EA022384
:10A1C00043EA00402A46C047C0F307238DF80C003D
:10A1D000C0F307408DF80D308DF80E000398FFF79F
:10A1E00069FCC0F30743C2B2C0F307212046FFF762
:10A1F00007FD0134CFE700BF684800207048002009
:10A20000DD0D00200149FFF7B1BF00BFB992000882
:10A210000149FFF7ABBF00BF119300080149FFF7E9
:10A22000A5BF00BF699300080149FFF79FBF00BFAA
:10A23000919300080149FFF799BF00BFC993000837
:10A240000149FFF793BF00BF019400080149FFF7E0
:10A250008DBF00BFD59500080149FFF787BF00BF3C
:10A26000359600082DE9F04F804689B00078FFF759
:10A2700073FEDFF8A490294B99F804401B88A408CA
:10A280005C43C4F30724C6B2C0F3072504F14000C1
:10A29000C0B28A46FEF7F0FF803843B220460393EF
:10A2A000FEF7EAFFDFF878B0A0F180077FB2F3B2E3
:10A2B0009D4206D8432D8CBF0020012009B0BDE887
:10A2C000F08F1BF8061098F80120114222D000945C
:10A2D00099F8022099F8010099F803C040EA022099
:10A2E00003993A4640EA0C40D047C0F307238DF863
:10A2F0001C00C0F307408DF81D308DF81E00079834
:10A30000FFF7D8FBC0F30743C2B2C0F307213046C2
:10A31000FFF776FC0136CAE7684800207048002045
:10A32000DD0D00200149FFF79DBF00BFD594000857
:10A330000149FFF797BF00BF259500080149FFF7C6
:10A3400091BF00BF759500082DE9F04F324D0746CB
:10A3500085B00078FFF700FE2B794FF6FF760133CA
:10A36000FF2B28BFFF238846B6FBF3F6DFF8ACB01F
:10A37000DFF8ACA0C0F30729C4B2E1B2894507D821
:10A38000B9F1430F8CBF0020012005B0BDE8F08F6C
:10A390001BF804207B781A422CD09AF80030214810
:10A3A000013B5BB21A0627D5324629796B78013119
:10A3B000FF2928BFFF215143AA78E87843EA022306
:10A3C000C1F30F2143EA0040C047C0F307238DF8D3
:10A3D0000C00C0F307408DF80D308DF80E00039887
:10A3E000FFF768FBC0F30743C2B2C0F30721204662
:10A3F000FFF706FC0134C0E7C25C8A420AD103F1D0
:10A400000C020AEB420292F801C092784CEA022256
:10A41000B242CAD3013BC5E768480020DD0D0020E9
:10A4200074480020854800200149FFF78DBF00BF18
:10A43000819600080149FFF787BF00BFB396000867
:10A440002DE9F04F82468DB008780492FFF784FD25
:10A450008B46404BC4B21B78C0F3072903933E4B95
:10A4600003EB4406F4330593E3B2994507D8B9F1F9
:10A47000430F8CBF002001200DB0BDE8F08F059B7D
:10A480001A5D9BF801301A421ED057460025032260
:10A4900032490AA8F6F7D4F92E4B0AEB0308039ABF
:10A4A000FBB29A4213D82E4BDB786B431B128DF80C
:10A4B0002A300A98FFF7FEFAC0F30743C2B2C0F38E
:10A4C00007212046FFF79CFB01340236CCE718F841
:10A4D000013F96F86C1096F86D20C91A98F808306C
:10A4E00089B2D21A92B202FB02F001FB010080B2E3
:10A4F00007920691FEF787FE194B07F10C0E93F8B1
:10A5000004C0144B0CF1010CBCF1FF0F28BF4FF03D
:10A51000FF0C03EB4E0E9EF801309EF802E0079A06
:10A5200043EA0E2303FB0CFC0699CCF30F238DF8B2
:10A530002A500093049D034612B20A9809B2A84714
:10A54000C0F307238DF828008DF82930C0F30745A4
:10A550000137A4E774480020E90C00206948002076
:10A5600068480020044B01461B78044A013B23EA5B
:10A57000E373D8B2FFF764BF74480020E196000887
:10A580000146024A0020FFF75BBF00BFE1960008CA
:10A59000044B01461B78044A013B23EAE373D8B21B
:10A5A000FFF74EBF74480020299700080146024A71
:10A5B0000020FFF745BF00BF29970008044B014664
:10A5C0001B78044A013B23EAE373D8B2FFF738BF94
:10A5D000744800209D9700080146024A0020FFF7BA
:10A5E0002FBF00BF9D970008044B01461B78044A0B
:10A5F000013B23EAE373D8B2FFF722BF744800207F
:10A60000159800080146024A0020FFF719BF00BF55
:10A6100015980008044B01461B78044A013B23EAC5
:10A62000E373D8B2FFF70CBF7448002061980008AC
:10A630000146024A0020FFF703BF00BF61980008EF
:10A64000F7B506460078FFF787FC184AC5B253787D
:10A650009178C0F30724D07843EA012343EA00400D
:10A66000FFF728FAC0F307238DF80530104FC0F329
:10A6700007438DF804008DF80630EBB29C4205D8F4
:10A68000432C8CBF0020012003B0F0BD7A5D7378AD
:10A690001A4208D028469DF806309DF804209DF8FF
:10A6A0000510FFF7ADFA0135E7E700BF6848002065
:10A6B000DD0D00202DE9FF4106460078FFF74CFC38
:10A6C000DFF89C80032208F10101C4B2C0F3072522
:10A6D00001A8F6F7B5F8019898F80170FFF7EAF9C4
:10A6E000C0F307238DF8093098F804308DF808007E
:10A6F0001F448DF80470C0F307408DF80A000198DC
:10A70000FFF7D8F9C0F307238DF80D30154FC0F3CC
:10A7100007438DF80C008DF80E30E3B29D4206D849
:10A72000432D8CBF0020012004B0BDE8F0813B5DCB
:10A730007278134211D0DB07204643BF9DF80E30DC
:10A740009DF80C209DF80D109DF80A305CBF9DF817
:10A7500008209DF80910FFF753FA0134DDE700BF28
:10A7600068480020DD0D00202DE9FF4706460078EF
:10A77000FFF7F2FBDFF86C800322C4B2C0F30725B9
:10A7800008F1010102A8F6F75BF8DFF85C9098F891
:10A790000470A9F1870ABF08E3B29D4206D8432D91
:10A7A0008CBF0020012004B0BDE8F08719F8042018
:10A7B00073781A4213D01AF8142098F8013012094D
:10A7C00002FB07338DF808300298FFF773F9C0F3E6
:10A7D0000743C2B2C0F307212046FFF711FA013444
:10A7E000DAE700BF68480020DD0D00202DE9FF47B3
:10A7F00006460078FFF7B0FBDFF86C800322C4B296
:10A80000C0F3072508F1010102A8F6F719F8DFF8EF
:10A810005C9098F80470A9F1880ABF08E3B29D42E1
:10A8200006D8432D8CBF0020012004B0BDE8F0877E
:10A8300019F8042073781A4213D01AF8142098F8E3
:10A8400001307A4303EB52138DF808300298FFF77A
:10A8500031F9C0F30743C2B2C0F307212046FFF726
:10A86000CFF90134DAE700BF68480020DD0D002091
:10A870002DE9FF4106460078FFF76EFBDFF8948074
:10A88000032208F10101C5B2C0F3072402A8F5F7BD
:10A89000D7FF214B98F80370188898F80430DB082C
:10A8A0005843C0F30720FEF7E7FCA0F180035BB23A
:10A8B000002BBCBFC0F1800043B25B00DBB27B4326
:10A8C0001B128DF80A300298FFF7F4F8134FC0F30B
:10A8D00007238DF80C00C0F307408DF80D308DF87C
:10A8E0000E00EBB29C4206D8432C8CBF0020012006
:10A8F00004B0BDE8F0817A5D73781A4208D028462A
:10A900009DF80E309DF80C209DF80D10FFF778F99A
:10A910000135E6E76848002070480020DD0D002082
:10A9200073B505460078FFF717FBAB78C6B2C0F3E6
:10A93000072423BB134B144A1B7912881033FF2BB7
:10A9400028BFFF2353430A22C3F30F23B3FBF2F1C3
:10A9500002FB11339BB23BB9FEF77CFC4423584306
:10A9600069780012FFF754F9432C8CBF00200120B6
:10A9700002B070BD30466978FFF74AF90136B4423B
:10A98000F8DCF1E7684800207048002073B5054600
:10A990000078FFF7E1FAAB78C6B2C0F307242BBB0F
:10A9A000144B154A1B7912881033FF2B28BFFF2345
:10A9B00053430522C3F30F23B3FBF2F202EB8202EF
:10A9C0009B1A9BB23BB9FEF745FC44235843697878
:10A9D0000012FFF755F9432C8CBF0020012002B074
:10A9E00070BD30466978FFF74BF90136B442F8DCA8
:10A9F000F1E700BF68480020704800202DE9FF41C2
:10AA000006460078FFF7A8FADFF89880032208F1DD
:10AA10000101C5B2C0F3072402A8F5F711FF224BCC
:10AA200098F80170188898F80430DB085843C0F390
:10AA30000720FEF721FC0C22A0F180035BB2002B63
:10AA4000BCBFC0F1800043B25B00DBB2534307EBF5
:10AA500013278DF808700298FEF7D0FB134FC0F350
:10AA600007238DF80C00C0F307408DF80D308DF8EA
:10AA70000E00EBB29C4206D8432C8CBF0020012074
:10AA800004B0BDE8F0817A5D73781A4208D0284698
:10AA90009DF80E309DF80C209DF80D10FFF7B0F8D2
:10AAA0000135E6E76848002070480020DD0D0020F1
:10AAB0002DE9F04F074687B00078FFF74DFAC3B293
:10AAC0000193BB78C0F307244BB100221146104616
:10AAD000FFF702F96C2200213B48F5F7E3FD3B78D4
:10AAE00083B30026B0464FF0090B384B06EB030A40
:10AAF000354B06EB03091AF8013B019A93420CD33C
:10AB0000A3420AD2314A134493F8F4207B781A42C4
:10AB100027D108F101085FFA88F80BF1FF3313F031
:10AB2000FF0B09F10109E6D1632E04D0B8F10D0F36
:10AB300006F10906D7D9432C8CBF0020012007B0AD
:10AB4000BDE8F08F224D288802F0C5F818288CBF88
:10AB5000012200221F4B1A70C3D902F0B7F82880D7
:10AB6000BFE799F800501C4AA5F1550323EAE373A7
:10AB7000C3F1AA038DF810309378D2788DF8113094
:10AB800005F1AA03FF2B28BFFF2303EB4303023386
:10AB9000DBB253431B128DF812300498FEF78AFF84
:10ABA000C0F30743C2B2C0F307211AF8010CFFF744
:10ABB00027F8084B1B78002BABD0013D25EAE57543
:10ABC00089F80050A5E700BF31320020E90C0020D1
:10ABD0009E3200209D3200206848002013B5007886
:10ABE000FFF7BAF9C0F307242146C0B2F8F792FA8A
:10ABF000432C8CBF0020012002B010BD2DE9F04F86
:10AC0000954B8FB01B78954E8342029046D1944A63
:10AC10003378127803F003039B1A18BF0123914D78
:10AC20006A78AB7073799A4205D0002211461046BB
:10AC30006B70FFF751F8029A2D2A38D8DFE812F02E
:10AC4000300039004D005100550059005D00610091
:10AC5000650069006D007100750079007D0081005C
:10AC6000850089008D009100950099009D00A1004C
:10AC7000A500A900AD00B100B5001C01CA01810208
:10AC8000850289028D029102AC02B002B402B802C0
:10AC9000BC02C002C402C802CC02D0020123BEE73B
:10ACA000AB7823B1002211461046FFF715F80020BB
:10ACB00002E06C48FFF7C4FC6A4B1A7801321A7044
:10ACC00040B90221684A9B7811701BB9029B0BB9ED
:10ACD000032313700FB0BDE8F08F6248FFF7EAFC62
:10ACE000EAE76048FFF740FDE6E75E48FFF77EFDD4
:10ACF000E2E75C48FFF7BCFDDEE75A48FFF782FA5F
:10AD0000DAE75848FFF784FAD6E75648FFF716FA0D
:10AD1000D2E75448FFF718FACEE75248FFF79CF9FC
:10AD2000CAE75048FFF79EF9C6E74E48FFF776FAA4
:10AD3000C2E74C48FFF778FABEE74A48FFF77AFACD
:10AD4000BAE74848FFF77CFAB6E74648FFF790F9BC
:10AD5000B2E74448FFF7FEF9AEE74248FFF700FAD2
:10AD6000AAE74048FFF78AF9A6E73E48FFF7DAFA74
:10AD7000A2E73C48FFF7DCFA9EE73A48FFF7DEFA25
:10AD80009AE73848FFF7CCFD96E73648FFF7FEFD17
:10AD900092E73448FFF732FE8EE73248FFF756FA63
:10ADA0008AE73048FFF758FA86E72878FFF7D4F8A3
:10ADB000DFF8B8802E4FD8F800203B68C0F3072496
:10ADC0009A4237D9FEF746FA44235843294B4FEAB3
:10ADD000202903EB202393F8F4206B781A4229D022
:10ADE000FEF738FA82072AD50023ADF830308DF807
:10ADF00032300C98FEF75EFEC0F30721C0F3074324
:10AE0000C2B28DF834008DF835108DF836304846D2
:10AE1000DBB2C9B2FEF7F4FE33794FF4FA721033A5
:10AE2000FF2B28BFFF231B09B2FBF3F3D8F8002048
:10AE300013443B60432C8CBF002001203CE7FEF70D
:10AE400009FA8DF83000FEF705FA40F357007F301D
:10AE5000F3788DF83100CAE7340F002068480020ED
:10AE6000350F0020310F0020300F002070480020E7
:10AE7000FC310020E90C0020DFF8F092DFF8F0A2AE
:10AE8000D9F80020DAF800309A423FF610AFAB78DC
:10AE9000B84FB3B10022002411461046FEF71CFF44
:10AEA000B846A346FEF7D6F9830742D588F800B026
:10AEB00088F801B088F802B00134442C08F1030886
:10AEC000F0D12878FFF748F8ADF83000C0F3072438
:10AED000C0B200EB4008DFF8A0B2B844C3B29C4255
:10AEE00047D8432CA6D9A54904EB4402033AC81E0F
:10AEF000F5F728FCFEF7AEF904F1FF3810F0020F69
:10AF00004FEA480548D0002345447A197B555370D1
:10AF10009370337940F6B8321033FF2B28BFFF23EC
:10AF20001B09B2FBF3F3DAF800201344C9F8003030
:10AF300080E7FEF78FF98DF83400FEF78BF9F37890
:10AF400040F357007F3004EB44028DF836308DF823
:10AF50003500BB180D9803920193FEF74FF9039A41
:10AF6000019BB854C0F30722C0F307405A70987091
:10AF7000A2E71BF800206B781A4209D098F802303B
:10AF800098F8002098F801100190FEF739FE01981A
:10AF900008F103080130A1E7FEF75CF98DF83400F1
:10AFA000FEF758F9F37840F357007F308DF83630CC
:10AFB0008DF835000D98FEF721F94544785507EBDB
:10AFC0000508C0F30723C0F3074088F8013088F86C
:10AFD00002009EE7AB7823B1002211461046FEF72F
:10AFE0007BFE2878FEF7B8FFC0F307230893604B79
:10AFF000ADF830001A68624B1B689A4240F29880A4
:10B00000B2787378F07843EA022343EA0040FEF70F
:10B0100051FD5C4DC0F30722A946C0F307438DF8EC
:10B0200035208DF83630C1B2D2B2DBB2564FDFF8E0
:10B030005CA18DF83400039104920593AB46B846A9
:10B0400000260935CDF818B0079518F8014B002CEB
:10B0500071D0039B059C049A0193069B13F8010B86
:10B06000069309EB000393F8F4109AF801301942A3
:10B0700005D0234601990992FEF7C2FD099A079B64
:10B0800013F8010D079309EB000393F8F4109AF8F5
:10B090000130194203D023460199FEF7B1FD013674
:10B0A00098F80030F6B2032E08F8013CCDD1FC78B8
:10B0B000002C43D0059C039EDDF810809BF8030014
:10B0C00009EB000393F8F4209AF801301A4204D0F7
:10B0D000234642463146FEF793FD9BF8050009EBF7
:10B0E000000393F8F4209AF801301A4204D0234662
:10B0F00042463146FEF784FDFEF7ACF810F0030F30
:10B100000CBF01230023FB70214B04379D4295D1D6
:10B11000204B40F6B8321B791033FF2B28BFFF239A
:10B120001B09B2FBF3F3124A12681344144A13606A
:10B13000089B432B7FE6224601948EE72646A046D5
:10B14000BCE71248FFF7B4FCB6E51048FEF7CAFDAD
:10B15000B2E50E48FFF768F9AEE50C48FFF76AF96B
:10B16000AAE50A48FFF7FEF9A6E500BFF83100207E
:10B17000704800202C310020DD0D00202F310020F0
:10B1800028310020E90C0020F8300020310F002089
:10B19000550D0020684800201348FFF7F1F98BE5B2
:10B1A0001148FFF7F5F987E50F48FFF7FFF983E549
:10B1B0000D48FFF703FA7FE50B48FFF70DFA7BE533
:10B1C0000948FFF711FA77E50748FFF71BFA73E51F
:10B1D0000548FFF71FFA6FE50348FFF729FA6BE50B
:10B1E0000148FFF7FBFC67E5310F002007B5007849
:10B1F0000138C0B2FEF7B0FEC0F30721C0B2FAF7C3
:10B200004BFD03B05DF804FB2DE9F0413C4C3D4E95
:10B210002068FCF7BDFE0546FCF7AAFE206000246E
:10B2200096F800E0A4467146C5F57F47FF37E3B2C4
:10B230009E4514D8BCF1000F00D03170324B1B7802
:10B240002BBB324B1B7813F0030500D09D08304C0C
:10B250002378032B29D8DFE803F01C2A394504F1B1
:10B260000C0206EB4202537892F80280013443EA62
:10B2700008239F4229BF5B1901F1FF315370C3F3CB
:10B2800007233ABF4FF0010CC9B29370CFE70025F6
:10B29000DDE700221F4B1B491A701F4B2922186043
:10B2A0001E48F5F7CDFA01232370BDE8F08128464A
:10B2B000FFF7A4FC002DF8D02378022B01D1FEF774
:10B2C00047FEBDE8F0411348FFF790BF144B154A05
:10B2D0001D700E4B1B78C3F301031370FEF78AFC3D
:10B2E0000323E1E7104B1B780BB1FEF7D5FB0A4BAC
:10B2F0001868FCF74DFE0F28D7D90023D4E700BF0C
:10B300002C32002003320020303200206848002018
:10B31000300F0020310F00207048002074480020BA
:10B32000340F0020350F00200232002010B5002419
:10B330000D4B1B6898470D481022FF2100F8194B50
:10B34000F5F7B0F90A481022FF2100F8194BF5F77C
:10B35000A9F9FEF7AFFA074B1B78032B03D8BDE81A
:10B360001040FEF71BBC10BD500B010874480020B4
:10B37000033200206848002070B504460A4E88B1A8
:10B3800035787DB92846FFF739FC084B084A1D700F
:10B39000084B1B78C3F301031370FEF72BFC032249
:10B3A000054B1A70347070BD30320020340F00200D
:10B3B000350F002068480020300F0020044A137821
:10B3C00083F0010313700022024B1A70FEF76ABA71
:10B3D00068480020300F00200120FFF7EFBF000079
:10B3E000064A137813F0030304BF05490B700121CB
:10B3F000137861F301031370704700BF68480020A1
:10B40000300F002008B5FFF7EBFFBDE80840012032
:10B41000FEF748BA054B1A7892071EBF0021044A6E
:10B4200011701A7822F003021A70704768480020E1
:10B43000300F002008B5FFF7EDFFBDE80840012000
:10B44000FEF730BA024B187800F00300704700BFD7
:10B45000684800200C4A034608461178890711D035
:10B4600063B12D2B0CD803F03F03117863F38701F0
:10B4700011700022054B1A70FEF714BA0123F4E78D
:10B480002D23F2E7704700BF68480020300F0020EE
:10B490000021FFF7DFBF0121FFF7DCBF014B187868
:10B4A0008008704768480020054B01461B789B08C0
:10B4B00001332E2B34BF18460120FFF7CBBF00BF4E
:10B4C000684800200120FFF7EFBF0000064B01464F
:10B4D0001B78C3F38503013B13F0FF0314BF184629
:10B4E0002D20FFF7B7BF00BF684800200120FFF7FD
:10B4F000EDBF000030B4084C0546184623789B0782
:10B5000008D0962A28BF96226570A170E27030BCE0
:10B51000FEF7C8B930BC7047684800200023FFF729
:10B52000E9BF0123FFF7E6BF07B50322094901A8D8
:10B53000F5F786F900209DF8043063F307009DF8C5
:10B54000053063F30F209DF8063063F3174003B016
:10B550005DF804FB69480020014BD878704700BFB4
:10B5600068480020034903464878CA78083089783B
:10B57000FFF7C0BF684800200120FFF7F3BF0000BD
:10B58000054910B44C780346083CCA78A0B28978C3
:10B5900010BCFFF7AFBF00BF684800200120FFF7D5
:10B5A000EFBF000010B4064C0346A178E2781031DA
:10B5B000FF2928BFFF216078C9B210BCFFF79ABFEE
:10B5C000684800200120FFF7EDBF000010B4064CD2
:10B5D0000346A178E278103921EAE1716078C9B2B6
:10B5E00010BCFFF787BF00BF684800200120FFF7AD
:10B5F000EDBF000010B4064C0346E278A1781E327D
:10B60000FF2A28BFFF226078D2B210BCFFF772BFBA
:10B61000684800200120FFF7EDBF000010B4064C81
:10B620000346E278A1781E3A22EAE2726078D2B24A
:10B6300010BCFFF75FBF00BF684800200120FFF784
:10B64000EDBF0000024B18710120FEF72BB900BFBF
:10B6500068480020014B1879704700BF68480020F7
:10B66000044A13792833FF2B28BFFF231371FEF7F9
:10B6700019B900BF684800200120FFF7F1BF0000A2
:10B68000034A1379283B23EAE3731371FEF70AB9DF
:10B69000684800200120FFF7F3BF0000F0B50C4D13
:10B6A00000EB4007EE1996F801C044008C4505D127
:10B6B000EF5D974202D1B6789E4207D00127204421
:10B6C000044E2C18377061702A54A370F0BD00BF6F
:10B6D0009D480020A032002070B5134605460E4656
:10B6E00000242046324629460134FFF7D7FF442C78
:10B6F000F7D170BD08B500F053FA0022014B1A7063
:10B7000008BD00BFA032002010B5054C23782BB136
:10B710004421044800F060FA0023237010BD00BFEC
:10B72000A03200209D48002000B1104708470000CB
:10B7300038B54D790446002D43D1FBF72BFFA4F516
:10B74000F043203B00F02200142B3AD8DFE803F04E
:10B750000B0F14171A1D202326292C2F3335370DD4
:10B760000D0D0D0D0D00FFF737FE284638BD164AAA
:10B770001649FFF7D9FFF8E7144A1349F9E7144AC5
:10B780001449F6E7134A1249F3E7134A1349F0E75D
:10B79000124A1149EDE7124A1249EAE7114A1049E3
:10B7A000E7E7114A1149E4E7104A0F49E1E70120B0
:10B7B000FFF771FED9E70520FAE70D20F8E7122020
:10B7C000F6E70125D1E700BFEDB40008C5B40008D5
:10B7D0009DB5000879B50008EDB50008C5B50008AD
:10B7E0003DB6000815B6000895B6000879B6000801
:10B7F0002DE9F0414FF0120C461805461946104647
:10B800000027B54201D3BDE8F08115F8013B83EA7A
:10B810000002A2FB0C830CFB01334801540114EB22
:10B82000080440EAD26043EB00034FEAC218A418B0
:10B830004FEAC11041EB03034FEA022E40EA526087
:10B8400014EB08044FEA012143EB000341EA1261C3
:10B8500014EB0E0443EB01030EEB03013819D0E7A0
:10B86000FCF786BD08B5082200210348F4F71AFF4B
:10B87000BDE8084000F008B9A23200208378C07803
:10B88000013303F003031B1A58425841704710B5A7
:10B890000446FFF7F3FF78B9A37801F07F01E018C1
:10B8A00041EAC21202710120013303F00303A370C5
:10B8B00023780133237010BD0020FCE710B5C37856
:10B8C00084789C4211D003441B79C3F3C014C3F3A2
:10B8D00006030B701470C378013303F00303C370C5
:10B8E000437801334370012010BD0020FCE70000C5
:10B8F0000A4601460148FFF7CABF00BFA232002036
:10B900000A4601460148FFF7D9BF00BFA232002016
:10B9100008B508220149F4F793FF08BDA2320020C0
:10B920000122014B1A707047A1320020012070479C
:10B9300038B50D46FFF7FAFF044620B10A2125B1BC
:10B94000A920FBF71BF8204638BDAA20F9E737B538
:10B9500000250DF107010DF10600FFF7D1FF0446A8
:10B9600010B9284603B030BD9DF807109DF80600B9
:10B97000FFF7DEFF2546ECE710B5FFF771FF044641
:10B9800010B1FFF7E4FF04460A4B1A7832B10022E7
:10B990001A70094B9A78DA701A785A7000F0D2F857
:10B9A000FFF75EFF18B1FFF7D2FF0443E4B2204671
:10B9B00010BD00BFA1320020A23200204FF416506B
:10B9C00002F03ABA69B1084B53F82000431C0AD080
:10B9D000012100F00F032022994020F00F0003F016
:10B9E00011BE024BF0E77047B0320020B4320020A5
:10B9F00079B1094B53F820305A1C1FBF23F00F02B6
:10BA0000106903F00F03D84014BF00F001000020BC
:10BA10007047024BEEE700BFB0320020B432002086
:10BA2000704700002DE9F0410025154F3B78ECB23E
:10BA3000A3420CD8FFF7C2FF0026DFF848803B780E
:10BA4000F5B2AB420DD8FFF7EBFFBDE8F081002166
:10BA50002046FFF7B7FF01212046FFF7B3FF01356E
:10BA6000E4E700212846FFF7C3FF012104462846EA
:10BA7000FFF7BEFF44EA400408F805400136DEE760
:10BA8000AB320020AD32002000210A4A13780A4B65
:10BA900019701378094983F001030B70117812783B
:10BAA00032B92BB1064B074A1A60074B013A1A60AC
:10BAB000FFF7B8BF6C0E0020AA320020AB32002086
:10BAC000B432002007040040B032002070B541EAD3
:10BAD0004203184A0446115CDBB201F003008342C2
:10BAE00026D043EA8103DBB21355134A134E15786F
:10BAF000134A03F00F03D35C325D254413445BB259
:10BB0000032BEDB2335503DD00212846FFF7F0FE8D
:10BB10003357033303DA01212846FFF7E9FE335791
:10BB20005A4202F0030203F0030358BF5342335555
:10BB300070BD00BFAD320020AA320020AC32002020
:10BB4000600C0108F8B500250A4F3B78ECB2A3421F
:10BB500000D8F8BD00212046FFF74AFF0121064624
:10BB60002046FFF745FF314602462046FFF7AEFF6D
:10BB70000135EAE7AB320020C1F10301490040FA88
:10BB800001F3022213F0010F14BF0E2308238A4091
:10BB900002421ABFA3F12000C0B243F080007047F8
:10BBA00010B50A4C40F282224FF40041084803F0DD
:10BBB00029FD204602F0AEFF2046064902F034FF80
:10BBC0002046BDE8104002F04BBF00BF5C4D002096
:10BBD00000040040700C01082DE9F04F05460E46A8
:10BBE00000244FF00C08274F85B0E3B2B34208D3CE
:10BBF0004FF46971234A244805B0BDE8F04F02F0C4
:10BC00004ABF4FF0000A03EB43016A1808FB03F92F
:10BC1000695C0291517892780391019209F10302D3
:10BC200002EB070B51460298FFF7A6FF0AF1010A43
:10BC3000BAF1040F0BF8010FF4D14FF0000B09F12A
:10BC4000070207EB020A59460398FFF795FF0BF12D
:10BC5000010BBBF1040F0AF8010FF4D14FF0000BF8
:10BC600009F10B0307EB030A59460198FFF784FF1C
:10BC70000BF1010BBBF1040F0AF8010FF4D10134F1
:10BC8000B3E700BFB83200205C4D00207047024689
:10BC90000144FF2010B58A4200D110BD082412F8DB
:10BCA000013B584043B2002BBABF5B0083F0310325
:10BCB0004300013CD8B2F5D1EDE700002DE9F8438F
:10BCC0009046994610B90020BDE8F8830029FAD0C3
:10BCD000002AF8D0002BF6D0054600232F783FBB72
:10BCE000164E3278541CE4B23470BCB100234FEAD3
:10BCF000031C10F80CC0A44510D001338B42F6D1C0
:10BD000007B1347033782B7000F0A8FF089B4044D3
:10BD10006860C5F808903078EB60D5E7631C944202
:10BD20004FF00107DBB201D13370CCE71C46DCE7F2
:10BD300001338B4205F11005D0D1C4E7E036002075
:10BD4000034610B510468BB191B14AB100221C7860
:10BD5000844206D1002201201A705A609A60DA608B
:10BD600010BD0132914203F11003F0D10020F7E73A
:10BD70000846F5E72DE9F041154604460E4600F069
:10BD80006DFF2B680746C31A002B03DD28600025D2
:10BD9000B54201D1BDE8F08194F80080B8F1000F00
:10BDA0000DD06068C31B002B09DCA368E1689847CD
:10BDB0002378434503D128B16368034463600135A8
:10BDC0001034E5E720706060A060E060F7E70000F5
:10BDD00007B50B460092082102460348FFF76EFFA5
:10BDE00003B05DF804FB00BF5C360020024608216A
:10BDF0000148FFF7A5BF00BF5C3600200821024ABA
:10BE00000248FFF7B7BF00BFDC3600205C360020D9
:10BE100047F61643984210B50C461BD1FBF7BAFB08
:10BE200062790D4B72B100F0AA00002813BF012205
:10BE30000022292035201A7000F020FEFBF76EFC4E
:10BE4000002010BD1B78002B0CBF2920352000F0EE
:10BE50002FFEF3E70120F4E7E136002038B5054670
:10BE60004879002800F0DC80A5F5E045ABB2222B34
:10BE700000F2BB80FBF7ECFC6A4C013D2080212DD9
:10BE800012D8DFE805F04DBD551B1F59235D692F02
:10BE9000B5336D3771973B759F417B8327612B6568
:10BEA000477F8EA9B31651C5237843F00103237051
:10BEB00095E0637843F00803637090E0237843F0E3
:10BEC0000203F4E7237843F00403F0E7237843F018
:10BED0000803ECE7637843F00103EDE7637843F090
:10BEE0000203E9E7237843F01003E0E7237843F007
:10BEF0002003DCE7237843F04003D8E7FAF7A2FFFA
:10BF0000237843F08003D2E7237823F00C0343F037
:10BF10000C03CCE7637823F0030343F00303CBE780
:10BF2000237823F00103C2E7637823F00803C3E713
:10BF3000237823F00203BAE7237823F00403B6E75B
:10BF4000237823F00803B2E7637823F00103B3E713
:10BF5000637823F00203AFE7237823F01003A6E70A
:10BF6000237823F02003A2E7237823F040039EE701
:10BF7000FAF768FF237823F0800398E7237823F00B
:10BF80000C0394E7637823F0030395E72378C3F366
:10BF9000800282F00102D2B262F3820362F3C30331
:10BFA00085E76378DA4302F0010262F3000362F38B
:10BFB000410381E72378C3F3801282F0010262F328
:10BFC000861374E7FAF73EFF2378C3F3C01282F0BA
:10BFD000010262F3C7136AE70120FBF74EFC2088D9
:10BFE000FBF739FCFAF72EFF002038BD0020F4E7FC
:10BFF0002378C3F3001282F0010262F3041356E7C0
:10C000002378C3F3000282F0010262F300034EE7DB
:10C010006378C3F3C00282F0010262F3C3034BE70B
:10C020000120E2E72C48002000EB4003C3EB0313A0
:10C0300000EB830083B200B2002807DA803800B238
:10C04000002800DAFF3040F30720704703F180003A
:10C05000F9E70000164B1B78D90707D5154B187860
:10C0600040007F281FD800B3C0B270479A0703D59D
:10C07000104B18788000F4E75B0703D50D4B187858
:10C08000C000EEE70C4B1B785BB10C4A09491278F3
:10C0900008789342F4D25843C000B0FBF2F080B26B
:10C0A000DFE70820E0E77F2070470120704700BFEE
:10C0B000E83600203D0F0020E73600203C0F00202E
:10C0C000144B1B78D90705D5134B18788008F0B1AD
:10C0D000C0B270479A0703D50F4B18784008F6E7AF
:10C0E0005B0705D50C4B18787F28F0D97F20704767
:10C0F0000A4B1B784BB10A4A0749127808789342D9
:10C100003CBF5843B0FBF2F0EEE70120E0E701202E
:10C11000704700BFE8360020390F0020E6360020C7
:10C12000380F002008B5A0F1CD03122B10D8DFE89E
:10C1300003F00A1013192E2E2E2E2E2E2E2E1C2119
:10C14000252B363C4100FFF785FF40421C4BD87041
:10C1500008BDFFF77FFFF9E7FFF77CFF4042184B70
:10C160009870F5E7FFF776FFF9E7FFF7A9FF144BA3
:10C170001871EDE7FFF7A4FF4042F8E7FFF7A0FFD3
:10C1800040420F4B5871E3E7FFF79AFFF9E70123AD
:10C190000B4AD138517883400B435370D8E7094A92
:10C1A000137843F001031370D2E7064A137843F083
:10C1B0000203F8E7034A137843F00403F3E700BFF0
:10C1C000E9360020E836002030B5414BCD2893F900
:10C1D000035093F9024093F9041093F9052012D10A
:10C1E000002D01DA0022DA70D9789A780A4351B228
:10C1F0000AB9384A11701A795B7913435AB20BB9EC
:10C20000354B1A7030BDCE2802D1002DEADCEBE7A9
:10C21000CF2804D1002CE7DA00229A70E4E7D02876
:10C2200002D1002CF8DCDFE7D92804D10029DBDDBE
:10C2300000221A71D8E7DA2802D10029D4DAF7E708
:10C24000DB2804D1002ACFDA00225A71CCE7DC289F
:10C2500002D1002AF8DCC7E7D1380E28C4D801A2E1
:10C2600052F820F0A1C20008A1C20008A1C2000833
:10C27000A1C20008A1C20008A1C20008A1C2000812
:10C28000A1C20008E9C10008E9C10008E9C100082D
:10C29000E9C10008AFC20008BBC20008C5C200085F
:10C2A00001215A78814022EA01025A709CE70B4929
:10C2B0000A7822F001020A7096E708490A7822F00B
:10C2C0000202F8E705490A7822F00402F3E700BF0A
:10C2D000E9360020E7360020E6360020E836002068
:10C2E00008B500F0F3FC094B9A78D9780A431CBFD3
:10C2F000074A10801A795B791A431CBF054B1880D6
:10C300000248BDE8084000F0DFBA00BFE93600206F
:10C31000E4360020E2360020062208B50021054858
:10C32000F4F7C0F90023044A1370044A1370044A56
:10C33000137008BDE9360020E7360020E6360020FD
:10C34000E836002090F902305BB990F9033043B928
:10C3500090F904302BB990F90500003818BF01207E
:10C36000704701207047000037B5584C062221461F
:10C370006846F4F765FA00239DF80320A370E37084
:10C38000237163719DF8023013430AD0504B188813
:10C3900000F0A1FC4F490B783BB34F4A1278904212
:10C3A0002CDC9DF804309DF8052013430BD04B4B3B
:10C3B000188800F090FC4A490B78002B4DD0494A70
:10C3C0001278904252DC6946404800F0A7FB18B949
:10C3D0003E48FFF7B7FF08B1FFF782FF0622694624
:10C3E0003A48F4F72DFA03B030BD0A253E4A1278D8
:10C3F0006A439042D5DD01330B7001E0FF2BFAD187
:10C400009DF902503DB1FFF725FE002DD4BFFF235B
:10C4100001235843A0709DF903503DB1FFF71AFE68
:10C42000002DD4BFFF2301235843E07094F902008C
:10C430000028B6D094F90320002AB2D0FFF7F4FD0B
:10C44000002808BF0120A0701046FFF7EDFD08B1DD
:10C45000E070A6E70123E370A3E70A25234A1278D8
:10C460006A439042AFDD01330B7001E0FF2BFAD13C
:10C470009DF904503DB1FFF723FE002DD4BFFF23EB
:10C480000123584320719DF905503DB1FFF718FE77
:10C49000002DD4BFFF2301235843607194F9040099
:10C4A000002890D094F90520002A8CD0FFF7BCFD1D
:10C4B000002808BF012020711046FFF7B5FD08B124
:10C4C000607180E7012363717DE700BFE9360020DA
:10C4D000E4360020E73600203E0F0020E236002040
:10C4E000E63600203A0F00203F0F00203B0F0020CF
:10C4F0004B4B4C4A2DE9F04113F80080C308D55C42
:10C50000494A00F00700D65C484A0541D75C06411D
:10C51000074115F001050C4606F0010607F001077A
:10C5200011D0E120FAF7A8F9002C6AD040484FF466
:10C530007A72A4FB00030021002300F2E730F3F736
:10C5400055FE01F042FE8EB1E620FAF795F9002C77
:10C5500059D037484FF47A72A4FB0003002100231E
:10C5600000F2E730F3F742FE01F02FFE214640468D
:10C57000FAF704FA002C48D02D484FF47A72A4FB45
:10C5800000030021002300F2E730F3F72FFE01F053
:10C590001CFE86B1E620FAF7B7F9C4B324484FF47D
:10C5A0007A72A4FB00030021002300F2E730F3F7C6
:10C5B0001DFE01F00AFE85B1E120FAF7A5F944B3AA
:10C5C0001B484FF47A72A4FB00030021002300F201
:10C5D000E730F3F70BFE01F0F8FDF7B12C20FAF786
:10C5E000EBF9C4B1124B4FF47A72A4FB03030021A0
:10C5F000002300F2E730F3F7F9FDBDE8F04101F068
:10C60000E4BD01209DE70120AEE70120BFE7012046
:10C61000CFE70120DFE70120EFE7BDE8F08100BFB1
:10C62000840C0108240D0108140D0108040D0108F3
:10C63000A0860100F8B504462B480D46A1FB000377
:10C640004FF47A720023002100F2E730F3F7CEFDB9
:10C6500007462078002846D0012840D16378013B66
:10C66000032B03D8DFE803F0090F14190134A5B335
:10C67000384601F0AAFD0134EBE7A078A61CFAF7D2
:10C680009BF93446F3E7A078A61CFAF7F5F8F8E72B
:10C69000A078A61CFAF738F9F3E700260A2014F868
:10C6A000023F124AD15C11F004010ED19EB140F25A
:10C6B000E730DFF834C04FF47A720023C6FB0C0178
:10C6C000F3F794FD01F081FDD1E7303B00FB063626
:10C6D00014F8013FE6E70120F4E70120C9E7294605
:10C6E000FFF706FFC7E7F8BDA0860100CD030108EC
:10C6F0000021FFF79FBF0000F8B5144642791D46A0
:10C700009DF81870294B92B11C7000F0DFFA284B8D
:10C71000188004F12003DBB2072B45D8012004F078
:10C720000704A040C0B2BDE8F840FAF74DB91E7842
:10C73000A6422FD11E4B188800F0CDFAB0F5967F97
:10C7400028D2AE4205F1200415D006F12003DBB259
:10C75000072B06D8012006F00706B040C0B2FAF752
:10C760003CF9E3B2072B06D8012005F007039840F7
:10C77000C0B2FAF729F93846E4B2FAF71DF9072CE6
:10C7800012D8012005F00705A840C0B2BDE8F84066
:10C79000FAF723B904F12003DBB2072B04D80120F8
:10C7A00004F00704A040F0E7F8BD00BFF236002017
:10C7B000F03600200346A3F5F843183B07B50846BA
:10C7C000062B3BD8DFE803F0171E0410252C33009E
:10C7D00026230093E12347F61A411A46FFF78CFF00
:10C7E000002003B05DF804FB27230093E52347F600
:10C7F0001B411A46F2E72623E022009347F6184130
:10C80000E123EBE72723E422009347F61941E523D0
:10C81000E4E72623E222009347F61C41E123DDE70B
:10C820002723E622009347F61D41E523D6E7282378
:10C83000E522009347F61E410123CFE74B7913B160
:10C840000022024B1A700120CBE700BFF236002015
:10C85000014B1860704700BFF8360020014B186884
:10C86000704700BFF8360020014B1870704700BFBA
:10C87000F336002010B5FBF77BFD10B9054B187897
:10C8800010BD054B18680028FAD0BDE810400368B9
:10C89000184700BFF3360020F836002008B5FFF730
:10C8A000E9FF08BD024B1B680BB15B681847704776
:10C8B000F8360020034A12681AB106210170936805
:10C8C00018477047F8360020034A12681AB102214F
:10C8D0000170D36818477047F83600200B4B07B536
:10C8E0001A8882420ED01880094B1B6853B103226C
:10C8F0008DF80500000A8DF806001B698DF80420EC
:10C9000001A8984703B05DF804FB00BFF63600208D
:10C91000F83600200B4B07B51A8882420FD01880DA
:10C92000094B1B685BB104228DF80500000A8DF8E5
:10C9300006001B698DF804200DEB0200984703B038
:10C940005DF804FBF4360020F836002010B50F4BDC
:10C950000F4A1B6812780233B2B10E4A92F90020D6
:10C96000002A11DA1E240C4B1B68023319460020E2
:10C9700011F8012B0AB10130C0B2621A1A4402F058
:10C98000FF02002AF4D110BD0624EFE7280E002094
:10C99000540F00202C480020240E002030B3144BEC
:10C9A0001B78B3B1134B93F90030002B11DAEF2849
:10C9B0004FEAD00217D8104B00F007001B68134451
:10C9C0009A78012303FA00F0024214BF18460020AF
:10C9D00070470A4B1B685A1C073312F8011F81422B
:10C9E00003D09A42F9D1002070470120704700BF60
:10C9F000540F00202C480020240E0020280E002078
:10CA000000224FF0FF3330B5441C14F8015F8D4213
:10CA10000BD0B3F1FF3F01D105B953B20132062A61
:10CA2000F3D15A1C01D01844817030BD002210B5DA
:10CA3000431C073013F8014F8C4208BF1A70834221
:10CA4000F8D110BDEF294FEAD10307D818440123CC
:10CA5000827801F007018B40134383707047EF2900
:10CA60004FEAD10308D801221844837801F0070166
:10CA70008A4023EA0203837070470000084B014696
:10CA80001B7843B1074B93F90030002B03DA064BB8
:10CA90001868FFF7D7BF054B1868FFF7B1BF00BF95
:10CAA000540F00202C480020240E0020280E0020C7
:10CAB000084B01461B7843B1074B93F90030002B1C
:10CAC00003DA064B1868FFF7CABF054B1868FFF773
:10CAD000ADBF00BF540F00202C480020240E0020C2
:10CAE000280E0020094B1B785BB1094B93F90030ED
:10CAF000002B06DA1E22074B186800210230F3F7DC
:10CB0000D1BD054B06221868F7E700BF540F00207F
:10CB10002C480020240E0020280E002042784B785C
:10CB20009A421DD190F902301BB191F902209A422C
:10CB300016D190F903301BB191F903209A420FD11D
:10CB400090F905301BB191F905209A4208D190F96E
:10CB5000040030B191F90430181A18BF0120704751
:10CB600001207047704708B5FFF7FCFF08BD0000C3
:10CB700008B50130024BC0B21870FFF7F4FF08BDD2
:10CB8000FC360020032008B5024B1870FFF7EBFFBE
:10CB900008BD00BFFC360020FFF7EABF012008B542
:10CBA000024B1870FFF7DFFF08BD00BFFC36002006
:10CBB000FFF7F4BF704770477047704710B5FFF735
:10CBC000F9FF0024FBF74CFBFFF7F5FFE0B2FBF7A2
:10CBD000FBF918B901340C2CF8D110BD0120FCE789
:10CBE00008B501F063FCBDE8084001F0FFB808B5E6
:10CBF000F9F7A1FDBDE8084040F2A46001F0E5BAF4
:10CC000008B5FAF7DDFCFAF7F1FCFFF76BFFFFF769
:10CC100083FB0020FFF762FE0020FFF77BFEBDE8EC
:10CC20000840F9F794BD0000302383F31188064BC8
:10CC3000DA69064B1A600023054A1360054A13603F
:10CC400083F31188704700BF88490020083700200F
:10CC50000437002000370020FFF7E6BF302370B50F
:10CC600083F31188124B13481349DC6903680A687F
:10CC7000E41AA242114A0AD9A3F58333E03B0360C8
:10CC800010680F4B04F583340344E03413600C60E8
:10CC90001668002181F311884FF47A750948002342
:10CCA000E4FB0501084AF3F7A1FA304470BD00BF68
:10CCB0008849002008370020043700200037002072
:10CCC00088598F029F860100A086010008B5FFF7F2
:10CCD000C5FF80B208BD10B50446FFF7BFFF001BBB
:10CCE00080B210BD10B50446FFF7B8FF001B10BDA1
:10CCF000BFF34F8F0549064BCA6802F4E062134345
:10CD0000CB60BFF34F8F00BFFDE700BF00ED00E039
:10CD10000400FA0508B5024A024B1A60FFF7E8FF63
:10CD2000EFBEADDEFC6F00200A4A08B552F8041CC5
:10CD3000094B99420CD1002342F8043C83F3148838
:10CD4000064B1A6882F3088862B65B689847FEE76C
:10CD500008BD00BF00700020EFBEADDE00E0FF1F89
:10CD600008B5FFF7C5FF000083B5284D284E002306
:10CD700001210DF107008DF8073000F0FFF898B1A0
:10CD80009DF807300F2B0FD802F0B0F99DF807403F
:10CD9000012184F010030DF107008DF8073000F039
:10CDA000C9F820B902F0A8F900F09AF8DEE70C23E0
:10CDB0006343E95CEA1861B90C236343E8188768A8
:10CDC0007FB90C2303FB0454217999B902F094F93B
:10CDD000CDE753883068184400F0BEF80028EBD146
:10CDE000E0E7EA5C3168C38840880B4401441046A0
:10CDF000B847E6E7E3883068184400F09BF804463B
:10CE000002F07AF9002CB2D1CEE700BF700E0020FC
:10CE1000440B010807B500F0C9F80023FF22009376
:10CE20004FF49A61034B044801F09CF903B05DF89C
:10CE300004FB00BF69CD00081037002000F0C6B821
:10CE400073B5044600F04CF8E0B20F288DF80600E8
:10CE50003FD802F04BF901210DF106009DF8066064
:10CE600000F068F828B9002402F046F9204602B024
:10CE700070BDFF2301210DF107008DF8073000F090
:10CE80006BF804460028EED09DF806309DF8072088
:10CE900083F010039A42E6D10C2373430E4DE95CF4
:10CEA000EA1869B90C2303FB065529790029DBD060
:10CEB0000A4AEB881068184400F04EF80446D3E79D
:10CEC0005388064A1068184400F034F80028E9D165
:10CED000C9E70024CAE700BF700E0020440B010818
:10CEE00073B5302484F31188114E002533685B69D3
:10CEF000003B18BF01238DF8073085F311889DF89A
:10CF000007300BB902B070BD84F3118830680C3063
:10CF100001F007FC85F311889DF8073084F3118830
:10CF200033685B69003B18BF01238DF80730E4E7E5
:10CF3000400F002070B50646064B0C4618680A469E
:10CF400003683146DD694FF4FA63A847031B584272
:10CF5000584170BD400F002070B50646064B0C4688
:10CF600018680A46036831461D6A4FF4FA63A847F9
:10CF7000031B5842584170BD400F002038B5064B86
:10CF80000C461B681A6895680A4601461846A84769
:10CF9000031B5842584138BD400F002008B5F7F731
:10CFA000DBFB08BD08B5F7F7D7FB08BD10B5054C8E
:10CFB0002046FFF7F7FF20680349BDE8104001F065
:10CFC000F3BC00BF400F0020440F002010B5054CFB
:10CFD0002046FFF7E3FF20680349BDE8104001F059
:10CFE000E3BC00BF400F0020440F0020184B10B5D9
:10CFF0001C785CBB012208211A701648224602F0F8
:10D0000001FB22462021134802F0FCFA224610219F
:10D01000104802F0F7FA4FF47A7001F0D6F841F6B2
:10D02000822208210B4802F0EDFA40F282222021F0
:10D03000084802F0E7FA40F282221021054802F087
:10D04000E1FA054801F0FEFC044B1C7010BD00BF66
:10D05000E03B002000040040284D0020F83B002069
:10D06000F8B505461A481C46174601F053FD194B02
:10D07000187850BB6A1C20D0FCB1174EA400348233
:10D08000032F05D8DFE807F0021A1D1F0022F26007
:10D09000012405F00F01224625F00F00B16004FACB
:10D0A00001F11C70706002F0ADFA0B49084801F004
:10D0B000BBFC074801F0D4FC2046F8BD4FF48002C9
:10D0C000E5E78022E3E7054AE1E70020F5E700BF56
:10D0D000284D0020F83B0020E43B00208000400069
:10D0E0001FB501218DF807000DF10F0304480DF164
:10D0F000070201F0DCFC9DF80F0005B05DF804FBB1
:10D10000284D0020002307B5012106480DF1070234
:10D110008DF8073001F0EDFC9DF8070003B05DF8D5
:10D1200004FB00BF284D002008B50246024801F06C
:10D13000CFFC002008BD00BF284D002008B50246E6
:10D14000024801F0D6FC002008BD00BF284D002099
:10D1500010B5084C23783BB1074801F08FFC064816
:10D1600001F070FC002323700348BDE8104001F07B
:10D17000D4BC00BFF83B0020284D00200E4B10B55A
:10D180001A78BAB901220D4C1A70206040F282322E
:10D190004FF480610A4802F035FA4FF40061084804
:10D1A00040F2823202F02EFA2146BDE810400548D6
:10D1B00001F0FABB10BD00BFF93B00204C0F00206E
:10D1C00000080040704A00204FF0FF3108B50248C7
:10D1D00001F0CBFAC0B208BD7C4A00200A464FF0ED
:10D1E000FF330146014801F065BB00BFA04A0020A3
:10D1F00008B5034801F0FDFB80F00100C0B208BD96
:10D20000704A002070B590F84420044602F07F0375
:10D21000212B4CD112F0800F90F845301BD0022BFF
:10D2200015D0032B05D0012B15D1BDE8704000F0BF
:10D230001BBC90F8483090F8491053EA012336D1CE
:10D24000334A82630122C2632364012070BDBDE8BA
:10D25000704000F039BD0A2B20D00B2B0FD0092BCA
:10D2600025D194F8483094F8491043EA0123012B62
:10D270001DD8284BA3630223E363274BE4E794F80C
:10D28000483094F8492053EA022302BF204B94F817
:10D2900046201A700023A363E363D5E794F8472080
:10D2A0001E4B20461A70BDE8704000F035BD02F0FC
:10D2B0009F02812A03D194F84530062B11D0184DD6
:10D2C000D5F89C3023B9D5F8443133B90020BDE7F7
:10D2D000204698470028F6D0B7E72046BDE87040C2
:10D2E000184794F84920616894F848304D6843EA3B
:10D2F0000223204694F8472094F84610A8470028B7
:10D30000E4D04368A3630368E36300239CE700BFA2
:10D31000540F0020043C002069D30008083C002082
:10D320006C0F0020F8B50F4C0022234643F8042F61
:10D3300090F84B7090F8496090F8465090F84A2069
:10D3400090F8481090F8470042EA072241EA062187
:10D3500045EA002000F09CF920606068002818BFB2
:10D360002046F8BDFC3B002090F84A2090F84B0086
:10D37000084942EA0022022A0B7807D1012B01D08A
:10D38000062B05D14A78044B1A707047024A137075
:10D39000704700BF043C0020073C002010B5064A3F
:10D3A000064C117824784B1C03F00F039C421EBFDF
:10D3B000034C1370605410BD794900207A49002055
:10D3C00069490020084608B5052929D8DFE801F099
:10D3D0001A28031A1A29302383F31188184800F0F9
:10D3E0001DFA184800F01AFA002383F31188164B2F
:10D3F0001B7813B10520FFF7D1FF0220BDE80840DC
:10D40000FFF7CCBFFFF7CAFF302383F311880C4826
:10D4100000F0EDF90B4800F0EAF9002383F31188DE
:10D4200008BD302383F31188054800F0F4F905485E
:10D4300000F0F1F9002383F311880520DEE700BF37
:10D440006C0F002014100020063C0020102208B5AC
:10D4500000210448F3F726F90023034A1370034A16
:10D46000137008BD69490020794900207A490020DD
:10D47000F8B5284D284C00222E782378B3422FD1BE
:10D4800002B12370F8BD2370244B1870244B93F81D
:10D490004F10081E18BF0120FFF774FBEBE70022B6
:10D4A00023701E4B1A70FFF7ABFB1D4B93F84F1008
:10D4B000081E18BF0120FFF76FFBDCE72370184B35
:10D4C00093F84F10081E18BF0120FFF751FBD2E759
:10D4D000002123700846F8E72370FFF75FFBCAE7D7
:10D4E000194601220F480133415C03F00F03104637
:10D4F0000529C3D801A757F821F000BFD9D40008E7
:10D500007DD40008BDD40008D1D4000887D4000819
:10D510009FD40008794900207A490020063C002069
:10D52000904D00206949002038B50446104D28462A
:10D5300000F00EF92846A83500F026F9284600F03C
:10D5400007F9284600F020F9204601F025FF204683
:10D5500001F007FB41F2883000F037FE2046054914
:10D5600001F0ECFA2046BDE8384001F0F3BE00BF00
:10D570006C0F0020340D010870B50446134D01F006
:10D580000BFF204601F0EDFA05F1A806284600F051
:10D590000BF9304600F008F941F2883000F015FE32
:10D5A000284600F0D5F8284600F0EEF8304600F0A6
:10D5B000CFF8304600F0E8F82046054901F0BEFA01
:10D5C0002046BDE8704001F0C5BE00BF6C0F0020D2
:10D5D000340D0108014B1878704700BF073C00204C
:10D5E00037B50023A825054C009305FB004042F207
:10D5F000107300F06EF903B030BD00BF6C0F002057
:10D60000014608220120FFF7EBBF0146202200203F
:10D61000FFF7E6BF014606220020FFF7E1BF014603
:10D6200003220020FFF7DCBFFFF77EBB7047704787
:10D6300008B5FFF7F9FF01F001FDFFF7F7FF08BD9F
:10D6400008B501F017FDFFF7F2FF08BDFFF7B0BA0C
:10D6500008B5FFF7FBFE0648FFF766FF054B064AD5
:10D6600041F288301A60BDE8084000F0AEBD00BF4E
:10D67000904D00200C3C0020580F0020014B1868F2
:10D68000FFF7E6B80C3C0020FFF7F2BE00F09EBAB0
:10D69000020A032A0FD007D8012A21D0022A07D173
:10D6A0003B20144A1A607047212A0DD0222A11D03B
:10D6B00000200246F6E7C0B20228F9D80E4A0F4908
:10D6C00052F82020085CEDE769B10129F0D109206A
:10D6D0000B4AE7E751B10129EAD1B620094AE1E74F
:10D6E0001220094ADEE70920084ADBE74420084AFD
:10D6F000D8E700BF900D0108480D0108440D01084E
:10D70000BB0D0108DD0D0108CB0D0108A20D0108BC
:10D71000930E010813B5446BD4F888201378042BBA
:10D7200013D1012394F88C1012898B4013420CD131
:10D73000204601A900F0F0FE024630B1019B94F8AA
:10D740008C10D4F8880001F085FA02B010BD0000FA
:10D750001FB500F15C03C36490F8843013B100F18D
:10D7600070030365074B01210193D0F89030D0F886
:10D77000982000930290D0F8943000F0AAFE05B0F3
:10D780005DF804FB15D70008302383F31188D0F827
:10D79000883090F88C2003EB82039861002380F896
:10D7A000A03083F31188704710B53023044683F30B
:10D7B000118890F88C20D0F88830053203EB820372
:10D7C00000225A6001236FF00101037200F03DFD59
:10D7D000204600F095FED4F8A43013B1DA6818683A
:10D7E000904700F035FC002383F3118810BD01231E
:10D7F00010B5044603726FF0010100F026FD2046CB
:10D8000000F07EFED4F8A43023B1BDE81040DA6801
:10D810001868104710BD00230372704710B5044606
:10D8200090F88C1000F13802D0F8880001F0C2F9AD
:10D83000204600F065FE0023237210BD00EB81033B
:10D84000F7B59C6905460E4684B3302383F31188EF
:10D850000023226984F8A03063699A4201D1E36809
:10D86000B3B905EB8603DB685B691B6883B1D4F849
:10D87000A43053B101A9204600F04EFED4F8A430E4
:10D8800001469F68019A1868B847204600F052FE8A
:10D89000204601A900F040FE024648B1019B3146F6
:10D8A000284601F0D7F9002383F3118803B0F0BDB7
:10D8B00005EB8603DB681A68022AF4D15A691268FC
:10D8C000002AF0D01B8A013B1340ECD105F1440241
:10D8D000E5E72DE9F8431D4604460F46164630237A
:10D8E0009DF8208083F31188D0F8883000201B78C1
:10D8F000042B03D080F31188BDE8F88394F8A0309E
:10D9000023B101354FF0FF3518BF002580F3118892
:10D910002B4632463946204600F047FE86421DD946
:10D92000302383F3118894F8A0304FF000090028C9
:10D9300008BF43F0010384F8A03001236FF0010118
:10D940002372204600F081FC204600F0D9FD84F8C7
:10D95000089000F07DFB89F31188D9E7B8F1000F3A
:10D9600001D00120C8E7204600F062FEF9E730232D
:10D9700083F31188026943699A4210D1C36883B165
:10D980000123D0F8882090F88C1012898B40134224
:10D990000CBF01200020002383F311887047002072
:10D9A000F9E71846F7E70000006810B440B1054CED
:10D9B0008264E469083040F8044C10BCF2F740BFC0
:10D9C00010BC7047884900200168134631B18A6C49
:10D9D00003F108009A640831F2F732BF704710B5BE
:10D9E0000446006840B1826C00210830F2F75AFE0C
:10D9F000002223681A605A6010BD000010B40C7831
:10DA0000082C0BD850F8240040B1054C8264E4691E
:10DA1000083040F8044C10BCF2F712BF10BC70473D
:10DA2000884900200829134609D850F8211031B13F
:10DA30008A6C03F108009A640831F2F701BF70475D
:10DA400070B50026051F00F1200455F8040F38B109
:10DA5000826C00210830F2F725FE2B681E605E60A4
:10DA6000A542F2D170BD000038B590F848300446A8
:10DA7000012B1CD890F84610082918D80D4AD25C02
:10DA8000012A14D8A8200C4B00FB0233D3F8A400C1
:10DA900060B10A4D43682A460068984705F10803BB
:10DAA000A363AB6C0120E3630023236438BD002033
:10DAB000FCE700BF981200206C0F0020203D0020E2
:10DAC000036843B19100196003490B78002A18BF1D
:10DAD00043F001030B7070476C3D0020006810B1EB
:10DAE0000068C0F387007047036870B50BB9002069
:10DAF00070BD302383F31188036800211C685B68C4
:10DB000081F31188002CF2D04FF47A76074A084846
:10DB1000D569084AED1AE5FB06010023F2F766FB1A
:10DB200084428CBF00200120E2E700BF884900202A
:10DB30009F860100A08601004B1E072B0BD850F8D2
:10DB4000213043B19100196003490B78002A18BFB6
:10DB500043F001030B7070476C3D0020082906D884
:10DB600050F8210020B10068C0F387007047002002
:10DB700070470000082970B501D9002070BD50F829
:10DB80002130002BF9D0302383F3118850F8213055
:10DB900000211C685B6881F31188002CEDD04FF4E4
:10DBA0007A76074A0748D569074AED1AE5FB060168
:10DBB0000023F2F71BFB84428CBF00200120DDE72D
:10DBC000884900209F860100A08601002DE9F84FBA
:10DBD000394B1B78002B3FD000264FF0300A3546DA
:10DBE0003746DFF8D8B0DBF8A440002C2FD0002E49
:10DBF00036D14FF001088AF311885FFA88F9494657
:10DC0000636920689847002818BF45F0010587F32D
:10DC100011882A48FFF7ABFEA0B14946A3692068E6
:10DC2000984778B18AF31188254A49466368206885
:10DC3000984787F31188224B00209A6C03F1080162
:10DC4000FFF7CEFC08F10108B8F1090FD3D10BF1B1
:10DC5000A80B1EB1184B1D70BDE8F88F0126C2E756
:10DC60008AF311880021636920689847814687F309
:10DC700011881448FFF77BFE20B10021A3692068BA
:10DC8000984728B9B9F1000F18BF45F00105DEE744
:10DC90008AF31188DFF828800021424663682068F3
:10DCA000984787F311880120D8F8482008F1080127
:10DCB000FFF796FCE6E700BF6C3D00206C0F0020EC
:10DCC000D43C00201410002010B590F848300446D1
:10DCD000012B19D890F84610082915D80B4AD25CA8
:10DCE000012A11D8A8200A4B00FB0233D3F8A40064
:10DCF00048B1436900689847064B1870A363012038
:10DD00000023E063236410BD0020FCE7981200208C
:10DD10006C0F0020D03C002010B590F8483004462D
:10DD2000012B19D890F84610082915D80B4AD25C57
:10DD3000012A11D8A8200A4B00FB0233D3F8A40013
:10DD400048B1036994F847200068984700230120F0
:10DD5000A363E363236410BD0020FCE79812002056
:10DD60006C0F002010B5044C204601F015FB204636
:10DD7000BDE8104000F0F5BE904D0020024B187831
:10DD8000031F584258417047904D0020704770471C
:10DD9000FEE7000070B50825134C60682368014653
:10DDA000A268043B8A4219D8D31C1B1AC11E23F057
:10DDB0000303914288BF00231844E368C11EDA1CA4
:10DDC000121A22F00302994288BF00220021F2F7C2
:10DDD00069FC013D04F11004DFD170BD53F8046FFC
:10DDE00041F8046BDEE700BFD80E010838B5012307
:10DDF0000025074C2370656000F02CFB05490648A0
:10DE000000F034F90223237085F3118838BD00BF78
:10DE100080490020580F01088849002072B603226B
:10DE2000024BD865024B1A70FEE700BF88490020FC
:10DE30008049002000F03CB8034A516853685B1ADF
:10DE40009842FBD8704700BF001000E010B50A4CA4
:10DE500023699A6891420CD85A68816003604260D5
:10DE600010609A685860521A9A604FF0FF33A361AD
:10DE700010BD1B68891AECE7884900200361002364
:10DE800010B410BCC2604361FFF7E0BF0368816853
:10DE90009A680A449A60426813605A6000234FF0FF
:10DEA000FF320360014B9A61704700BF8849002030
:10DEB00070B5124D2A46EB690133EB6152F8103F01
:10DEC000934206D030269A68013A9A602C69A3687A
:10DED00003B170BD226861680A605160236083F3FA
:10DEE00011882046E3682169984786F311886169A3
:10DEF0000029EBD02046FFF7A9FFE7E7884900207B
:10DF000000238268037503691B6899689142FBD2FC
:10DF10005A6803604260106058607047002382684E
:10DF2000037503691B6899689142FBD85A680360BE
:10DF3000426010605860704708B50846302383F38C
:10DF400011880A7D0023052A06D8DFE802F00B05B8
:10DF50000503120E826913604FF0FF338361FFF7F0
:10DF6000CFFF002383F3118808BD826993680133D2
:10DF700093604268036813605A60EDE7FFF7C0BF23
:10DF8000054BD96808751868026853601A60012249
:10DF90000275D860F2F714B98849002030B50C4BEF
:10DFA0000446DD684B1C87B00FD02B466846094AF3
:10DFB000FFF764FF2046FFF7E3FF009B13B16846BD
:10DFC000FFF764FFA86907B030BDFFF7D9FFF9E795
:10DFD0008849002039DF000838B50C4D8161EB68B5
:10DFE00081689A680446914203D8BDE83840FFF73B
:10DFF00087BF1846FFF792FF012323750146EC60A7
:10E000002046BDE83840F2F7DBB800BF8849002061
:10E01000044B1A68DB6890689B68984294BF0020A4
:10E020000120704788490020084B10B51C68D8684B
:10E03000226853601A6001222275DC60FFF76EFFD0
:10E0400001462046BDE81040F2F7BAB888490020E2
:10E05000044B1A68DB6892689B689A4201D9FFF703
:10E06000E3BF70478849002030BFFDE770B5002549
:10E0700004461A4B86B0856201630E46586000F074
:10E08000A3F904F11003236163614FF0FF33A3612F
:10E09000134BE561D9692B460A462046C4E908239B
:10E0A00004F1340180230F4A24606460A560E562B6
:10E0B000E56500F01DF801230B4AE060037500924E
:10E0C000726868460192B268CDE90223074BCDE938
:10E0D000043500F03FF806B070BD00BF8049002055
:10E0E00088490020780601087D06010869E00008DB
:10E0F00002228B604B62002308618A8208460B6211
:10E10000CB6170478368C168A3F14C0243F81C2CB3
:10E11000026943F84C2C42690C4843F8482C0C4ADD
:10E1200043F8180C43F82C2C022203F8142C00227C
:10E1300043F8201C03F8132C43F8041C43F8082C64
:10E1400043F80C2CA3F12800704700BF8849002039
:10E15000D101000808B5FFF7D5FFBDE80840FFF77B
:10E160000DBF000038B5302484F3118828394418D5
:10E1700044F8243C049B002544F8203C0A4BA4F1BD
:10E18000240144F8043C0223A382084BE1602046AA
:10E190002946A260236162622562E561FFF71CFFE8
:10E1A00085F31188204638BDD10100088849002038
:10E1B000024BDB6898610F20FFF7E2BE8849002020
:10E1C000302383F31188FFF7F3BF08B501463023EE
:10E1D00083F311880820FFF7E1FE002383F3118801
:10E1E00008BD0000054BDB6821B103609861032086
:10E1F000FFF7D4BE4FF0FF30704700BF88490020C2
:10E200000346006820B100221A608161FFF7B6BEA4
:10E2100070470000064BDB6839B1426818605A60ED
:10E22000136043600420FFF7B9BE4FF0FF30704722
:10E230008849002003460068834205D002681A60BE
:10E2400053608161FFF79ABE704738B504460D46AA
:10E250002068844200D138BD036823605C6085611A
:10E26000FFF78CFEF4E7034610B51B68984203D015
:10E270009C688A689442F8D25A680B604A601160C0
:10E28000596010BD0023006040608360704700004B
:10E2900038B58168164B0446DD6891B92B6A8560F4
:10E2A000C360286238BD8B600B7D7BB1062B14D117
:10E2B0000B684A68886913605A60FFF7D4FF8B695E
:10E2C0009968AB688A689A42EDD306E04A680B68A1
:10E2D000084613605A60FFF751FE20462946FFF7B3
:10E2E000C2FFAC610620BDE83840FFF749BE00BF61
:10E2F0008849002008B5302383F31188FFF7C8FF51
:10E30000002383F3118808BD154A0346D16810B570
:10E31000302282F31188C26800680A6298421BD0DA
:10E32000486A82B98860186802681A605360026A95
:10E330009860DA600362FFF721FEFFF789FE002391
:10E3400083F3118810BD1468A24203D0A468A042D0
:10E3500038BF2046D268E4E700238360EFE700BFC0
:10E3600088490020C3691943037DC1610A2B03D189
:10E370008369194205D170470B2B06D183698B4302
:10E3800003D100238361FFF7F9BD704770B50646DE
:10E390000D460468B44200D170BDE3682B43E360CE
:10E3A00015B123691D4203D0A1686068FFF7DAFF49
:10E3B0002468EFE7EFF30983203383F30988002310
:10E3C00083F3118870470000302080F3118862B613
:10E3D0000C4B0D4AD96821F4E0610904090C0A4389
:10E3E000DA60D3F8FC20094942F08072C3F8FC20BF
:10E3F0000A6842F001020A602022DA7783F82200DC
:10E40000704700BF00ED00E00003FA05001000E0D7
:10E41000302310B583F311880B4B5B6813F4006352
:10E420000FD0EFF309844FF08073203CE36184F355
:10E430000988FFF7EDFD10B1044BA36110BD044B3B
:10E44000FBE783F31188F9E700ED00E0E301000842
:10E45000E6010008024B034A1A60034A5A607047FB
:10E46000E8490020E84D002000700020094B30B53D
:10E470001C684D1E224449422A440A4059681044EF
:10E48000884204D8A04202D31860104630BD002252
:10E49000FBE700BFE849002008B5302383F311886B
:10E4A000FFF7E4FF002383F3118808BD08B500F0EF
:10E4B0009BFE01F099F800F055FA00F0A9FA00F07F
:10E4C0002FFBFFF7BDF8BDE8084000F000B801F0F1
:10E4D000F3B810B5029C04330172C36103FB04213D
:10E4E00000238362C362039B00600363049B40605C
:10E4F000C46042610261816104624262436310BD93
:10E50000026A6FF00101C260426A42610261002248
:10E510008262C262FFF799BE034640691A6982426D
:10E5200001D1DB681BB950F8043B0B607047002336
:10E530001846FAE7C368C2690133C3604369002122
:10E54000134482694361934224BF436A4361FFF7E6
:10E5500071BE38B504460D46E3683BB1236900201F
:10E560001A1DA262E2691344E36207E0237A33B919
:10E5700029462046FFF74EFE0028EDDA38BD6FF041
:10E580000100FBE703691960C268013AC260C26911
:10E59000134482690361934224BF436A03610023E9
:10E5A0008362036B03B1184770472DE9F84F0446A7
:10E5B0000F4691469A464FF0300888F3118800269E
:10E5C000B346A56A4DB951462046FFF7C2FF20B1B8
:10E5D00085F311883046BDE8F88FA06AE56AA9EB9B
:10E5E00006032D1A9D4228BF1D46402D17D93946D6
:10E5F0004022F2F725F9A36A403740334036E26AF9
:10E60000A3629A4204D8E16920460439FFF7BAFFB1
:10E610008BF311884E45DDD288F31188D1E7394656
:10E620002A46F2F70DF9A36A2F442B442E44E6E75D
:10E63000302208B582F31188816A29B1036904394F
:10E64000C91A01D0FFF79EFF002383F3118808BD8C
:10E65000F8B5154682680B46AA428169066938BF3B
:10E660008568761AB54204460BD22A461846F2F758
:10E67000E7F8A2692A44A36828465B1BA261A3604D
:10E68000F8BD0CD918463246F2F7DAF8AF1B3A4615
:10E69000E1683044F2F7D4F8E368DA19EBE72A4688
:10E6A0001846F2F7CDF8E268E5E72DE9F0410446B7
:10E6B000154683682769934238BF856840690E46CE
:10E6C0003F1ABD420BD22A46F2F7BAF862692A44D1
:10E6D000A36828465B1B6261A360BDE8F0810DD989
:10E6E0003A46A5EB0708F2F7ABF84246E068F119A5
:10E6F000F2F7A6F8E36803EB0802E9E72A46F2F727
:10E700009FF8E268E4E710B50024C361029BC16092
:10E710008161416111440060406084600161036275
:10E7200010BDC2686FF00101826142610022826007
:10E73000FFF78BBD08B582694369934201D18268B6
:10E7400082B98268013282605A1C42611970036981
:10E75000426900219A4224BFC3684361FFF76AFD02
:10E76000002008BD4FF0FF30FBE770B530230446B2
:10E770000D4683F31188A668A6B1A368A269013B80
:10E78000A360531CA36115782269934224BFE368F8
:10E79000A361E3690BB120469847002383F31188F6
:10E7A000284607E029462046FFF734FD0028E2DA34
:10E7B00086F3118870BD2DE9F74F05460F461446C4
:10E7C0009946D0F81CA04FF0300888F311884FF01C
:10E7D000000B164666B1324639462846FFF738FF29
:10E7E000034660B949462846FFF714FD0028F2D0D9
:10E7F000002383F31188A01B03B0BDE8F08FBAF1AA
:10E80000000F03D001902846D047019B8BF311885D
:10E81000F61A1F4488F31188DCE7C361009BC160CE
:10E820008161416111440060406082600161036266
:10E830007047F8B504460D461646302383F3118819
:10E84000A768A7B1A368013BA36063695A1C626112
:10E850001D70236962699A4224BFE3686361E369BA
:10E860000BB120469847002080F3118807E031461D
:10E870002046FFF7CFFC0028E2DA87F31188F8BDC5
:10E880008369426910B59A4201D182687AB9826877
:10E890000021013282605A1C82611C7803699A420D
:10E8A00024BFC3688361FFF7C5FC204610BD4FF04D
:10E8B000FF30FBE72DE9F74F05460F461446994612
:10E8C000D0F81CA04FF0300888F311884FF0000BEF
:10E8D000164666B1324639462846FFF7E6FE03463D
:10E8E00060B949462846FFF795FC0028F2D000237E
:10E8F00083F31188A01B03B0BDE8F08FBAF1000FBD
:10E9000003D001902846D047019B8BF31188F61A5B
:10E910001F4488F31188DCE70C30FFF74CBF4FF041
:10E92000FF330C30FFF747BF3030FFF7C3BF4FF066
:10E93000FF333030FFF7BEBF0C30FFF716BF4FF08C
:10E94000FF310C30FFF711BF3030FFF772BF4FF0CF
:10E95000FF323030FFF76DBF012914BF6FF0130095
:10E960000020704700F056BF37B5154602460B46EB
:10E970000C49044642F8041B4260012200F1540194
:10E980000272009080220C30FFF7BDFE2B468022E1
:10E99000009404F1D40104F13000FFF73EFF03B00E
:10E9A00030BD00BF640F010810B53023044683F367
:10E9B000118800F04FFF02230020237280F311889A
:10E9C00010BD38B5436904460D461BB904210844FF
:10E9D000FFF7DCFC294604F10C00FFF7ABFE002832
:10E9E00006DA201D4FF40061BDE83840FFF7CEBCC9
:10E9F00038BD302383F311880023406983F31188E5
:10EA0000B0FA80F0400970474FF0FF31FFF7EABBE2
:10EA100001F012B80123037000230C3040F8083CC9
:10EA200040F8043CFFF72EBC10B53023044683F3B6
:10EA30001188416001F016F802230020237080F352
:10EA4000118810BD10B53023044683F3118801F0FE
:10EA50007DF8002301226360227083F3118810BDCA
:10EA6000302383F31188436899685A684FF48033E0
:10EA70008B409361002383F311887047302383F325
:10EA80001188436899685A6801238B409361002379
:10EA900083F31188704710B5302484F31188032460
:10EAA000047001F094F8002383F3118810BD38B589
:10EAB0000446302585F31188032504F8085B01F02E
:10EAC00071F82046FFF7A0FF002383F3118838BDBB
:10EAD00010B53023044683F31188032304F8083B60
:10EAE00001F075F82046FFF78FFF002383F31188AC
:10EAF00010BD10B53023044683F31188032304F8B6
:10EB0000083B01F07AF82046FFF77EFF002383F3ED
:10EB1000118810BD0C30FFF7EDBB0C30FFF7F4BBD4
:10EB200001F082BA012303700023C3618362036290
:10EB3000C3624362036343608360704738B5044631
:10EB4000302383F3118800254160C560056145616C
:10EB5000856101F06FFA0223237085F3118828463E
:10EB600038BDF8B50446302383F31188002601F040
:10EB700079FA254601233746666005F8083B1834C4
:10EB800055F8043F73B1586920B16FF001010C30A2
:10EB9000FFF736FB2B68986920B16FF001010C304C
:10EBA000FFF72EFBA5422E60EAD1FFF751FA87F35B
:10EBB0001188F8BD70B500EB8103054650690E461B
:10EBC0001446DA6018B114220021F1F76BFDA06938
:10EBD00018B114220021F1F765FD31462846BDE841
:10EBE000704001F05DBAF8B504460027836800F173
:10EBF0000C0503F00113836000F1180655F8043F7B
:10EC000073B1586920B16FF001010C30FFF7F8FAC9
:10EC10002B68986920B16FF001010C30FFF7F0FA12
:10EC2000B5422F60EAD12046BDE8F84001F0C2BAF3
:10EC3000F0B4012500EB8104E4684789A4698D40A4
:10EC40003D43458123600023A2606360E360F0BC24
:10EC500001F01ABBF0B4012500EB8104E4680789D8
:10EC600064698D403D43058123600023A260636099
:10EC7000E360F0BC01F026BB10B50378052B0FD183
:10EC8000084CC820E37A43F00803E372637843F04A
:10EC900004036370FFF799FA637803F0FB03637072
:10ECA00010BD00BF004001402DE9F04700260223BF
:10ECB000054604464FF03008B1460370C66400F1C3
:10ECC000180745F8086F55F8043F9BB188F3118881
:10ECD0002B68586920B16FF001010C30FFF790FAF2
:10ECE0002B68986920B16FF001010C30FFF788FAAA
:10ECF00089F31188BD422E60E5D1204684F8346046
:10ED000001F03AFA63681B6823B12046BDE8F0477A
:10ED100000211847BDE8F087F8B503780446052BB5
:10ED200027D080F850300523037043681B680BB16F
:10ED30000421984725460026302745F8086F1834E7
:10ED400055F8043F9BB187F311882B68586920B1AF
:10ED50006FF001010C30FFF753FA2B68986920B16E
:10ED60006FF001010C30FFF74BFA86F31188A542D2
:10ED7000E6D1F8BD0178052906D190F85020436806
:10ED800002701B6803B1184770470000F8B590F88F
:10ED9000343004460E4613B1002380F83430314637
:10EDA000204604F1440201F053FA63689B68B3B94A
:10EDB00094F8443013F0600538D00021204601F06B
:10EDC000C1FA0021204601F0AFFA63681B6813B155
:10EDD000062120469847062384F83430F8BD2046A3
:10EDE00098470028E4D094F84B2094F84A3043EA3E
:10EDF0000223E26B9A4294F9442088BFE363002A1D
:10EE0000E36B80F20481002B00F0F880092384F882
:10EE10003430302383F3118800212046E36BA26B4A
:10EE2000FFF718FF002383F31188D7E794F84520F4
:10EE300003F07F0343EA022340F20232934200F0E0
:10EE4000CA8021D8B3F5807F4DD00DD8012B44D096
:10EE5000022B00F09880002BAFD104F14C02A2638A
:10EE60000222E2632364BEE7B3F5817F00F0A08055
:10EE7000B3F5407FA1D194F84630012B9DD1B4F871
:10EE80004C3043F0020337E0B3F5006F52D01CD88A
:10EE9000B3F5A06F36D0A3F5C063012B8DD894F8DD
:10EEA0004920616894F848304F6843EA02232046BD
:10EEB00094F8462094F84710B84700283FF47DAFF7
:10EEC0004368A3630368E3631AE0B3F5106F36D0B9
:10EED00040F6024293427FF470AF554BA363022386
:10EEE000E3630023BEE794F84630012B7FF465AF5F
:10EEF000B4F84C3023F00203A4F84C30A563E5636A
:10EF0000256470E7B4F84430B3F5A06F0ED194F8DF
:10EF10004630204684F84E3001F0BAF863681B682A
:10EF200013B1012120469847032323700023A363D4
:10EF3000E36397E704F14F03A3630123C3E7237857
:10EF4000042B10D1302383F311882046FFF74BFEAA
:10EF500085F311880321636884F84F5021701B6882
:10EF60000BB12046984794F84630002BDED084F849
:10EF70004F300423237063681B68002BD6D0022116
:10EF800020469847D2E794F8483020461D0603F003
:10EF90000F010AD501F044F9012804D002287FF4BA
:10EFA0000CAF244B9AE7244B98E701F021F9F3E7E3
:10EFB00094F84630002B7FF400AF94F8483013F0FB
:10EFC0000F01B3D01A06204602D501F0D3F9ADE700
:10EFD00001F0C4F9AAE794F84630002B7FF4EDAEB7
:10EFE00094F8483013F00F01A0D01B06204602D53C
:10EFF00001F0A8F99AE701F097F997E7142384F84C
:10F00000343031462046BDE8F84001F031B963B1F3
:10F01000152384F83430302383F3118800212046EF
:10F02000E36BA26BFFF704FEFCE60B23E7E700BFF0
:10F03000900F01088E0F01088C0F010808B500F031
:10F04000D5F80B4B9A6C42F020029A649A6C9A6C39
:10F0500042F040029A649A6C9A6C42F080029A6480
:10F060009A6C9A6C42F480729A649B6C08BD00BFE3
:10F07000000C01407047162303604FF0FF307047CB
:10F0800000207047184670470020704710B50022D6
:10F09000044608460121FFF7FFF918B90C234FF089
:10F0A000FF30236010BD08B51346002158221846D2
:10F0B000F1F7F8FA4FF400524260002008BD012039
:10F0C0007047000008B50248FEF7A8FEF1F7E2FA23
:10F0D0008206010808B50248FEF7A0FEF1F7DAFA49
:10F0E0008706010801207047704700000148FFF7BC
:10F0F00001B900BF9C1200200148FFF705B900BF0D
:10F100009C1200200122090100F1604303F56143D4
:10F11000C9B283F8001300F01F039A4043099B0013
:10F1200003F1604303F56143C3F880211A6070471F
:10F13000012200F01F039A4043099B0003F1604342
:10F1400003F56143C3F88020C3F88021002300F158
:10F15000604000F5614080F800337047090100F11C
:10F160006040C9B200F56D400176704717498A6862
:10F17000022A12D0032A26D0154B1649012A18BF9D
:10F180000B46124A926902F07F02013252080132A4
:10F19000B3FBF2F3104A13607047104A0B68526FCA
:10F1A00049686FEA921201290CBF09490C4902F023
:10F1B000030203324A4303F01F0301335B080133A8
:10F1C000B2FBF3F3DDE7074BDBE700BF000C0140C8
:10F1D000006CDC0200127A00AC1200200004014036
:10F1E0000048E801001BB700FFF7C0BF13B50C20B3
:10F1F000032440F2BE71314B314A9C62D862C2F89E
:10F20000941000219962D9629C62D8628020C3F870
:10F210001C0CD3F81C0CC3F81C0C009101914FF48A
:10F220000141C3F8481C4FF6FC71A3F57443196300
:10F230000F2119600223136501234BF68031D3643B
:10F24000936D03F001030193009B01330093019B35
:10F2500013B9009B8B42F3D1019B03B9FEE7194B15
:10F2600019498024C3F800140021A3F5884399614B
:10F270001C62196A012019622021586019601968FE
:10F28000196019680143196054679067D16F0329A9
:10F29000FCD102229A6001220021DA60074A9162C1
:10F2A000D1629A6C42F400429A649A6CDA6C42F42D
:10F2B0000062DA64DB6C02B010BD00BF00000140E8
:10F2C000000401400050014013000003134B83422F
:10F2D00023D1134B02201A6C124942F480721A6433
:10F2E0001A6C42F002021A64D3F8882042F002023B
:10F2F000C3F88820D3F8882022F00202C3F88820BF
:10F3000001225A63DA670864DA6608225A615A6988
:10F310005A615A6942F001025A617047904D0020CB
:10F32000000C0140004C0140084B83420CD1084BBB
:10F330005A6902F008025A6100225A61DA66DA67F5
:10F340001A6C22F002021A64704700BF904D002030
:10F35000000C01400F4A936C43F4004343F0200338
:10F3600093644FF080436FF4C0521A634FF0707291
:10F37000DA624FF020721A6000225A609A60DA60F6
:10F380004FF44C325A62012203F5A0335A7007221F
:10F39000DA727047000C01400E4A6FF48051936C92
:10F3A00043F4004343F0200393644FF080436FF431
:10F3B000C0521A6300221A609A60DA6019634FF033
:10F3C000807119604FF4805159605A624FF0805239
:10F3D0009A617047000C014010B5074C6369DB0768
:10F3E00004D5064A13680BB150689847012363613E
:10F3F000BDE81040FFF70CB800180040F0490020AD
:10F4000010B5074C63699B0704D5064A93680BB196
:10F41000D068984702236361BDE81040FEF7F8BF4B
:10F4200000180040F049002010B5074C63695B07E5
:10F4300004D5064A13690BB15069984704236361E8
:10F44000BDE81040FEF7E4BF00180040F04900207E
:10F4500010B5074C63691B0704D5064A93690BB1C5
:10F46000D069984708236361BDE81040FEF7D0BF1C
:10F4700000180040F049002010B5074C6369DB0616
:10F4800004D5064A136A0BB1506A9847102363618A
:10F49000BDE81040FEF7BCBF00180040F049002056
:10F4A000164B10B55C69A30604D5154A936A0BB1D7
:10F4B000D06A9847600604D5114A136B0BB1506BA4
:10F4C0009847210604D50E4A936B0BB1D06B984731
:10F4D000E20504D50A4A136C0BB1506C9847A3059A
:10F4E00004D5074A936C0BB1D06C9847BDE8104027
:10F4F0004FF47872014B5A61FEF78ABF0018004042
:10F50000F04900201A4B10B55C69620504D5194A10
:10F51000136D0BB1506D9847230504D5154A936DB3
:10F520000BB1D06D9847E00404D5124A136E0BB1AD
:10F53000506E9847A10404D50E4A936E0BB1D06E5D
:10F540009847620404D50B4A136F0BB1506F98476C
:10F55000230404D5074A936F0BB1D06F9847BDE8D9
:10F5600010404FF47C42024B5A61FEF751BF00BF7E
:10F5700000180040F0490020062108B50846FFF7B2
:10F58000C1FD06210720FFF7BDFD06210820FFF77A
:10F59000B9FD06210920FFF7B5FD06210A20FFF776
:10F5A000B1FD06211020FFF7ADFDBDE808400621A2
:10F5B0002120FFF7A7BD08B50620FFF7B9FD0720FA
:10F5C000FFF7B6FD0820FFF7B3FD0920FFF7B0FDF8
:10F5D0000A20FFF7ADFD1020FFF7AAFDBDE80840A7
:10F5E0002120FFF7A5BD000000231946044A01337E
:10F5F000102B1160516002F10802F8D1704700BF72
:10F60000F0490020C9434FF05533016302F0030174
:10F610005943016042F380014160C2F3C101594383
:10F620008160C2F341115943C160C2F3C1214B4310
:10F63000C3624FF01133C2F3C3125A4302624262F3
:10F64000704700001A4B70B59C6C0F2644F4C064E0
:10F650009C649B6C012301F003048B4021F00301A7
:10F6600001F1804101F5A0518D68A400C0F3832011
:10F67000A04006FA04F425EA040528438860D8432C
:10F680000C4912F0010F8C6814BF1C4304408C60BD
:10F6900012F0020FCA6814BF1A430240CA60054A3A
:10F6A000536111680B43136053680340536070BD8E
:10F6B000000C0140001800404FF0E02340F2BF3240
:10F6C0005A6100229A61072208210B201A61FFF774
:10F6D00045BD08B5302383F31188FEF7ABFB00234B
:10F6E00083F3118808BD08B5FFF7F3FFBDE80840B4
:10F6F000FEF78EBE024A536843F002035360704720
:10F7000000380040024A536843F0020353607047D8
:10F71000008400402DE9F041D0F85461044673693B
:10F72000DA06DDB20AD5302383F311884FF4806105
:10F730000430FEF72BFE002383F31188302383F37C
:10F74000118804F1040815F00F0305F0010730D10A
:10F7500083F311887368980714D5A90612D530234E
:10F7600083F31188E018FFF78BF800283CDA0821B2
:10F77000201DFEF70BFE736823F002037360002365
:10F7800083F3118873689A0711D56B060FD5302360
:10F7900083F31188626CA36C9A4205D1A36B1BB1F1
:10F7A0001021201DFEF7F2FD002383F31188BDE830
:10F7B000F081C5F3400109026B0748BF41F0200109
:10F7C0002D0748BF41F04001404641EAC711FEF70E
:10F7D000DDFD33682FB194F8581120461940FFF72A
:10F7E000F0F87569EDB2AEE73060C8E708B50348D8
:10F7F000FFF790FFBDE80840FEF70ABECC4B0020A3
:10F8000008B50348FFF786FFBDE80840FEF700BED5
:10F81000704A002010B5094C00212046084AFFF725
:10F82000A3F8084B0021C4F85431074C074A20467E
:10F83000FFF79AF8064BC4F8543110BDCC4B0020AA
:10F84000F5F6000800380040704A002005F700086F
:10F850000084004038B5384B0446002914BF0D46DB
:10F860001D46037A012B35D1344B984217D1344BC6
:10F870000A219A6C1E2042F480429A649A6CD3F852
:10F88000902042F48042C3F89020D3F8902022F4D4
:10F890008042C3F89020D3F89030FFF733FC294B17
:10F8A0009C4217D1264B0821DA6C202042F0080236
:10F8B000DA64DA6CD3F8942042F00802C3F894209A
:10F8C000D3F8942022F00802C3F89420D3F894309F
:10F8D000FFF718FCD4F85431E9791A6902F05002A4
:10F8E0000A4329681A614A0802F1B76202F55842D0
:10F8F000B2FBF1F202F00F01C3F8C0108021D96011
:10F90000C2F3071119600021C2F307325A60D960AF
:10F9100068792A790243A8790243DA600122C3F8A0
:10F920009C10C3F898205A6842F005025A60FF23E1
:10F9300084F8583138BD00BF940F0108CC4B00202B
:10F94000000C0140704A002070B50446C5692E6B5A
:10F95000C26A6B6A9A4234BFC36A6B6A013B35D292
:10F96000E36A002B3ED1EB6263681B6833B104226B
:10F970002046227098472378042B01D1022323705C
:10F98000302383F31188002104F10800FEF738FCCE
:10F99000002383F31188F30717D5286A228E666A3D
:10F9A000E36A616AD31A3344121A934228BF13469A
:10F9B00099424FF6FF7138BF636A013B1BD2636AFD
:10F9C0001BB9EB6A23F00103EB6270BD296EE26A9A
:10F9D000013AE262A26A002AC0D01170A26A013222
:10F9E000A262BBE7E26AEB699A429EBFE36A03F157
:10F9F000FF33EB61CFE7626A013A6262226A0AB9B9
:10FA00002966DAE712F8010B28662262D5E70000C2
:10FA100008B50348FFF798FFBDE80840FEF7F8BCBB
:10FA2000284D002008B50348FFF78EFFBDE80840C9
:10FA3000FEF7EEBC5C4D002010B5064C2046FEF7EC
:10FA4000E9FF054BE361054C2046FEF7E3FF044B5D
:10FA5000E36110BD284D0020003000405C4D0020C7
:10FA60000090004010B503780446012B45D1344B7B
:10FA700098421FD1334B0A219A6C1A2042F48052CB
:10FA80009A649A6CD3F8902042F48052C3F8902084
:10FA9000D3F8902022F48052C3F89020D3F890300D
:10FAA000FFF730FB6268E369128A5A611A6942F013
:10FAB00001021A61244B9C421FD1224B0921DA6CAE
:10FAC0001B2042F01002DA64DA6CD3F8942042F082
:10FAD0001002C3F89420D3F8942022F01002C3F847
:10FAE0009420D3F89430FFF70DFB6268E369128A23
:10FAF0005A611A6942F001021A616168E269CB89B0
:10FB000089890B4343F007039BB21360238E4BB9E3
:10FB100001239361916999420DD10133B3F5807F3F
:10FB2000F7D1238600239361D361D36A23F0FF03C7
:10FB3000D362936C10BD012B08BF0023F1E700BF17
:10FB4000284D0020000C01405C4D002010B50378CA
:10FB50000446022B1FD10022C3699A60DA6A22F0A0
:10FB6000FF02DA629B6C0C4B984208D11A20FFF717
:10FB7000DFFA0A4B9A6C22F480529A649B6C084B11
:10FB80009C4208D11B20FFF7D3FA044BDA6C22F019
:10FB90001002DA64DB6C10BD284D0020000C01401F
:10FBA0005C4D002091B18362038E02625B088B4240
:10FBB00028BF0B46C2694162C1629361013BD361B8
:10FBC000D36A43F01103D36201239360704799B164
:10FBD00000238362038E02625B088B4228BF0B46C0
:10FBE000C2694162C1629361013BD361D36A43F050
:10FBF0001103D36201239360704799B1002303621C
:10FC0000038E82625B088B4228BF0B46C269416249
:10FC1000C1629361013BD361D36A43F01103D362A4
:10FC2000012393607047000000216022074B10B54C
:10FC300099735A7499735A74436804461B680BB1DC
:10FC400006219847062384F8343010BD0040014057
:10FC500090F8343010B5152B04460CD80122084911
:10FC60009A400A4208D1152B05D1036C03B198477D
:10FC7000002384F8343010BDBDE81040FFF7D4BF36
:10FC8000410E100090F8343010B5152B04460CD8F6
:10FC9000012208499A400A4208D1092B05D1036C78
:10FCA00003B19847002384F8343010BDBDE81040FC
:10FCB000FFF7BABF410C3000F8B5294C851C04EBA6
:10FCC00085035E68274AB36990730146107DC007BB
:10FCD00039D59868917392F817C0927D224F42EA05
:10FCE0000C2207EB810700EB020C60452CD19868D1
:10FCF000104498605868104458601868801A18605A
:10FD0000188A013880B21882738A934200D800BBE7
:10FD1000012263898A4023EA0203638104EB85039D
:10FD20005B68DB680BB10E489847302383F311887A
:10FD300004EB85046368986941680C30FEF760FA4B
:10FD4000002383F31188F8BD97F800E000F801EB79
:10FD5000CBE7044A137D03F0FE031375F3E700BFFE
:10FD6000904D00200040014020400140F8B5204C5B
:10FD7000861C04EB86035D6801466A69D2E90003CC
:10FD8000834218D3012223898A4023EA0203238174
:10FD9000AB680BB120469847302383F3118804EBFE
:10FDA00086046368002158690C30FEF729FA0023A5
:10FDB00083F3118817E00F4FB97317693B44536001
:10FDC000C31ADFD0288A984228BF1846936810616A
:10FDD0003B449360084A184402EB8102984203D1E5
:10FDE0000122044B5A74F8BD13F8011B1170F5E79A
:10FDF000904D002000400140204001402DE9F0419D
:10FE0000874B9B799E07DFB202D58648FEF7B2FF8B
:10FE10007D0702D58348FEF747FF3C0713D5814C89
:10FE20006368DB6823B97E4AD37A03F0F703D372A1
:10FE30002378052B02D17B48FEF79CFF6368DB68C3
:10FE40000BB178489847764B9A781D7902F0FF06F7
:10FE5000EDB252B9002D39D1FB0702D57148FEF73A
:10FE60005BFFBDE8F041FEF7D3BAF00729D50021CA
:10FE70006C4CE068997393F811C01CF0040F5FFAA2
:10FE80008CF21CBF597484F8341012F010010CD09D
:10FE90008021634B5974002384F83430D10710D586
:10FEA000436800215F4898470BE094F83430152BE5
:10FEB00074D006D8092B23D003D8002BEED0062B04
:10FEC000ECD0B20702D50120FFF750FF730702D52F
:10FED0000220FFF74BFF340702D50320FFF746FF50
:10FEE000A80702D50120FFF7E7FE690702D5022027
:10FEF000FFF7E2FE2A07AFD50320FFF7DDFEABE7F1
:10FF0000DFF81CC143699CF81120D1B212F0020243
:10FF1000D7D101F011011129D3D08CF80E205A68E5
:10FF2000D3F810E0D3F800800EEB02015960B8EB73
:10FF30000101028A16D08A4228BF0A4699681A61CE
:10FF4000714499608B18994207D1038A9A4234BF51
:10FF50000A2202228CF81120B3E711F8014B8CF829
:10FF60002040F0E7964504D10A228CF8112019614F
:10FF7000A7E7238923F00103238183680BB1294874
:10FF80009847302383F311880021E36858690C30C7
:10FF9000FEF736F9002383F3118892E7DFF880E05B
:10FFA00083699EF81120D2078BD59A688EF80E10BF
:10FFB0009EF816C05FFA8CF19444944527D19A6854
:10FFC0000A449A605A680A445A601A68521A1A60B7
:10FFD0001A8A013A92B21A82438A8B424FF0000188
:10FFE0000F4B997300D8BAB948225A74638923F029
:10FFF00001036381E368DB6813B100210948984776
:020000040801F1
:10000000302383F31188E36898694168BFE79EF85D
:10001000208002F8018BD0E740225A7451E700BFDC
:1000200000400140904D00200148FEF77BBD00BF1D
:10003000904D002010B50478012C0ED1074AC26003
:10004000FFF744F90022064B0D21DA72DC715A7277
:100050000E20BDE81040FFF755B810BD9C0F0108F9
:100060000040014010B503780446012B0CD00E204F
:10007000FFF75EF80022054B2046DA72DA715A72F9
:10008000BDE81040FFF750B910BD00BF004001406F
:1000900090F84E20014B1A70704700BF004001409D
:1000A00000EB8100334BC26801F00F0110B599736A
:1000B000106800F00300002955D002282AD0032838
:1000C00028D0012825D153690BB993690BB3E020DF
:1000D000284B9874108AC0F3C700187440205874D5
:1000E0000820587458740120DC7900FA01F1C9B273
:1000F00044EA0100D871C0205875528AC2F3C70281
:10010000DA7480221A7510221A751A755A7A0A43FF
:100110005A7210BD506980B100209874108A012471
:10012000C0F3C700187440205874082058745874DD
:10013000D8798C402043C0B2D8719369002BE8D0A5
:1001400000200C4B5875528A0120C2F3C702DA74A2
:1001500080221A7510221A751A755A7A00FA01F15E
:100160000A43D2B2D4E70028D3D1DA7942F00102AF
:10017000DA71CEE700400140002208B50B4BDA717E
:100180005A724268D2681AB1DA7A42F00802DA7218
:10019000074B0021C360FFF783FF0122034B5A7016
:1001A000DA7A42F00102DA7208BD00BF0040014075
:1001B0009C0F010870B50D4B0021DA79402602F042
:1001C0000102DA71082401228025102059729A73E5
:1001D0000132D2B2042A99745E745C745C745975ED
:1001E0001D7518751875F2D170BD00BF0040014033
:1001F0000A4B01F00F029A7339B95A7C50070AD49E
:10020000D87900F0010040007047197D890602D4BA
:10021000587A1041F5E70120704700BF00400140C7
:100220000A4B01F00F029A7339B95A7C50070AD46D
:10023000D87900F0010040007047597CC90602D40B
:10024000D8791041F5E70120704700BF0040014018
:10025000064B01F00F0103EB810302F1080118784E
:1002600002F8010B9142FAD1704700BF20400140D3
:100270004822044B01F00F0199735A74002380F84F
:10028000343070470040014000EB8100C06801F04D
:100290000F0281690B6873B1408A0344013BB3FBD1
:1002A000F0F39BB20B82064B9A7332B11A7D02F0C7
:1002B000FE021A7570470123F4E740225A74704712
:1002C0000040014000EB810311F00F0170B508BF41
:1002D0004025DB6808BF124C5A6908BFA1731B8A0E
:1002E00008BF65741468A34228BF23460D4C1361F0
:1002F000926804EB8104D518954205D1084A9173A0
:1003000031B10123537470BD12F8016B2670F3E70D
:10031000517CC168098A8B4234BF0A230223F1E76A
:100320000040014020400140054B01F00F0199734E
:1003300011B120221A75704760225A74704700BFAD
:1003400000400140044B01F00F01997311B11022DC
:100350005A7470476022FBE700400140044B01F0F3
:100360000F01997311B180221A7570475974704743
:1003700000400140044B01F00F01997311B140227C
:0C0380005A7470475974704700400140E7
:10038C00000000400100004002000040030000405B
:10039C00040000400D0800400C0400400D04004017
:1003AC000E04004006080040070800400808004002
:1003BC0009080040040800400508004000FF9600B2
:1003CC000020202020202020202028282828282019
:1003DC002020202020202020202020202020202011
:1003EC002088101010101010101010101010101079
:1003FC001004040404040404040404101010101069
:10040C001010414141414141010101010101010132
:10041C000101010101010101010101011010101084
:10042C001010424242424242020202020202020204
:10043C000202020202020202020202021010101058
:10044C002000000000000000000000000000000080
:10045C000000000000000000000000000000000090
:10046C000000000000000000000000000000000080
:10047C000000000000000000000000000000000070
:10048C000000000000000000000000000000000060
:10049C000000000000000000000000000000000050
:1004AC000000000000000000000000000000000040
:1004BC000000000000000000000000000000000030
:1004CC000036003700380039002D000102E12D0103
:1004DC0003E1002E006B61007461006B6F007361AF
:1004EC00007261007469006B75002C003B005C00AD
:1004FC007369007465006B65007365006861007456
:10050C006F006B69006E6E0068690073750068752A
:10051C00006865006D6500736F006E6500686F00A4
:10052C002F003F002B005D00010132000102E15D54
:10053C000103E1000102E10101320103E1000102CA
:10054C00E1380103E1000102E1390103E100280077
:10055C000102E10101870103E1000102E13B01031A
:10056C00E100786100726900787961007265007051
:10057C006100646900677500647500706900776FCD
:10058C00006E6100787975006D6F00626100646FB8
:10059C0000676900706F00787500726F00786900F1
:1005AC007075007A6F00706500626F00676100649F
:1005BC006100676F007A61006E69007275006D6191
:1005CC00007865005B007675007A690064650067E9
:1005DC0065007A65006D69006E6F0078796F007840
:1005EC0074750027006269007A7500627500626597
:1005FC00006E75006D7500776100786F001B1A191D
:10060C001817161D1E1F2000610D0A0045504F4D76
:10061C00414B455200322E344720446F6E676C6557
:10062C000053706C697436352D310053706C6974DD
:10063C0036352D320053706C697436352D330045C8
:10064C00504F4D414B45522053706C6974363520D8
:10065C004254340045504F4D414B45522053706C21
:10066C006974363520425435006330006D61696E13
:10067C000069646C650065786974006B696C6C006A
:10068C000000FF00FF55FFAAFF2BFFBFFF6A01010F
:10069C0003010101010102000008004001080040B3
:1006AC000208004003080040060000400A04004015
:1006BC000B040040FFFFFFFFFFFFFFFF4500500052
:1006CC004F004D0041004B0045005200000032002D
:1006DC002E0034004700200044006F006E006700BD
:1006EC006C0065000000000000080040010800409C
:1006FC000208004003080040060000400A040040C5
:10070C000B040040FFFFFFFFFFFFFFFF0000004056
:10071C0001000040020000400300004004000040C3
:10072C000D08004000000000000000000000000068
:10073C000000000000000000000000001E1F20212F
:10074C002223242526272D2E31141A0815171C18A0
:10075C000C12132F30041607090A0B0D0E0F33342D
:10076C001D1B06190511103637380000000000005B
:10077C0000000000000000000000000029001E0026
:10078C00707E200021002200717E000000002B00F2
:10079C0014001A00080015001700000000000000EB
:1007AC00837E04001600070009000A000000000008
:1007BC000000E1001D001B000600190005000000F0
:1007CC0000000000E000E300E200000000007C7E7E
:1007DC00000000000000000000000000000000000D
:1007EC000000000000000000727E737E747E757E37
:1007FC00767E777E00002A00A8001C0018000C00F2
:10080C00120013003000320089004C000B000D0068
:10081C000E000F00787E797E000028004B0011003E
:10082C0010003600370038000000E50052004E0082
:10083C0000002C0000004C002352E400500051003A
:10084C004F0000000000000000000000000000004D
:10085C00000000002900407E417E427E437E447EA3
:10086C00457E000000002B004D7E4E7E4F7E507E5C
:10087C00517E000000000000837E597E5A7E5B7E14
:10088C005C7E5D7E000000000000E100647E657E01
:10089C00667E677E687E000000000000E000E300DA
:1008AC00E200000000006E7E00000000000000006E
:1008BC00000000000000000000000000000000002C
:1008CC00467E477E487E497E4A7E4B7E00002A004B
:1008DC00A800527E537E547E557E567E577E587E9F
:1008EC004C7E4C005E7E5F7E607E617E627E637EAF
:1008FC00000028004B00697E6A7E6B7E6C7E6D7EEC
:10090C000000E50052004E0000006F7E00004C001D
:10091C002352E400500051004F0000000000000082
:10092C00000000000000000000000000007C3A0005
:10093C003B003C003D003E003F0000000000010079
:10094C0001000100010001002078000000000000FF
:10095C002252010001000100010001000000000012
:10096C000000E10001000100060119010100000076
:10097C0000000000010001000100000000007B7E6F
:10098C00000000000000000000000000000000005B
:10099C000000000000000000400041004200430045
:1009AC00440045000000827EA80050014E004B0020
:1009BC004F017D7E7E7E007C7F7E827E50005100CA
:1009CC0052004F00807E4C00000028004B000100BC
:1009DC00010001000100817E0000E50052004E0084
:1009EC0000007C7E0000010023524A0050005100A0
:1009FC004F0000000000000000000000000000009C
:100A0C000000000035003A003B003C003D003E0079
:100A1C003F00000000002178007E017E027E037EF4
:100A2C0001000000000000000100040001000100B2
:100A3C00010001000000000000000100010020780E
:100A4C00010001000100000000000000067E0B7098
:100A5C00010000000000077E000000000000000004
:100A6C00000000000000000000000000000000007A
:100A7C004000410042004300440045000000037C5C
:100A8C00010001000100010001000100247823781D
:100A9C0001004900010001000100010026782578C1
:100AAC00000001004A001370007C010001000100ED
:100ABC000000010027784D000000077E00000100B7
:100ACC00010001002A7828782978E200E900EA0080
:100ADC00B500B600B700CD008301CC008A019201AD
:100AEC0094012102230224022502260227022A0253
:100AFC00B300B4006F0070009F01CB019F02A002F5
:100B0C00E200E900EA00B500B600B700CD008301B1
:100B1C00CC008A01920194012102230224022502B5
:100B2C00260227022A02B300B4006F0070009F0156
:100B3C00CB019F02A0020000382000200031312997
:100B4C005A1B750AF5B600089DB60008D9B6000800
:100B5C0009B70008000101010101010101010202B4
:100B6C00020202020202020303030303030303044F
:100B7C00040404040404050505050506060606061A
:100B8C00070707070708080808090909090A0A0AD4
:100B9C000B0B0B0C0C0C0D0D0D0E0E0E0F0F0F1076
:100BAC001011111112121313141415151616171700
:100BBC00181819191A1A1B1B1C1D1D1E1E1F20206C
:100BCC00212222232424252626272829292A2B2CB6
:100BDC002D2D2E2F30313232333435363738393AD9
:100BEC003B3C3D3E3F404142434445464748494AD1
:100BFC004C4D4E4F50515354555658595A5B5D5E9F
:100C0C005F616264656668696B6C6D6F7072737539
:100C1C0077787A7B7D7E8082838587888A8C8E8F9D
:100C2C0091939596989A9C9EA0A2A3A5A7A9ABADCB
:100C3C00AFB1B3B5B7BABCBEC0C2C4C6C9CBCDCFB9
:100C4C00D1D4D6D8DBDDDFE2E4E7E9EBEEF0F3F567
:100C5C00F8FAFDFF00FF0100010000FFFF0000019A
:100C6C000001FF0000000000000400400F00000025
:100C7C000000000020000000000000000000000048
:100C8C002A2B2800000000000000000000000000DB
:100C9C0000000029000000002C1E342021222434E6
:100CAC002627252E362D3738271E1F2021222324B8
:100CBC0025263333362E37381F0405060708090A54
:100CCC000B0C0D0E0F101112131415161718191AF0
:100CDC001B1C1D2F3130232D350405060708090A6E
:100CEC000B0C0D0E0F101112131415161718191AD0
:100CFC001B1C1D2F3130354C000000000000000083
:100D0C0000000000000000000000000000000000D7
:100D1C000000000000000000000000007E0F00D466
:100D2C00FFFFFFC700000078C5D3000825D30008DB
:100D3C0005D2000800000000041222008C0D0108EE
:100D4C00780D0108540D01082203450050004F0096
:100D5C004D0041004B004500520020005300700034
:100D6C006C00690074003600350000001203450069
:100D7C0050004F004D0041004B0045005200000058
:100D8C000403090409023B00020100A0FA09040053
:100D9C000001030101000921110100012244000797
:100DAC00058103080001090401000103000000098A
:100DBC00211101000122B600070582032000011257
:100DCC00010002000000402D34C6E4330001020093
:100DDC000105010902A10185020901A100050919FA
:100DEC0001290815002501950875018102050109E5
:100DFC003009311581257F95027508810609381552
:100E0C0081257F950175088106050C0A380215812C
:100E1C00257F950175088106C0C005010980A101D7
:100E2C00850319012AB700150126B7009501751025
:100E3C008100C0050C0901A101850419012AA00239
:100E4C00150126A002950175108100C00501090647
:100E5C00A1018506050719E029E71500250195086C
:100E6C00750181020507190029EF1500250195F080
:100E7C007501810205081901290595057501910275
:100E8C00950175039101C005010906A1010507191A
:100E9C00E029E7150025019508750181029501757A
:100EAC000881010507190029FF150026FF0095068A
:100EBC0075088100050819012905150025019505FE
:100ECC0075019102950175039101C0003817010855
:100EDC00E44D0020E44D0020E44D002038170108BB
:100EEC00000000000000000000000000381701089E
:100EFC00000000000000000000000000381701088E
:100F0C00000000000000000000000000381701087D
:100F1C00000000000000000000000000381701086D
:100F2C00000000000000000000000000381701085D
:100F3C00000000000000000000000000381701084D
:100F4C000000000000000000000000007506010811
:100F5C00703D0020803E0020000000002FE90008BA
:100F6C001FE900084FE900083FE9000849E90008BB
:100F7C0039E9000829E9000819E9000859E90008CD
:100F8C0001000000000000000096000003000000BB
:100F9C00000000008DED000885FC000851FC0008E5
:100FAC0040004000883E0020883E002001000000E8
:100FBC00803E00205245454E54206D616C6C6F6331
:100FCC002073756363656564656400002E2E2F2E97
:100FDC002E2F2E2E2F2E2E2F2E2E2F2E2E2F6E65A9
:100FEC00776C69622F6C6962632F7374646C6962CD
:100FFC002F72616E642E63002C2066756E637469AB
:10100C006F6E3A2000000000617373657274696F33
:10101C006E2022257322206661696C65643A206615
:10102C00696C6520222573222C206C696E65202545
:10103C0064257325730A0000232D302B200000003B
:10104C00686C4C00656667454647000030313233AA
:10105C0034353637383941424344454600000000A8
:10106C003031323334353637383961626364656612
:04107C000000000070
:08108000C4F1FE7F0100000035
:10108800040C002000000000B012002018130020FB
:101098008013002000000000000000000000000095
:1010A8000000000000000000000000000000000038
:1010B8000000000000000000000000000000000028
:1010C8000000000000000000000000000000000018
:1010D8000000000003000000B01200200000FF0024
:1010E8006D360008F536000831370008C9380008A1
:1010F8001D390008010000006400000009480321B0
:1011080081620C21C162084890F81003074900F079
:101118000F000A68824200D008600020401C232883
:10112800FCDB70470000014000F0FF1F0404014091
:101138000748032181620C21C1620648016801F059
:101148000F01082901D90821016000BF00BF7047BD
:1011580000000140040401400E08020101010101E0
:10116800010100000100000001FFFFFFFFFFFFFF7A
:10117800FFFF1C1B1A19181716FFFF101112131462
:1011880015FFFFFF020F0E0D0C0BFFFFFF030607F5
:1011980008090AFFFFFF040105FFFF00FFFFFFFF2B
:1011A800FFFFFFFFFFFFFFFF1D1E1F202122FF2360
:1011B800FF2C2B2A2928272625242D2E2F303132A3
:1011C800FF33343C3B3A3938FF373635FF3DFF3E75
:1011D8003F4041424341401340052009300240242A
:1011E800401F302D303B30483056304F204120349E
:1011F800202620182003101510221030103E104C05
:101208001053004500370029001C000E0000006044
:10121800006E007C008A009800A500BA00D210BEBB
:1012280010AC109F1091108310751067105A105D44
:10123800206B20792086209420A220B820D220D2AA
:1012480030C130AE309B308D308030723064306BBE
:101258004086409440A240B040BF40D240040404BD
:101268000404040404040404040404040404040436
:101278000404040404040404040404040404040426
:101288000404040404040404040404040404040416
:101298000404040404040404040404040404040406
:1012A80004000000EB1F00200B200020B17F000885
:1012B8000008004001080040020800400308004000
:1012C800060000400A0400400B040040FFFFFFFF37
:1012D800FFFFFFFF00000040010000400200004047
:1012E80003000040040000400D0800400100000019
:1012F80000000000010000000000000000000000E5
:101308000C000200000000000C000E0000000000AD
:10131800000000000000000001001A0000000000AA
:101328000000000008001B00000000000000000092
:1013380000000000B9840008040024000000000038
:10134800000000000200280000000000000000006B
:1013580002002A00000000000000000001002C002C
:1013680000000000000000000C0030000000000039
:101378000000000004003C00000000009984000800
:1013880020004000000000000000000001003D00B7
:1013980000000000F985000800000000200060003F
:1013A8000000000000000000000000000000000035
:1013B8000300FF00FFFF3905280850011E0A140129
:1013C800CC4B002000C20100030000000096000082
:1013D8000300000001000000D5D5000801D6000870
:1013E8000BD6000815D600081FD60008000000001C
:1013F80000000000000000000000000000000000E5
:1014080000000000000000000000000000000000D4
:1014180000000000000000000000000000000000C4
:101428000000000003000000000000003DD8000894
:101438000000000020000000000000000000000084
:101448000200000000000000000000000000000092
:101458000000000000000000000000000000000084
:101468000000000000000000000000000000000074
:1014780000000000904D0020020000000400000061
:1014880020000000403C0020000000000000000098
:1014980028110020000000000000000000000000EB
:1014A8000000000000000000000000000000000034
:1014B8000000000000000000000000000000000024
:1014C8000000000000000000000000000300000011
:1014D800000000003DD800080000000008000000DF
:1014E80000000000000000000200000000000000F2
:1014F80000000000000000000000000000000000E4
:1015080000000000000000000000000000000000D3
:10151800000000000000000000000000904D0020C6
:10152800010000000400000008000000103C00203A
:101538000000000000000000BC100020D8100020AF
:10154800C9D90008A9D90008DFD90008C1DA0008FC
:10155800DDDA0008E9DA0008DC10002000000000ED
:101568000000000000000000000000000000000073
:101578000000000000000000000000000000000063
:101588000000000000000000000000000000000053
:101598000000000000000000000000000000000043
:1015A80000000000080000004411002025DA0008AF
:1015B800FDD9000841DA000839DB00085DDB0008C6
:1015C80075DB000800000000000000004C1200203D
:1015D80000120020B4110020000000006811002053
:1015E80000000000000000000000000000000000F3
:1015F80006000000000000000000000000000000DD
:1016080000000000000000000000000000000000D2
:1016180000000000000000000000000000000000C2
:1016280000000000000000000000000000000000B2
:10163800200000000000000000000000040000007E
:101648000000000000000000000000000000000092
:101658000000000000000000000000000000000082
:101668000000000000000000000000000000000072
:10167800000000000000000000000000030000005F
:10168800000000000000000003000000000000004F
:101698000000000000000000000000000000000042
:1016A8000000000000000000000000000000000032
:1016B8000000000000000000000000000000000022
:1016C800000000000000000003000000000000000F
:1016D8000000000002000000000000000000000000
:1016E80000000000000000000000000000000000F2
:1016F80000000000000000000000000000000000E2
:1017080000000000000000000000000000000000D1
:101718000000000006000000010000009C120020EC
:101728009C120020000000000000000000D8B8054E
:04000005080001B935
:00000001FF
